date,open,high,low,close,target,daily_return,sma_5,sma_20,ema_12,ema_26,rsi_14,volatility_5,momentum_5
2015-01-29,8901.5,8966.65,8861.25,8952.35,0,0.004268422646758641,8874.83,8503.2125,8707.159250816281,8541.640509088867,94.37952142459648,0.0034412836362617606,222.85000000000036
2015-01-30,8996.6,8996.6,8775.1,8808.9,0,-0.01602372561394505,8884.33,8529.4575,8722.811673767623,8561.437508415618,79.062292174684,0.010154243081333707,47.5
2015-02-02,8802.5,8840.8,8751.1,8797.4,0,-0.0013054978487665458,8876.689999999999,8549.554999999998,8734.286800880296,8578.916211495944,77.10237659963427,0.009290715142915186,-38.20000000000073
2015-02-03,8823.15,8837.3,8726.65,8756.55,0,-0.004643417373314862,8845.9,8568.4625,8737.711908437173,8592.074269903651,75.61207910807319,0.007725324767380752,-153.95000000000073
2015-02-04,8789.15,8792.85,8704.4,8723.7,0,-0.003751477465440023,8807.779999999999,8598.279999999999,8735.556230216069,8601.824323984862,74.69146051248,0.0074203954063532225,-190.59999999999854
2015-02-05,8733.1,8838.45,8683.65,8711.7,0,-0.001375563121152723,8759.65,8628.76,8731.886040952058,8609.963262948946,65.56485655004657,0.006105584380700686,-240.64999999999964
2015-02-06,8696.85,8726.2,8645.55,8661.05,0,-0.005814020225673677,8730.079999999998,8650.0825,8720.988188497895,8613.747465693468,60.08768925121598,0.001998748339979939,-147.85000000000036
2015-02-09,8584.4,8605.55,8516.35,8526.35,1,-0.015552386835314347,8675.87,8662.175,8691.04385180591,8607.273579345805,48.52896755875066,0.005461359189127952,-271.0499999999993
2015-02-10,8478.1,8646.25,8470.5,8565.55,1,0.004597512417388261,8637.67,8674.302500000002,8671.737105374232,8604.182943838709,40.99314356949919,0.0073636955572739405,-191.0
2015-02-11,8603.3,8651.95,8593.65,8627.4,1,0.007220785588782919,8618.41,8690.702500000001,8664.916012239735,8605.902725776581,43.19242565675422,0.009041339551549888,-96.30000000000109
2015-02-12,8676.95,8732.55,8599.25,8711.55,1,0.009753807636136091,8618.38,8712.4025,8672.09047189516,8613.72844979313,46.892725799414045,0.01053665902253285,-0.1500000000014552
2015-02-13,8741.5,8822.1,8729.65,8805.5,1,0.010784533177218725,8647.269999999999,8727.97,8692.615014680521,8627.933749808455,48.16887699233481,0.010841124751680238,144.45000000000073
2015-02-16,8831.4,8870.1,8793.4,8809.35,1,0.0004372267332917179,8703.869999999999,8742.747500000001,8710.57424319121,8641.371990563384,43.26430045947929,0.004178020698774145,283.0
2015-02-18,8811.55,8894.3,8808.9,8869.1,1,0.006782566250631339,8764.58,8758.6675,8734.962821161793,8658.240732003134,47.198810114030806,0.004033363225945988,303.5500000000011
2015-02-19,8883.05,8913.45,8794.45,8895.3,0,0.002954076512836634,8818.16,8768.6525,8759.630079444592,8675.80067778068,46.41172400779916,0.004407830731520292,267.89999999999964
2015-02-20,8895.5,8899.95,8816.3,8833.6,0,-0.006936247231684067,8842.57,8773.8575,8771.010067222347,8687.489516463593,51.73163208076282,0.006708473244043775,122.05000000000109
2015-02-23,8856.85,8869.0,8736.1,8754.95,1,-0.008903504799855022,8832.460000000001,8773.535,8768.539287649679,8692.486589318141,47.28006663676562,0.0066310711541331,-50.54999999999927
2015-02-24,8772.9,8800.5,8726.75,8762.1,1,0.0008166808491196775,8823.01,8769.859999999999,8767.548628011267,8697.643138257537,50.37166008169833,0.006655662981468533,-47.25
2015-02-25,8801.9,8840.65,8751.4,8767.25,0,0.0005877586423346237,8802.64,8762.697499999998,8767.502685240303,8702.799202090313,53.02872244245076,0.00526210896675614,-101.85000000000036
2015-02-26,8779.0,8786.05,8669.45,8683.85,1,-0.009512675012118943,8760.35,8751.175,8754.63304135718,8701.39555749103,48.23812235085718,0.005103580006650622,-211.4499999999989
2015-02-27,8729.5,8856.95,8717.45,8844.6,1,0.018511374563125793,8762.55,8745.7875,8768.474111917614,8712.003293973177,60.19212615914277,0.011324718750174472,11.0
2015-02-28,8913.05,8941.1,8751.35,8901.85,1,0.006472876105194203,8791.93,8750.435000000001,8788.993479314904,8726.066012938127,72.81287970838406,0.010236119254311012,146.89999999999964
2015-03-02,8953.85,8972.35,8885.45,8956.75,1,0.006167257367850398,8830.86,8758.4025,8814.80217480492,8743.153715683451,73.32180755931812,0.010181310664863078,194.64999999999964
2015-03-03,8962.85,9008.4,8925.55,8996.25,0,0.004410081781896391,8876.66,8770.3875,8842.717224834932,8761.901588595789,72.59141299687646,0.00996035631173078,229.0
2015-03-04,9109.15,9119.2,8893.95,8922.65,1,-0.008181186605530133,8924.42,8780.335000000001,8855.014574860328,8773.808878329433,63.09878381732446,0.009474274593763665,238.79999999999927
2015-03-05,8929.4,8957.55,8849.35,8937.75,0,0.0016923223481812855,8943.05,8791.6375,8867.743101804894,8785.952665119845,59.096223949377574,0.006059483312612249,93.14999999999964
2015-03-09,8891.15,8891.3,8740.45,8756.75,0,-0.02025118178512486,8914.03,8796.4225,8850.667239988756,8783.789504740596,47.091029753345836,0.011012985503975658,-145.10000000000036
2015-03-10,8769.75,8778.0,8677.35,8712.05,0,-0.005104633568390193,8865.09,8805.7075,8829.341510759717,8778.475467352404,41.167538383667875,0.009680919461522568,-244.70000000000073
2015-03-11,8728.75,8755.6,8682.35,8699.95,1,-0.0013888809178090877,8805.83,8812.4275,8809.435124488991,8772.658766067041,38.83650494313965,0.00847051500629727,-296.2999999999993
2015-03-12,8740.65,8787.2,8732.9,8776.0,0,0.00874142954844559,8776.5,8819.8575,8804.291259182992,8772.90626487689,46.761497807264114,0.01077223052537474,-146.64999999999964
2015-03-13,8844.05,8849.75,8631.75,8647.75,0,-0.014613719234275346,8718.5,8816.6675,8780.207988539454,8763.635430441565,44.2911918202151,0.011350071184670997,-290.0
2015-03-16,8656.75,8663.55,8612.0,8633.15,1,-0.0016883004249660383,8693.78,8808.05,8757.583682610308,8753.969843001449,43.186981560733294,0.008386096255116894,-123.60000000000036
2015-03-17,8689.1,8742.55,8630.8,8723.3,0,0.010442306689910419,8696.03,8803.747500000001,8752.309269901029,8751.69800277912,47.86929752266443,0.010041772581089414,11.25
2015-03-18,8742.9,8747.25,8664.0,8685.9,0,-0.004287368312450468,8693.22,8794.5875,8742.092459147025,8746.824076647334,50.10402395088036,0.010245143525437721,-14.050000000001091
2015-03-19,8749.45,8788.2,8614.65,8634.65,0,-0.005900367261884254,8664.95,8781.555,8725.562850047483,8738.514885784569,38.01450019980584,0.009043570327983277,-141.35000000000036
2015-03-20,8627.9,8627.9,8553.0,8570.9,0,-0.007383043898710473,8649.579999999998,8768.42,8701.768565424793,8726.098968319046,31.246104153680434,0.007142307530701783,-76.85000000000036
2015-03-23,8591.55,8608.35,8540.55,8550.9,0,-0.002333477231095893,8633.13,8758.217499999999,8678.558016897901,8713.12126696208,26.054634491710374,0.0071464393837392375,-82.25
2015-03-24,8537.05,8627.75,8535.85,8542.95,0,-0.0009297266954354511,8597.060000000001,8747.26,8657.695245067454,8700.51598792785,22.220860399558745,0.002607859895560358,-180.34999999999854
2015-03-25,8568.9,8573.75,8516.55,8530.8,0,-0.0014222253437046195,8566.039999999999,8735.4375,8638.172899672461,8687.944433266528,24.030750878123072,0.0028757633071149428,-155.10000000000036
2015-03-26,8474.95,8499.45,8325.35,8342.15,0,-0.022113986964880206,8507.539999999999,8718.352499999999,8592.630915107467,8662.33003080234,17.909482758620612,0.008918826620940287,-292.5
2015-03-27,8396.0,8413.2,8269.15,8341.4,1,-8.990488063631563e-05,8461.640000000001,8693.192500000001,8553.980005090934,8638.557435928094,22.22668004012027,0.009390974616643469,-229.5
2015-03-30,8390.95,8504.55,8380.75,8492.3,0,0.018090488407221716,8449.92,8672.715,8544.490773538484,8627.723551785271,37.1333216230458,0.014237531611456031,-58.600000000000364
2015-03-31,8527.6,8550.45,8454.15,8491.0,1,-0.00015307984880408299,8439.529999999999,8649.4275,8536.261423763332,8617.59588128266,37.60896637608959,0.01424672023987826,-51.95000000000073
2015-04-01,8483.7,8603.4,8464.75,8586.25,1,0.011217759981156483,8450.619999999999,8628.9275,8543.951973953588,8615.27396415061,38.998086623760635,0.015268429815159069,55.45000000000073
2015-04-06,8615.8,8667.55,8573.75,8659.9,1,0.008577667782792231,8514.17,8615.789999999999,8561.790131806882,8618.579596435751,50.75208913649023,0.0077992588305063615,317.75
2015-04-07,8684.45,8693.6,8586.85,8660.3,1,4.6189909814087216e-05,8577.95,8601.9175,8576.945496144284,8621.66999669977,51.71066725474133,0.007766191098861369,318.89999999999964
2015-04-08,8698.95,8730.5,8679.8,8714.4,1,0.006246896758772769,8622.369999999999,8599.8,8598.092342891317,8628.53888583312,49.412541254125436,0.005097412486743376,222.10000000000036
2015-04-09,8756.2,8785.5,8682.45,8778.3,1,0.007332690718810264,8679.83,8603.1125,8625.816597831115,8639.632301697333,55.892857142857125,0.004147690279944351,287.2999999999993
2015-04-10,8774.35,8787.4,8733.6,8780.35,1,0.00023353041021612064,8718.65,8607.1325,8649.59096739556,8650.055834904939,59.91426238432232,0.004054058220029839,194.10000000000036
2015-04-13,8801.75,8841.65,8762.1,8834.0,0,0.0061102347856292205,8753.47,8610.0325,8677.961587796242,8663.681328615683,68.15233889885475,0.0035506050608129845,174.10000000000036
2015-04-15,8844.75,8844.8,8722.4,8750.2,0,-0.009486076522526532,8771.45,8615.155,8689.075189673744,8670.090119088596,62.63792010145856,0.007042369611531574,89.90000000000146
2015-04-16,8757.05,8760.0,8645.65,8706.7,0,-0.0049713149413728175,8769.91,8618.8325,8691.786698954707,8672.80196211907,59.93568351434987,0.0071717415377449785,-7.699999999998909
2015-04-17,8698.05,8699.85,8596.7,8606.0,0,-0.011565805643929505,8735.45,8612.967499999999,8678.588745269368,8667.85366862877,54.12009642778878,0.0072180499053246345,-172.29999999999927
2015-04-20,8618.8,8619.95,8422.75,8448.1,0,-0.018347664420171883,8669.0,8601.0775,8643.12893830485,8651.575619100713,56.00725747009133,0.009078327589617451,-332.25
2015-04-21,8416.1,8469.35,8352.7,8377.75,1,-0.008327316201276025,8577.75,8588.2325,8602.301409334874,8631.292239908067,51.91024226181094,0.004975662715274346,-456.25
2015-04-22,8400.4,8449.95,8284.7,8429.7,0,0.006200948942138407,8513.650000000001,8581.1725,8575.747346360278,8616.35948139636,46.32844574780067,0.009068482599405696,-320.5
2015-04-23,8478.2,8504.95,8361.85,8398.3,0,-0.0037249249676739593,8451.97,8573.5425,8548.447754612544,8600.206927218851,44.74847042828005,0.009168588146998615,-308.40000000000146
2015-04-24,8405.7,8413.3,8273.35,8305.25,0,-0.011079623257087667,8391.82,8561.6575,8511.032715441383,8578.358265943381,34.0413448432531,0.009112494582968157,-300.75
2015-04-27,8330.55,8334.45,8202.35,8213.8,1,-0.01101110743204603,8344.960000000001,8545.807499999999,8465.304605373478,8551.353949947576,25.167000668002714,0.007237441509018537,-234.3000000000011
2015-04-28,8215.55,8308.0,8185.15,8285.6,0,0.008741386447198796,8326.53,8542.98,8437.657743008327,8531.668472173682,30.67759900990113,0.00934204729286279,-92.14999999999964
2015-04-29,8274.8,8308.2,8219.2,8239.75,0,-0.00553369701651063,8288.539999999999,8537.8975,8407.210397930123,8510.044881642298,25.313361418838213,0.008103814174933248,-189.95000000000073
2015-04-30,8224.5,8229.4,8144.75,8181.5,1,-0.007069389241178392,8245.18,8522.3575,8372.485721325489,8485.708223742868,18.776812807366497,0.008159453299158497,-216.79999999999927
2015-05-04,8230.05,8346.0,8220.45,8331.95,0,0.018389048462995827,8250.52,8514.405,8366.249456506182,8474.318725687841,29.693868309030066,0.012388893248828518,26.700000000000728
2015-05-05,8338.4,8355.65,8280.6,8324.8,0,-0.0008581424516471703,8272.72,8501.3325,8359.872617043693,8463.24326452578,25.92662632375199,0.010706703229081647,111.0
2015-05-06,8316.6,8331.95,8083.0,8097.0,0,-0.027364020757255303,8235.0,8473.1875,8319.430675960048,8436.114133820167,22.81957390146482,0.01633710950309376,-188.60000000000036
2015-05-07,8077.0,8122.6,7997.15,8057.3,1,-0.004903050512535478,8198.51,8443.0375,8279.102879658501,8408.053827611266,22.891968609116816,0.016329443277480458,-182.44999999999982
2015-05-08,8131.5,8224.95,8123.45,8191.5,1,0.016655703523512866,8200.51,8416.8925,8265.625513557194,8392.012803343765,33.16819621538218,0.01863061044763863,10.0
2015-05-11,8243.2,8332.75,8224.65,8325.25,0,0.01632790087285607,8199.17,8394.240000000002,8274.798511471472,8387.067410503485,44.91156857060018,0.01814920618743473,-6.700000000000728
2015-05-12,8326.15,8326.65,8115.3,8126.95,1,-0.023819104531395463,8159.6,8361.57,8252.052586629707,8367.799454169894,40.607445135195896,0.021079885689227265,-197.84999999999945
2015-05-13,8181.55,8254.95,8089.8,8235.45,0,0.013350641999766433,8187.289999999999,8331.6425,8249.498342532828,8357.99579089805,43.02087450149106,0.01768901453748371,138.45000000000073
2015-05-14,8232.45,8236.25,8137.3,8224.2,1,-0.0013660455712802833,8220.67,8305.342499999999,8245.60628983547,8348.08499157227,43.652934742982204,0.017335018134957726,166.90000000000055
2015-05-15,8240.3,8279.2,8212.2,8262.35,1,0.004638749057659153,8234.84,8283.125,8248.182245245398,8341.734251455806,48.37080358499166,0.015960064221738984,70.85000000000036
2015-05-18,8284.95,8384.6,8271.95,8373.65,0,0.013470743795651163,8244.52,8271.507500000002,8267.484976746106,8344.098380977599,55.98039582475962,0.015350564382871567,48.399999999999636
2015-05-19,8356.2,8427.8,8335.0,8365.65,1,-0.0009553778818077729,8292.26,8267.385,8282.587288015935,8345.69479720148,53.14501237575136,0.007317521780347342,238.69999999999982
2015-05-20,8392.65,8440.35,8391.45,8423.25,0,0.00688529881121025,8329.820000000002,8269.66,8304.227705244253,8351.439627038408,57.14341326689504,0.006130839525246182,187.79999999999927
2015-05-21,8434.5,8446.35,8382.5,8421.0,1,-0.00026711779894939003,8369.18,8269.225,8322.192673668214,8356.592247257786,59.748453272549646,0.00588102793938469,196.79999999999927
2015-05-22,8432.5,8489.55,8420.6,8458.95,0,0.0045065906661918564,8408.5,8272.2575,8343.232262334643,8364.174303016469,55.69047405681513,0.005881974908552392,196.60000000000036
2015-05-25,8438.15,8441.95,8364.15,8370.25,0,-0.010485935015575265,8407.82,8275.5075,8347.388837360082,8364.624354644879,51.89778278842543,0.006682731317545897,-3.399999999999636
2015-05-26,8377.1,8378.9,8320.05,8339.35,0,-0.0036916460081837243,8402.560000000001,8281.785,8346.152093150838,8362.75218022674,62.11083903852882,0.006883080805344811,-26.299999999999272
2015-05-27,8302.75,8342.85,8277.95,8334.6,0,-0.0005695887569174829,8384.83,8284.235,8344.37484805071,8360.666833543277,64.3589478044739,0.0055273385824196174,-88.64999999999964
2015-05-28,8345.7,8364.5,8270.15,8319.0,1,-0.001871715499244142,8364.43,8288.1975,8340.471025273677,8357.58040142896,57.52656434474615,0.005440097814685385,-102.0
2015-05-29,8327.1,8443.9,8305.7,8433.65,0,0.013781704531794725,8359.37,8300.805,8354.806252154649,8363.215186508298,56.54668438217173,0.008884484995554156,-25.30000000000109
2015-06-01,8417.25,8467.15,8405.4,8433.4,0,-2.9643155691760903e-05,8372.0,8305.877499999999,8366.897597977011,8368.414061581758,74.32722076684918,0.006996107635742271,63.149999999999636
2015-06-02,8442.8,8445.35,8226.05,8236.45,0,-0.023353570327507178,8351.42,8301.460000000001,8346.82873674978,8358.638945909035,50.06960879855214,0.013324295345644431,-102.89999999999964
2015-06-03,8232.45,8236.7,8094.15,8135.1,0,-0.012305058611416397,8311.52,8303.365000000002,8314.25508494212,8342.08050547133,44.489114299851536,0.013938812205715044,-199.5
2015-06-04,8155.15,8160.05,8056.75,8130.65,0,-0.0005470123292892204,8273.85,8307.0325,8286.00814879718,8326.418986547527,41.49993545888727,0.014019687456258697,-188.35000000000036
2015-06-05,8119.15,8191.0,8100.15,8114.7,0,-0.001961712778191127,8210.060000000001,8303.192500000001,8259.653048982229,8310.736098655118,30.941340987708884,0.010113728462466593,-318.9499999999998
2015-06-08,8124.35,8131.0,8030.55,8044.15,0,-0.008694098364696146,8132.210000000001,8289.1375,8226.498733754193,8290.98898023622,28.332659388057735,0.009183401547686213,-389.25
2015-06-09,8026.5,8057.15,8005.15,8022.4,1,-0.0027038282478570874,8089.4,8283.91,8195.098928561241,8271.093500218722,21.613200198286265,0.005026163766031189,-214.0500000000011
2015-06-10,8024.15,8152.25,8023.8,8124.45,0,0.012720632229756612,8087.2699999999995,8278.36,8184.229862628743,8260.231018721039,31.60017372960229,0.007883189851828605,-10.650000000000546
2015-06-11,8157.3,8163.05,7958.25,7965.35,1,-0.019582864070798567,8054.209999999999,8265.4175,8150.556037608936,8238.387980297259,23.376483279395885,0.011728859545051118,-165.29999999999927
2015-06-12,7959.85,7995.6,7940.3,7982.9,1,0.002203293012861929,8027.85,8251.445000000002,8124.762801053715,8219.462944719684,27.370450429397607,0.012057062221507167,-131.80000000000018
2015-06-15,7986.6,8057.7,7944.85,8013.9,1,0.003883300554936131,8021.8,8233.4575,8107.706985506989,8204.236059925634,30.988959635492662,0.011938665362805495,-30.25
2015-06-16,8004.2,8061.85,7952.35,8047.3,1,0.0041677585195722955,8026.780000000001,8217.539999999999,8098.413603121299,8192.61116659781,33.76102193081617,0.012044775713612796,24.900000000000546
2015-06-17,8084.2,8136.85,8048.95,8091.55,1,0.005498738707392592,8020.2,8200.954999999998,8097.357664179561,8185.125154257231,37.54722146181221,0.010584139009578723,-32.899999999999636
2015-06-18,8113.7,8186.9,8101.8,8174.6,1,0.010263793710722835,8062.05,8188.634999999999,8109.241100459628,8184.3455132011395,35.308796007485995,0.0030622976346223445,209.25
2015-06-19,8201.15,8250.8,8195.65,8224.95,1,0.006159322780319609,8110.460000000001,8176.935,8127.042469619685,8187.353252964018,38.814059565334105,0.002563881924709382,242.0500000000011
2015-06-22,8259.3,8369.45,8257.4,8353.1,1,0.015580641827609876,8178.3,8176.077500000001,8161.820551216657,8199.630789781499,56.75879251405062,0.004646595990909374,339.2000000000007
2015-06-23,8377.45,8398.45,8334.95,8381.55,0,0.003405921155020142,8245.15,8178.1875,8195.62508179871,8213.106286834722,65.59711410670205,0.004826380861466388,334.2499999999991
2015-06-24,8399.4,8421.35,8338.9,8360.85,1,-0.002469710256456037,8299.01,8179.5,8221.044299983523,8224.050265587706,64.27508371573865,0.006832469748698643,269.3000000000002
2015-06-25,8336.25,8423.15,8329.5,8398.0,0,0.004443328130512958,8343.69,8183.45,8248.268253832211,8236.935431099728,67.11782477341396,0.006539172231815229,223.39999999999964
2015-06-26,8393.95,8408.55,8339.7,8381.1,0,-0.002012383900928727,8374.92,8180.8225,8268.703907088795,8247.614288055303,71.77101505459729,0.0072877503279496466,156.14999999999964
2015-06-29,8247.05,8329.45,8195.65,8318.4,1,-0.007481118230303951,8367.98,8175.0725,8276.349459844365,8252.85767412528,68.16396661757491,0.004849608566672908,-34.70000000000073
2015-06-30,8316.35,8378.0,8298.95,8368.5,1,0.006022792844777802,8365.37,8181.675,8290.526466022155,8261.423772338223,65.99593629153837,0.005515551415734569,-13.049999999999272
2015-07-01,8376.25,8481.6,8370.15,8453.05,0,0.010103363804743859,8383.81,8197.572499999998,8315.530086634131,8275.618307720577,85.427865756211,0.0069565885912333736,92.19999999999891
2015-07-02,8471.95,8479.25,8433.2,8444.9,1,-0.0009641490349636683,8393.189999999999,8213.285,8335.43315022888,8288.157692333867,84.02562969509512,0.006943918296634499,46.899999999999636
2015-07-03,8440.1,8497.75,8424.15,8484.9,1,0.004736586578881985,8413.95,8231.795,8358.428050193668,8302.731196605433,84.23462712603586,0.006834566879469301,103.79999999999927
2015-07-06,8386.15,8533.15,8386.15,8522.15,0,0.004390151916934704,8454.7,8255.695,8383.616042471565,8318.984441301327,84.32237079869904,0.003968678178370544,203.75
2015-07-07,8525.5,8561.35,8483.85,8510.8,0,-0.0013318235421813096,8483.16,8280.115,8403.182805168248,8333.193001204932,81.81680200349098,0.004720620559186439,142.29999999999927
2015-07-08,8439.2,8457.5,8341.4,8363.05,0,-0.01736029515439208,8465.16,8292.045,8397.008527450056,8335.404630745308,63.02259691797385,0.008994688352641394,-90.0
2015-07-09,8364.85,8400.3,8323.0,8328.55,1,-0.0041252892186463,8441.89,8310.205,8386.476446303894,8334.89688031973,57.31948565776452,0.009005462416990753,-116.35000000000036
2015-07-10,8365.7,8377.1,8315.4,8360.55,1,0.0038422054259144023,8417.019999999999,8329.0875,8382.48776225714,8336.797111407157,50.609108004251404,0.008826987726307977,-124.35000000000036
2015-07-13,8397.25,8471.65,8355.4,8459.65,0,0.011853287164121928,8404.52,8351.375,8394.358875756041,8345.897325376998,55.724127821753186,0.010785293650184543,-62.5
2015-07-14,8470.6,8480.25,8424.1,8454.1,1,-0.0006560555105706856,8393.179999999998,8371.715,8403.54981794742,8353.912338312035,56.98973090472979,0.01079097613705562,-56.69999999999891
2015-07-15,8463.4,8531.4,8462.95,8523.8,1,0.008244520410215062,8425.329999999998,8393.327500000001,8422.04984595551,8366.496609548181,58.99085191538018,0.0064666950970151205,160.75
2015-07-16,8546.15,8616.1,8542.9,8608.05,1,0.009884089255965733,8481.23,8415.0,8450.665254270047,8384.389453285352,64.7956190103657,0.005033310048891434,279.5
2015-07-17,8623.65,8642.95,8593.15,8609.85,0,0.0002091065920855062,8531.09,8434.244999999999,8475.155215151577,8401.090234523474,70.63947312513285,0.005748461937304098,249.3000000000011
2015-07-20,8623.9,8624.1,8559.0,8603.45,0,-0.000743334669012774,8559.85,8446.7625,8494.892874359026,8416.079846780995,67.73609119045831,0.005227634263573541,143.8000000000011
2015-07-21,8601.5,8646.75,8517.9,8529.45,1,-0.008601200681122134,8574.92,8454.1575,8500.209355226867,8424.477635908328,55.86069346425296,0.007484463938703621,75.35000000000036
2015-07-22,8512.25,8643.9,8498.65,8633.5,0,0.01219891083246849,8596.86,8467.789999999999,8520.715608268887,8439.960773989193,62.61201016450452,0.008478762445093022,109.70000000000073
2015-07-23,8643.95,8654.75,8573.8,8589.8,0,-0.005061678345977927,8593.21,8477.380000000001,8531.34397622752,8451.05997591592,56.980303433590606,0.007877378698886295,-18.25
2015-07-24,8588.15,8589.15,8513.5,8521.55,0,-0.00794547020885239,8575.55,8484.4025,8529.837210654056,8456.281459181408,49.961656441717764,0.008536421226005498,-88.30000000000109
2015-07-27,8492.1,8492.2,8351.55,8361.0,0,-0.018840469163473705,8527.060000000001,8486.5325,8503.862255168817,8449.223573316118,41.96006869901248,0.011257186437614293,-242.45000000000073
2015-07-28,8371.1,8397.4,8321.75,8337.0,1,-0.002870470039468942,8488.57,8484.9575,8478.191138989,8440.910716033442,48.38769573559452,0.011173011240094127,-192.45000000000073
2015-07-29,8365.6,8381.5,8338.45,8375.05,1,0.004563991843588688,8436.88,8481.057499999999,8462.32327145223,8436.03214447541,52.86541779640129,0.00852833633443789,-258.4500000000007
2015-07-30,8417.0,8458.9,8408.3,8421.8,1,0.005582056226530074,8403.28,8479.9025,8456.08892199804,8434.977911551307,53.70695394298858,0.010027361401622376,-168.0
2015-07-31,8456.1,8548.95,8448.0,8532.85,1,0.013186017240969905,8405.539999999999,8482.3,8467.898318613727,8442.22769588084,54.36702064192822,0.012129897882084914,11.300000000001091
2015-08-03,8510.65,8563.95,8508.1,8543.05,0,0.0011953802070818753,8441.95,8483.345,8479.460115750077,8449.696014704481,55.27736576683471,0.005952395287898769,182.04999999999927
2015-08-04,8564.1,8565.15,8448.25,8516.9,1,-0.003060967687184224,8477.929999999998,8483.65,8485.220097942372,8454.674087689335,49.56831831831835,0.006010344143047594,179.89999999999964
2015-08-05,8547.45,8591.85,8545.85,8567.95,1,0.00599396494029536,8516.51,8493.895,8497.947775182007,8463.064896008644,47.38250652741524,0.006060259526319948,192.90000000000146
2015-08-06,8585.8,8606.3,8551.5,8588.65,0,0.0024159804854135825,8549.88,8506.9,8511.901963615544,8472.3674963043,48.64950949165494,0.006094598922640413,166.85000000000036
2015-08-07,8580.8,8595.95,8552.7,8564.6,0,-0.0028002072502663067,8556.23,8517.1025,8520.009353828538,8479.199533615092,47.57959005669425,0.0037947484169381543,31.75
2015-08-10,8577.0,8621.55,8497.8,8525.6,0,-0.0045536277234196065,8552.740000000002,8520.4,8520.869453239533,8482.636605199159,49.749202006383925,0.004441477686948311,-17.44999999999891
2015-08-11,8548.45,8556.25,8441.3,8462.35,0,-0.007418832692127286,8541.83,8520.8125,8511.866460433452,8481.133893702925,38.2249742002064,0.005414875232915384,-54.54999999999927
2015-08-12,8445.7,8446.95,8337.95,8349.45,1,-0.01334144770660628,8498.130000000001,8512.095,8486.879312674459,8471.379531206412,34.90168980463601,0.005817390434756278,-218.5
2015-08-13,8384.45,8429.5,8339.75,8355.85,1,0.0007665175550484182,8451.57,8499.485,8466.720956878387,8462.821788154086,38.71407165236346,0.005306112498710514,-232.79999999999927
2015-08-14,8402.35,8530.1,8381.2,8518.55,0,0.019471388308789583,8442.36,8494.92,8474.694655820174,8466.949803846375,60.69949066213922,0.012533337373919633,-46.05000000000109
2015-08-17,8530.5,8530.6,8428.05,8477.3,0,-0.004842373408620038,8432.7,8488.6125,8475.095478001685,8467.71648504294,59.30988719309887,0.01255436471296707,-48.30000000000109
2015-08-18,8505.85,8525.75,8433.6,8466.55,1,-0.0012680924350914058,8433.539999999999,8485.4675,8473.78078907835,8467.630078743463,56.299917378132776,0.012069070185924005,4.199999999998909
2015-08-19,8468.05,8520.45,8425.95,8495.15,0,0.003377999303139978,8462.679999999998,8478.55,8477.068359989373,8469.668591429132,55.17971894640214,0.009419420743843703,145.6999999999989
2015-08-20,8471.05,8501.35,8359.75,8372.75,0,-0.014408221161486212,8466.06,8467.697499999998,8461.01938152947,8462.489436508456,38.87267167083672,0.012471095426934068,16.899999999999636
2015-08-21,8305.4,8322.2,8225.05,8299.95,0,-0.008694873249529667,8422.34,8456.6175,8436.239476678782,8450.44947824857,34.456521739130466,0.006822205176325128,-218.59999999999854
2015-08-24,8055.95,8060.05,7769.4,7809.0,1,-0.05915095874071541,8288.68,8429.0175,8339.741095651278,8402.93470208201,21.611324991979416,0.025052124055743186,-668.2999999999993
2015-08-25,7895.4,7925.4,7667.25,7880.7,0,0.009181713407606651,8171.51,8406.2025,8269.119388628003,8364.250650075934,22.888476862992505,0.02695500000139198,-585.8499999999995
2015-08-26,7865.25,7930.05,7777.1,7791.85,1,-0.01127437917951446,8030.85,8377.0425,8195.69332883908,8321.85060192216,20.17070979335125,0.02535042044106823,-703.2999999999993
2015-08-27,7921.6,7963.6,7862.3,7948.95,1,0.020162092442744584,7946.090000000001,8353.4,8157.73281670999,8294.228335113112,29.04027508255875,0.030400756956527705,-423.8000000000002
2015-08-28,8053.7,8091.8,7961.65,8001.95,0,0.006667547286119513,7886.49,8326.855,8133.766229523838,8272.578088067696,32.34074124034662,0.03132232867968059,-298.0000000000009
2015-08-31,8009.25,8043.6,7947.95,7971.3,0,-0.0038303163603871093,7918.95,8298.2675,8108.771424981709,8250.261192655274,33.06782524740521,0.012141203631785466,162.30000000000018
2015-09-01,7907.95,7929.1,7746.5,7785.85,0,-0.023264712154855482,7899.9800000000005,8261.715,8059.0912057537535,8215.860363569698,31.492184421384422,0.016638529761471458,-94.84999999999945
2015-09-02,7856.65,7862.55,7699.25,7717.0,1,-0.00884296512262639,7885.01,8219.1675,8006.461789483946,8178.907744046017,29.847638875745204,0.01634388206275514,-74.85000000000036
2015-09-03,7774.45,7845.6,7754.05,7823.0,0,0.013735907736166952,7859.8200000000015,8180.885,7978.236898794108,8152.544207450016,27.24506821081559,0.014308940888289405,-125.94999999999982
2015-09-04,7803.4,7804.9,7626.85,7655.05,0,-0.021468746005368744,7790.4400000000005,8135.407499999999,7928.5158374411685,8115.692784675941,25.15936074438838,0.015018905517025175,-346.89999999999964
2015-09-07,7685.85,7705.05,7545.9,7558.8,1,-0.012573399259312446,7707.94,8087.067499999999,7871.636477834834,8074.441467292538,23.923472465599957,0.01481277958439797,-412.5
2015-09-08,7587.7,7720.9,7539.5,7688.25,1,0.0171257342435307,7688.42,8048.3625,7843.423173552552,8045.834691937535,28.090040186814363,0.016957657800709635,-97.60000000000036
2015-09-09,7805.85,7846.05,7764.55,7818.6,0,0.016954443468929936,7708.74,8021.82,7839.604223775236,8029.002492534755,35.01770892475734,0.018374385883592137,101.60000000000036
2015-09-10,7729.05,7819.85,7678.5,7788.1,1,-0.0039009541350113475,7701.76,7993.4325,7831.680497040585,8011.1578634581065,35.83741457070914,0.017406711069795897,-34.899999999999636
2015-09-11,7833.8,7864.85,7759.9,7789.3,1,0.00015408122648663536,7728.610000000001,7956.969999999999,7825.160420572803,7994.723947646396,49.25225840734837,0.013143369344010376,134.25
2015-09-14,7811.1,7879.95,7761.85,7872.25,0,0.010649223935398577,7791.3,7926.717499999999,7832.40497125391,7985.651803376292,49.681984118023415,0.009662783617586447,313.4499999999998
2015-09-15,7867.35,7880.0,7799.75,7829.1,1,-0.005481279176855369,7819.469999999999,7894.844999999999,7831.896514137924,7974.055373496567,51.45184550025334,0.009728987829194648,140.85000000000036
2015-09-16,7886.85,7913.9,7853.3,7899.15,1,0.008947388588726568,7835.58,7865.045,7842.243204270551,7968.506827311636,47.9177119919719,0.007369639479181143,80.54999999999927
2015-09-18,7967.45,8055.0,7955.85,7981.9,0,0.010475810688491904,7874.340000000001,7845.5025000000005,7863.728865152005,7969.49891417744,49.181999918403974,0.007259601751269868,193.79999999999927
2015-09-21,7911.5,7987.9,7908.35,7977.1,0,-0.0006013605783082854,7911.9,7829.359999999999,7881.170578205542,7970.061957571704,50.24172709844129,0.007391015770138285,187.80000000000018
2015-09-22,8014.8,8021.6,7787.75,7812.0,1,-0.02069674443093361,7899.85,7829.509999999999,7870.528950789305,7958.353664418244,51.10866155085427,0.012626727276448407,-60.25
2015-09-23,7737.35,7882.9,7723.25,7845.95,1,0.004345878136200687,7903.219999999999,7827.772500000001,7866.747573744797,7950.02746705393,55.633710515968374,0.012611311912065154,16.849999999999454
2015-09-24,7838.4,7894.5,7804.1,7868.5,0,0.0028740942779394985,7897.089999999999,7831.6050000000005,7867.017177784059,7943.988395420306,52.14420358152687,0.011863928567669617,-30.649999999999636
2015-09-28,7892.8,7893.95,7787.95,7795.7,1,-0.009252081082798513,7859.85,7823.9425,7856.0453042788195,7933.004069833616,57.28115131749235,0.010399581356827513,-186.19999999999982
2015-09-29,7725.7,7926.55,7691.2,7843.3,1,0.006105930192285447,7833.089999999999,7816.01,7854.084488235924,7926.359323920015,65.50915830789361,0.011435923436826853,-133.80000000000018
2015-09-30,7924.25,7957.7,7874.5,7948.9,1,0.013463720627796993,7860.469999999999,7814.889999999999,7868.671490045783,7928.029003629644,64.58834723232776,0.008212629888922653,136.89999999999964
2015-10-01,7992.05,8008.25,7930.65,7950.9,1,0.0002516071406106768,7881.460000000001,7823.1425,7881.322030038738,7929.723151508929,58.647058823529385,0.008311657133462335,104.94999999999982
2015-10-05,8005.1,8128.9,8005.1,8119.3,1,0.02117999220214073,7931.62,7843.2575,7917.934025417394,7943.765881026786,68.3409015394839,0.011738915935900136,250.80000000000018
2015-10-06,8180.45,8180.95,8096.5,8152.9,1,0.004138287783429506,8003.06,7859.7525000000005,7954.082636891641,7959.257297247024,69.43761359991447,0.008318944961207955,357.1999999999998
2015-10-07,8146.2,8188.9,8132.9,8177.4,0,0.0030050656821498656,8069.879999999999,7885.87,7988.439154292927,7975.4160159694675,67.40035353823346,0.00869817483237075,334.09999999999945
2015-10-08,8196.75,8196.75,8105.85,8129.35,1,-0.0058759507912049536,8105.969999999999,7914.397500000001,8010.117745940169,7986.818533305062,67.0258009639921,0.010078306908335721,180.45000000000073
2015-10-09,8186.35,8232.2,8139.65,8189.7,0,0.007423717763412663,8153.729999999999,7939.470000000001,8037.745785026296,8001.84679009728,66.65902184507773,0.009822545803879944,238.80000000000018
2015-10-12,8231.5,8244.5,8128.2,8143.6,0,-0.0056290218200910624,8158.589999999999,7955.719999999999,8054.0310488684045,8012.347027867852,59.67799856356243,0.006033341232810993,24.300000000000182
2015-10-13,8121.95,8150.25,8088.6,8131.7,0,-0.0014612701999116018,8154.35,7972.9,8065.980118273264,8021.187988766529,59.175074183976236,0.005727177754515223,-21.199999999999818
2015-10-14,8102.4,8139.3,8096.35,8107.9,1,-0.0029268172706814477,8140.45,7988.83,8072.4293308466085,8027.611100709749,71.09954363947519,0.005424018064454927,-69.5
2015-10-15,8134.35,8190.55,8129.8,8179.5,1,0.00883089332626219,8150.4800000000005,8004.1925,8088.901741485592,8038.862130286804,72.57224064424446,0.006474998710739599,50.149999999999636
2015-10-16,8193.65,8246.4,8147.65,8238.15,1,0.007170364936732065,8160.17,8024.6449999999995,8111.86301202627,8053.624194710004,73.84992580166463,0.0064152992733259966,48.44999999999982
2015-10-19,8262.55,8283.05,8239.2,8275.05,0,0.004479160976675445,8186.460000000001,8043.4400000000005,8136.968702483766,8070.026106212967,82.43014681009407,0.00520506087621971,131.4499999999989
2015-10-20,8280.3,8294.05,8229.2,8261.65,0,-0.0016193255629874947,8212.449999999999,8057.4275,8156.150440563186,8084.22046871571,79.67652692062147,0.005240943021514537,129.94999999999982
2015-10-21,8258.35,8294.4,8217.15,8251.7,1,-0.0012043599038931152,8241.210000000001,8071.157499999999,8170.850372784234,8096.626359921954,74.85226526592274,0.00477447227118166,143.8000000000011
2015-10-23,8308.25,8328.1,8280.75,8295.45,0,0.005301937782517641,8264.4,8095.33,8190.019546202045,8111.354036964773,76.4651662954146,0.00399191167079801,115.95000000000073
2015-10-26,8333.65,8336.3,8252.05,8260.55,0,-0.004207125592945671,8268.880000000001,8116.0599999999995,8200.870385247883,8122.405589782196,63.64866170644503,0.004136218521508222,22.399999999999636
2015-10-27,8230.35,8241.95,8217.05,8232.9,0,-0.003347234748291572,8260.45,8134.280000000001,8205.79801828667,8130.59036090944,57.82013685239494,0.003739443607818355,-42.149999999999636
2015-10-28,8188.9,8209.1,8131.8,8171.2,0,-0.007494321563483064,8242.36,8153.0549999999985,8200.475246242568,8133.598482323556,49.435028248587585,0.0047603685010090095,-90.44999999999982
2015-10-29,8175.45,8179.6,8098.0,8111.75,0,-0.007275553162326198,8214.369999999999,8166.477499999999,8186.825208359096,8131.9800762255145,48.42885199071591,0.0052000297838287165,-139.95000000000073
2015-10-30,8123.55,8146.1,8044.4,8065.8,0,-0.005664622307147038,8168.44,8172.3225,8168.205945534621,8127.0778483569575,38.64760857614075,0.0018313338164947447,-229.65000000000055
2015-11-02,8054.55,8060.7,7995.6,8050.8,1,-0.001859703935133572,8126.49,8177.3175,8150.143492375448,8121.427637367554,40.98328799067234,0.002467402959814575,-209.7499999999991
2015-11-03,8086.35,8100.35,8031.75,8060.7,0,0.0012296914592337949,8092.05,8174.3875,8136.382955086918,8116.929293858846,43.07452204447911,0.0037886146227505,-172.19999999999982
2015-11-04,8104.9,8116.1,8027.3,8040.2,0,-0.0025432034438696016,8065.85,8168.7525,8121.585577381238,8111.245642461894,43.35362261928135,0.0033366100632248223,-131.0
2015-11-05,8030.35,8031.2,7944.1,7955.45,0,-0.010540782567597828,8034.589999999999,8157.655000000001,8096.026257784125,8099.705224501754,28.557756723131305,0.00445893422828426,-156.30000000000018
2015-11-06,7956.55,8002.65,7926.15,7954.3,0,-0.00014455499060384014,8012.289999999999,8148.902499999999,8074.222218125029,8088.934467131254,19.475212388428787,0.004586818503889698,-111.5
2015-11-09,7788.25,7937.75,7771.7,7915.2,0,-0.004915580252190632,7985.17,8135.1775,8049.757261490409,8076.065247343754,11.484533875628756,0.004638220571567417,-135.60000000000036
2015-11-10,7877.6,7885.1,7772.85,7783.35,1,-0.016657822922983567,7929.7,8117.165000000001,8008.7715289534235,8054.382636429402,9.16154371584696,0.00665221405032892,-277.34999999999945
2015-11-11,7838.8,7847.95,7819.1,7825.0,0,0.0053511662715926,7886.660000000001,8101.83,7980.498986037512,8037.391330027224,15.438198606836124,0.008611133125420164,-215.19999999999982
2015-11-13,7762.45,7775.1,7730.9,7762.25,1,-0.008019169329073428,7848.020000000001,8084.547500000001,7946.922218954817,8017.010490765949,8.10152443815798,0.00830171557770797,-193.19999999999982
2015-11-16,7732.95,7838.85,7714.15,7806.6,1,0.005713549550710129,7818.4800000000005,8065.902499999999,7925.334185269461,8001.424528486989,14.850948509485079,0.00946805688574571,-147.69999999999982
2015-11-17,7848.75,7860.45,7793.0,7837.55,0,0.003964594061435234,7802.95,8045.8725,7911.828925997237,7989.28567452499,19.54394884831673,0.010002152533985512,-77.64999999999964
2015-11-18,7823.15,7843.4,7725.05,7731.8,1,-0.013492736888440882,7792.639999999999,8018.709999999999,7884.132168151508,7970.212661597214,18.301832347424565,0.008873469578331865,-51.55000000000018
2015-11-19,7788.5,7854.9,7765.45,7842.75,1,0.014349827983134666,7796.19,7997.764999999999,7877.765680743583,7960.770982960383,31.936610260542537,0.011173351401414313,17.75
2015-11-20,7841.9,7906.95,7817.8,7856.55,0,0.001759586879602093,7815.05,7978.0075000000015,7874.501729859955,7953.050910148502,35.314758930451234,0.010114318870356749,94.30000000000018
2015-11-23,7869.5,7877.5,7825.2,7849.25,0,-0.0009291610185132582,7823.58,7955.6975,7870.616848343038,7945.361953841206,35.70060305072718,0.010015734276043074,42.649999999999636
2015-11-24,7837.0,7870.35,7812.65,7831.6,1,-0.0022486224798546894,7822.389999999999,7934.25,7864.614256290263,7936.935142445561,33.92280701754389,0.009961479975968919,-5.949999999999818
2015-11-26,7837.15,7897.1,7832.0,7883.8,1,0.00666530466315951,7852.789999999999,7916.795,7867.565909168685,7932.999205968112,39.49207202364956,0.0067555839552732744,152.0
2015-11-27,7910.6,7959.3,7879.45,7942.7,0,0.007471016514878581,7872.780000000001,7905.37,7879.12500006581,7933.717783303808,49.11254959281687,0.004384861024006103,99.94999999999982
2015-11-30,7936.25,7966.0,7922.8,7935.25,1,-0.0009379681972124798,7888.5199999999995,7896.545,7887.759615440301,7933.831280836859,48.68557234527012,0.004662602252551304,78.69999999999982
2015-12-01,7958.15,7972.15,7934.15,7954.9,0,0.0024762924923600327,7909.65,7891.0,7898.088905372562,7935.391926700796,52.8148043108338,0.004366316160061078,105.64999999999964
2015-12-02,7976.7,7979.3,7910.8,7931.35,0,-0.002960439477554644,7929.6,7885.027499999999,7903.205996853707,7935.092524722959,62.397386496900694,0.004574062142817387,99.75
2015-12-03,7902.3,7912.3,7853.3,7864.15,0,-0.008472706411897235,7925.67,7875.2,7897.197381953137,7929.837522891628,53.144830910113235,0.005962463547941976,-19.650000000000546
2015-12-04,7817.6,7821.4,7775.7,7781.9,0,-0.010458854421647623,7893.509999999999,7862.285000000001,7879.459323191115,7918.879187862619,51.53049302905208,0.0053407858745207005,-160.80000000000018
2015-12-07,7816.55,7825.4,7746.05,7765.4,0,-0.0021203048098793476,7859.539999999999,7852.782499999999,7861.911735007867,7907.510359132054,46.64549747598104,0.005191491612778464,-169.85000000000036
2015-12-08,7738.5,7771.25,7685.45,7701.7,0,-0.008203054575424251,7808.9,7840.152500000001,7837.263775775888,7892.265147344495,39.499111076756535,0.0036796232292228594,-253.19999999999982
2015-12-09,7695.5,7702.85,7606.9,7612.5,1,-0.01158185855070959,7745.129999999999,7825.0175,7802.684733348828,7871.541803096754,40.53625257813736,0.0036596152134988186,-318.85000000000036
2015-12-10,7643.3,7691.95,7610.0,7683.3,0,0.00930049261083754,7708.960000000001,7820.014999999999,7784.317851295162,7857.597965830328,36.49072269761924,0.00859398482679422,-180.84999999999945
2015-12-11,7699.6,7703.05,7575.3,7610.45,1,-0.009481602957062796,7674.67,7809.2875,7757.5689510959055,7839.290709102155,31.045902649414614,0.00843747625751171,-171.44999999999982
2015-12-14,7558.2,7663.95,7551.05,7650.05,1,0.005203371679729951,7651.6,7803.6775,7741.027574004228,7825.272878798292,35.38517975055025,0.00950417551057154,-115.34999999999945
2015-12-15,7659.15,7705.0,7625.1,7700.9,1,0.006647015378984378,7651.44,7798.3925,7734.8541010805,7816.060072961382,40.856303344060386,0.00976979742404031,-0.8000000000001819
2015-12-16,7725.25,7776.6,7715.75,7750.9,1,0.006492747600929771,7679.12,7794.0599999999995,7737.322700914269,7811.233400890168,40.673684210526275,0.007480671656051872,138.39999999999964
2015-12-17,7783.05,7852.9,7737.55,7844.35,0,0.012056664387361637,7711.33,7799.6875,7753.788439235151,7813.686482305711,43.41744193829065,0.008080275783484199,161.05000000000018
2015-12-18,7828.9,7836.15,7753.35,7761.95,1,-0.010504375760898021,7741.63,7795.647500000001,7755.044063968204,7809.854150283066,39.45863746958637,0.008514005438455305,151.5
2015-12-21,7745.65,7840.75,7733.45,7834.45,0,0.009340436359420057,7778.51,7794.542499999999,7767.26036181925,7811.676065076913,43.11596273646913,0.008856851965464119,184.39999999999964
2015-12-22,7829.4,7846.3,7776.85,7786.1,1,-0.006171460664118,7795.55,7791.384999999999,7770.158767693211,7809.781541737882,41.9274162174179,0.009975478724322657,85.20000000000073
2015-12-23,7830.45,7871.45,7826.1,7865.95,0,0.010255455234327693,7818.56,7793.102500000001,7784.895880355794,7813.942168275817,50.09865175928972,0.01050416204082545,115.05000000000018
2015-12-24,7888.75,7888.75,7835.5,7861.05,1,-0.0006229381066494843,7821.9,7791.964999999999,7796.611898762596,7817.431637292423,54.7398047787293,0.009221979896257459,16.699999999999818
2015-12-28,7863.2,7937.2,7863.0,7925.15,1,0.008154126993213273,7854.540000000001,7791.0875,7816.386991260658,7825.410775270762,59.05047872641777,0.007238012135704585,163.19999999999982
2015-12-29,7929.2,7942.15,7902.75,7928.95,0,0.0004794861926904481,7873.44,7790.772500000001,7833.704377220556,7833.080347472928,63.81207074697624,0.006728908305239193,94.5
2015-12-30,7938.6,7944.75,7889.85,7896.25,1,-0.004124127406529232,7895.469999999999,7787.839999999999,7843.326780725086,7837.759580993452,68.51791424655747,0.006109240656561031,110.14999999999964
2015-12-31,7897.8,7955.55,7891.15,7946.35,1,0.00634478391641613,7911.55,7788.590000000001,7859.1765067673805,7845.803315734678,67.64370514454359,0.005085185014064202,80.40000000000055
2016-01-01,7938.45,7972.55,7909.8,7963.2,0,0.0021204704046511313,7931.9800000000005,7793.542499999999,7875.1801211108605,7854.499366420999,75.58198564072816,0.004868573262361548,102.14999999999964
2016-01-04,7924.55,7937.55,7781.1,7791.3,0,-0.02158679927667262,7905.210000000001,7794.0125,7862.275487093805,7849.817931871295,58.594463036203244,0.010860017435931464,-133.84999999999945
2016-01-05,7828.4,7831.2,7763.25,7784.65,0,-0.000853516101292584,7876.35,7794.975,7850.333104463989,7844.990677658606,55.3855057552569,0.010758291833370756,-144.30000000000018
2016-01-06,7788.05,7800.95,7721.2,7741.0,0,-0.005607188505584615,7845.3,7796.94,7833.512626854144,7837.28766449871,49.358143153526996,0.010796049436961,-155.25
2016-01-07,7673.35,7674.95,7556.6,7568.3,1,-0.02230977909830767,7769.6900000000005,7794.729999999999,7792.710684261199,7817.362652313621,33.77035686989237,0.011565288326650788,-378.0500000000002
2016-01-08,7611.65,7634.1,7581.05,7601.35,0,0.004366898775154393,7697.32,7790.6325,7763.270578990246,7801.361715105205,39.976282611409324,0.012164825482876616,-361.84999999999945
2016-01-11,7527.45,7605.1,7494.35,7563.85,0,-0.004933334210370566,7651.83,7788.3025,7732.590489914824,7783.7682547270415,32.33912021929251,0.0100146383172482,-227.44999999999982
2016-01-12,7587.2,7588.3,7487.8,7510.3,1,-0.007079727916338929,7596.960000000001,7781.315,7698.391953004851,7763.5113469694825,32.12109425645009,0.009614438210247028,-274.34999999999945
2016-01-13,7557.9,7590.95,7425.8,7562.4,0,0.006937139661531422,7561.24,7774.390000000001,7677.4701140810275,7748.6142101569285,29.587788312823562,0.011547805337490604,-178.60000000000036
2016-01-14,7467.4,7604.8,7443.8,7536.8,0,-0.0033851687295037847,7554.9400000000005,7763.685,7655.8285580685615,7732.924268663823,28.786391887471325,0.0061188424234128085,-31.5
2016-01-15,7561.65,7566.5,7427.3,7437.8,0,-0.013135548243286221,7522.2300000000005,7743.3575,7622.285702981091,7711.063211725762,19.50822749170993,0.007302452814985932,-163.55000000000018
2016-01-18,7420.35,7463.65,7336.4,7351.0,1,-0.011670117507865285,7479.660000000001,7722.8099999999995,7580.549440984,7684.391862709039,17.24196565209995,0.008029376110539143,-212.85000000000036
2016-01-19,7381.8,7462.75,7364.15,7435.1,0,0.011440620323765582,7464.62,7702.842500000001,7558.172603909539,7665.925798804666,25.30126934818702,0.010953835532499036,-75.19999999999982
2016-01-20,7357.0,7470.9,7241.5,7309.3,0,-0.016919745531331132,7414.0,7679.0025000000005,7519.8845110003795,7639.509072967283,18.43943522417632,0.011298517411397042,-253.09999999999945
2016-01-21,7376.65,7398.7,7250.0,7276.8,1,-0.00444639021520532,7362.0,7649.545,7482.4868939233975,7612.641734228965,16.513806224997566,0.011229639902233631,-260.0
2016-01-22,7355.7,7433.4,7327.6,7422.45,1,0.020015666226912865,7358.93,7627.615000000001,7473.250448704413,7598.553457619412,31.532568968106915,0.015598519532162503,-15.350000000000364
2016-01-25,7468.75,7487.15,7421.2,7436.15,1,0.001845751739654622,7375.959999999999,7603.165000000001,7467.542687365272,7586.523571869826,32.673759570448425,0.014251986776130963,85.14999999999964
2016-01-27,7469.6,7477.9,7419.7,7437.75,0,0.00021516510559904667,7376.49,7578.6050000000005,7462.959197001384,7575.5033072868755,34.265552845950296,0.013323167957778097,2.649999999999636
2016-01-28,7426.5,7468.85,7409.6,7424.65,1,-0.0017612853349467938,7399.56,7555.025,7457.065474385787,7564.328988228588,41.06709781729988,0.009702938431253808,115.34999999999945
2016-01-29,7413.35,7575.65,7402.8,7563.55,0,0.018707952563420616,7456.909999999999,7535.884999999999,7473.447709095665,7564.2712853968405,47.922848664688416,0.01063727869752521,286.75
2016-02-01,7589.5,7600.45,7541.25,7555.95,0,-0.0010048191656034655,7483.610000000001,7515.522500000001,7486.140369234793,7563.654893885963,49.55113636363633,0.008554713077326548,133.5
2016-02-02,7566.65,7576.3,7428.05,7455.55,0,-0.01328754160628376,7487.49,7498.734999999999,7481.434158583286,7555.647123968484,47.04644764525003,0.011500625648785475,19.400000000000546
2016-02-03,7392.45,7419.4,7350.3,7361.8,1,-0.01257452501827494,7472.3,7477.592500000001,7463.028903416627,7541.288077748596,39.64377903975223,0.012933431203797677,-75.94999999999982
2016-02-04,7411.45,7457.05,7365.95,7404.0,1,0.005732293732511051,7468.17,7460.7425,7453.947533660223,7531.118590507959,43.25956755659324,0.013391751823729951,-20.649999999999636
2016-02-05,7418.25,7503.15,7406.65,7489.1,0,0.011493787142085488,7453.280000000001,7456.782500000001,7459.355605404804,7528.006102322184,52.64106260296541,0.01097798266245744,-74.44999999999982
2016-02-08,7489.7,7512.55,7363.2,7387.25,0,-0.013599764991788166,7419.540000000001,7446.077500000001,7448.262435342526,7517.579724372393,51.83776932826362,0.01210074028003366,-168.69999999999982
2016-02-09,7303.95,7323.45,7275.15,7298.2,0,-0.012054553453585637,7388.07,7432.795,7425.175906828292,7501.329374418882,43.09422921711056,0.011886207061773109,-157.35000000000036
2016-02-10,7264.3,7271.85,7177.75,7215.7,0,-0.011304157189443997,7358.85,7418.0650000000005,7392.948844239324,7480.171642980446,45.062770334423455,0.011674145474825901,-146.10000000000036
2016-02-11,7203.6,7208.65,6959.95,6976.35,1,-0.03317072494699047,7273.32,7388.7625,7328.856714356351,7442.851521278191,36.99069062567658,0.015833758485336795,-427.64999999999964
2016-02-12,7023.65,7034.8,6869.0,6980.95,1,0.0006593705877715461,7171.69,7360.969999999999,7275.332604455374,7408.636593776103,28.22334023872942,0.012181647505178849,-508.15000000000055
2016-02-15,7057.35,7182.8,7056.8,7162.95,0,0.026070950228836987,7126.83,7347.227500000001,7258.042973000701,7390.437586829725,38.44331641285958,0.02165597486485329,-224.30000000000018
2016-02-16,7201.25,7204.65,7037.7,7048.25,1,-0.01601295555602089,7076.839999999999,7332.090000000001,7225.7671310005935,7365.090358175672,34.96255115435102,0.02200403903374078,-249.94999999999982
2016-02-17,7058.85,7123.7,6960.65,7108.45,1,0.008541127230163426,7055.389999999999,7315.7575,7207.718341615887,7346.079961273771,38.220831470719716,0.022754569686840163,-107.25
2016-02-18,7177.4,7215.1,7127.85,7191.75,1,0.011718447762873785,7098.469999999999,7309.879999999999,7205.2616736749815,7334.648112290528,35.55106482201148,0.015450749721965966,215.39999999999964
2016-02-19,7170.55,7226.85,7145.95,7210.75,1,0.0026419160844022294,7144.43,7306.577499999999,7206.106031571138,7325.470474343081,36.70261941448382,0.0152978449807432,229.80000000000018
2016-02-22,7208.85,7252.4,7200.7,7234.55,0,0.0033006275352771564,7158.75,7297.1825,7210.48202671404,7318.735624391742,40.953004748649086,0.010767981147093071,71.60000000000036
2016-02-23,7240.3,7241.7,7090.7,7109.55,0,-0.017278199749811707,7171.01,7280.852499999999,7194.954022604188,7303.240392955317,39.93134554743943,0.011299951947649434,61.30000000000018
2016-02-24,7075.0,7090.8,7009.75,7018.7,0,-0.012778586549078375,7153.06,7259.9,7167.838019126621,7282.163326810478,35.19557365711211,0.012106746003364796,-89.75
2016-02-25,7029.85,7034.2,6961.4,6970.6,1,-0.006853120948323688,7108.83,7237.1975,7137.4937084917565,7259.084561861553,29.494581982124487,0.009149755027249339,-221.14999999999964
2016-02-26,7039.3,7052.9,6985.1,7029.75,0,0.008485639686683921,7072.63,7210.5075000000015,7120.9177533391785,7242.096816538475,35.36755075311066,0.010787197190584219,-181.0
2016-02-29,7050.45,7094.6,6825.8,6987.05,1,-0.00607418471496135,7023.13,7182.0625,7100.322714363921,7223.204459757847,36.76239098064241,0.009742521317424197,-247.5
2016-03-01,7038.25,7235.5,7035.1,7222.3,1,0.033669431305057174,7045.68,7170.4,7119.088450615625,7223.137462738748,50.248493975903635,0.018699430804646925,112.75
2016-03-02,7321.7,7380.35,7308.15,7368.85,1,0.020291319939631514,7115.710000000001,7170.7525,7157.513304367068,7233.930984017359,65.8881152849741,0.017398328768281696,350.15000000000055
2016-03-03,7429.55,7483.95,7406.05,7475.6,1,0.01448665666962956,7216.710000000001,7174.3324999999995,7206.4497190798265,7251.832392608666,68.49366284069245,0.014662346347918895,505.0
2016-03-04,7505.4,7505.9,7444.1,7485.35,0,0.0013042431376746322,7307.83,7174.1449999999995,7249.357454606006,7269.129993156172,63.83572225560041,0.01567533346579155,455.60000000000036
2016-03-08,7486.4,7527.15,7442.15,7485.3,1,-6.679714375401602e-06,7407.4800000000005,7179.047499999999,7285.656307743544,7285.142586255715,70.80298919510687,0.014000539098244684,498.25
2016-03-09,7436.1,7539.0,7424.3,7531.8,0,0.006212175864694691,7469.38,7190.727500000001,7323.524568090691,7303.413505792329,70.41716903785871,0.00872128039552493,309.5
2016-03-10,7545.35,7547.1,7447.4,7486.15,1,-0.006060968161661351,7492.840000000001,7204.25,7348.543865307507,7316.9495424003035,64.73325993394053,0.007682825139019195,117.29999999999927
2016-03-11,7484.85,7543.95,7460.6,7510.2,1,0.0032125992666458547,7499.76,7230.942499999999,7373.4140398755835,7331.264391111392,64.91062092316884,0.004555290278107135,34.599999999999454
2016-03-14,7542.6,7583.7,7515.05,7538.75,0,0.003801496631248291,7510.44,7258.832500000001,7398.850341433186,7346.633695473512,65.0758251561106,0.004739448811432997,53.399999999999636
2016-03-15,7535.85,7545.2,7452.8,7460.6,1,-0.010366440059691562,7505.5,7273.714999999999,7408.350288905004,7355.075643956955,68.2448937165428,0.007167849386351278,-24.699999999999818
2016-03-16,7457.05,7508.0,7405.15,7498.75,1,0.005113529742916123,7498.889999999999,7296.24,7422.257936765773,7365.718188849032,76.39522736020237,0.006917751542896657,-33.05000000000018
2016-03-17,7557.4,7585.3,7479.4,7512.55,1,0.0018403067177863441,7504.17,7316.4450000000015,7436.149023417192,7376.594619304659,80.96680189703443,0.006308248887132354,26.400000000000546
2016-03-18,7534.65,7613.6,7517.9,7604.35,1,0.012219552615290397,7523.0,7337.075000000002,7462.026096737625,7393.465388245055,81.65142668282472,0.008200186845191323,94.15000000000055
2016-03-21,7619.2,7713.55,7617.7,7704.25,1,0.013137217513659927,7556.1,7361.750000000002,7499.291312624144,7416.486470597273,87.16447300238363,0.009520932936673334,165.5
2016-03-22,7695.55,7728.2,7643.8,7714.9,1,0.0013823538955770598,7606.960000000001,7385.7675,7532.461879912737,7438.591176478956,83.27029582601644,0.0056193115772095615,254.29999999999927
2016-03-23,7717.45,7726.85,7670.6,7716.5,0,0.0002073908929474122,7650.51,7416.115000000001,7560.775436849239,7459.177015258292,79.19711094314263,0.006354297212076635,217.75
2016-03-28,7741.0,7749.4,7587.7,7615.1,0,-0.013140672584720958,7671.0199999999995,7445.935,7569.133061949356,7470.7268659799,61.82203389830509,0.010705312733283685,102.55000000000018
2016-03-29,7606.55,7652.9,7582.25,7597.0,1,-0.002376856508778613,7669.55,7477.255,7573.420283187916,7480.08043146287,59.32982368179155,0.009390715107862683,-7.350000000000364
2016-03-30,7651.1,7741.95,7643.45,7735.2,1,0.01819139133868619,7675.74,7512.527499999999,7598.309470389775,7498.978177280436,66.96537678207736,0.01126467582719205,30.949999999999818
2016-03-31,7727.65,7777.6,7702.0,7738.4,0,0.0004136932464577914,7680.44,7550.094999999999,7619.8618595605785,7516.713127111515,64.90190421234848,0.011261619115701818,23.5
2016-04-01,7718.05,7740.15,7666.1,7713.05,1,-0.003275870981081286,7679.75,7574.6325000000015,7634.198496551258,7531.256599177328,66.85986030613768,0.011403385702517586,-3.449999999999818
2016-04-04,7733.15,7764.45,7704.4,7758.8,0,0.005931505694893646,7708.49,7594.13,7653.367958620296,7548.111665904934,67.8951914771092,0.008822433671050029,143.69999999999982
2016-04-05,7736.3,7736.3,7588.65,7603.2,1,-0.020054647625921573,7709.7300000000005,7600.51,7645.649811140251,7552.192283245309,53.92198624718554,0.013954478860355377,6.199999999999818
2016-04-06,7636.05,7638.65,7591.75,7614.35,0,0.0014664877946128918,7685.56,7606.960000000001,7640.834455580212,7556.796558560472,60.186841582190425,0.010028183807633479,-120.84999999999945
2016-04-07,7630.4,7630.75,7535.85,7546.45,1,-0.008917373117863003,7647.17,7610.0175,7626.313770106333,7556.030146815251,53.040540540540526,0.010078065578355297,-191.94999999999982
2016-04-08,7542.35,7569.35,7526.7,7555.2,1,0.001159485585937814,7615.6,7611.1875,7615.373190089975,7555.968654458566,52.73625457111694,0.010452696847006632,-157.85000000000036
2016-04-11,7577.8,7678.8,7516.85,7671.4,1,0.015380135535789874,7598.12,7620.45,7623.992699306902,7564.519124498672,54.17107309486776,0.013207022304976859,-87.40000000000055
2016-04-12,7669.25,7717.4,7663.35,7708.95,1,0.004894804077482551,7619.2699999999995,7630.3875,7637.063053259686,7575.21770786914,50.316967898570255,0.008723736802004986,105.75
2016-04-13,7777.15,7864.8,7772.2,7850.45,1,0.018355288333690156,7666.49,7645.972499999999,7669.891814296657,7595.605285064019,57.7701347090857,0.011041602640422053,236.09999999999945
2016-04-18,7908.15,7920.6,7842.75,7914.7,1,0.00818424421529973,7740.139999999999,7668.677500000001,7707.55461209717,7619.241930614832,60.60006417798694,0.00716677091973007,368.25
2016-04-20,7950.05,7950.4,7877.55,7914.75,0,6.317358838714426e-06,7812.05,7689.477500000001,7739.430825620682,7641.131417235955,67.97432667506443,0.007516131200257699,359.5500000000002
2016-04-21,7953.65,7978.45,7884.1,7912.05,0,-0.0003411352222116859,7860.18,7709.452499999999,7765.987621679039,7661.199460403662,69.25380431461224,0.0076573162699977585,240.65000000000055
2016-04-22,7891.8,7923.35,7873.35,7899.3,0,-0.0016114660549415571,7898.25,7724.2,7786.497218343802,7678.836537410798,61.84495452576875,0.00845053435502174,190.35000000000036
2016-04-25,7894.8,7911.0,7827.0,7855.05,1,-0.005601762181459136,7899.17,7731.74,7797.043800137064,7691.88938649148,57.948892674616715,0.005024785550148834,4.600000000000364
2016-04-26,7828.15,7974.5,7822.55,7962.65,1,0.013698194155352228,7908.76,7744.1275,7822.521677039054,7711.945728232851,65.29411764705878,0.007317250754711931,47.94999999999982
2016-04-27,7942.0,7991.0,7940.55,7979.9,0,0.0021663642129190475,7921.790000000001,7757.297499999999,7846.733726725353,7731.794192808196,64.0380952380952,0.00729065711642521,65.14999999999964
2016-04-28,7967.4,7992.0,7834.45,7847.25,1,-0.01662301532600652,7908.83,7768.904999999999,7846.813153382991,7740.346474822403,65.9603688444183,0.011067128184022756,-64.80000000000018
2016-04-29,7844.25,7889.05,7788.7,7849.8,0,0.0003249546019306049,7898.93,7781.545,7847.272668247147,7748.454143354078,65.57311991533831,0.011100211112557509,-49.5
2016-05-02,7822.7,7829.8,7777.3,7805.9,0,-0.00559249917195348,7889.1,7785.08,7840.90764236297,7752.709391994516,67.72320513696289,0.01109929501306837,-49.150000000000546
2016-05-03,7824.8,7890.25,7735.15,7747.0,0,-0.007545574501338637,7845.969999999999,7785.51,7826.460312768668,7752.286474068997,62.26185909730216,0.007426423033432709,-215.64999999999964
2016-05-04,7724.15,7749.0,7697.25,7706.55,1,-0.005221376016522505,7791.3,7785.1849999999995,7808.012572342719,7748.898587100924,52.48814327174917,0.006157843320791096,-273.34999999999945
2016-05-05,7731.0,7777.55,7706.85,7735.5,0,0.003756544757381741,7768.95,7784.0199999999995,7796.856791982301,7747.9060991675215,51.90254389107848,0.004714863728914621,-111.75
2016-05-06,7717.65,7738.9,7678.35,7733.45,1,-0.00026501195785666454,7745.6799999999985,7790.532499999999,7787.1019009081,7746.835277006965,39.52176249328317,0.004621833466552437,-116.35000000000036
2016-05-09,7755.25,7873.65,7753.55,7866.05,1,0.017146293051613526,7757.710000000001,7803.1174999999985,7799.247762306854,7755.665997228672,46.11824782574008,0.009746609046517135,60.150000000000546
2016-05-10,7873.55,7896.9,7837.7,7887.8,0,0.00276504726006066,7785.87,7820.185,7812.871183490415,7765.45370113766,47.921647258425246,0.008321239568107732,140.80000000000018
2016-05-11,7804.65,7893.1,7780.9,7848.85,1,-0.004938005527523548,7814.33,7834.8674999999985,7818.406386030352,7771.631204757092,45.38416593631318,0.00824645898594536,142.30000000000018
2016-05-12,7871.45,7916.05,7849.65,7900.4,0,0.006567841148703124,7847.31,7846.3175,7831.020788179529,7781.169634034344,50.076029858999135,0.008347102616271175,164.89999999999964
2016-05-13,7881.0,7881.0,7784.2,7814.9,1,-0.010822236848767153,7863.6,7851.615000000001,7828.54066692114,7783.668179661429,47.37461583731115,0.010762236838824121,81.44999999999982
2016-05-16,7831.2,7873.9,7772.15,7860.75,1,0.005866997658319439,7862.539999999999,7852.13,7833.495948933272,7789.3779441309525,42.75145824441602,0.00752737660791769,-5.300000000000182
2016-05-17,7896.85,7940.1,7879.7,7890.75,0,0.003816429729987636,7863.129999999999,7850.9325,7842.304264482,7796.886985306438,43.77139663243207,0.0076416592181250435,2.949999999999818
2016-05-18,7846.75,7882.05,7810.75,7870.15,0,-0.00261065171244812,7867.389999999999,7848.702499999999,7846.588223792462,7802.3138752837385,51.89695162359176,0.007322414123739977,21.299999999999272
2016-05-19,7875.5,7876.2,7766.8,7783.4,0,-0.011022661575700643,7843.99,7842.2699999999995,7836.866958593621,7800.912847484943,45.17301541145678,0.007918002530525223,-117.0
2016-05-20,7792.2,7812.4,7735.75,7749.7,0,-0.004329727368502123,7830.95,7834.789999999999,7823.456657271526,7797.119303226799,45.8530106257379,0.006751620322072406,-65.19999999999982
2016-05-23,7813.95,7820.6,7722.2,7731.05,1,-0.002406544769474883,7805.01,7828.589999999999,7809.240248460523,7792.225280765555,48.748725190240854,0.005306041617180233,-129.69999999999982
2016-05-24,7738.05,7761.55,7715.8,7748.85,1,0.0023024039425434406,7776.63,7817.9,7799.949441005057,7789.012297005143,53.44070278184482,0.004818428736416016,-141.89999999999964
2016-05-25,7811.8,7941.2,7809.3,7934.9,1,0.024010014389231893,7789.579999999999,7815.65,7820.711065465818,7799.818793523281,62.917854366416165,0.013352775929454013,64.75
2016-05-26,7974.45,8083.0,7948.5,8069.65,1,0.01698194054115354,7846.83,7826.7699999999995,7859.009363086461,7819.806290299334,68.58485351022665,0.012524051012931345,286.25
2016-05-27,8081.95,8164.2,8077.05,8156.65,1,0.010781136728358787,7928.219999999999,7842.1125,7904.800230303928,7844.757676203088,66.9169868436372,0.010703462410594439,406.9499999999998
2016-05-30,8166.5,8200.0,8150.8,8178.5,0,0.0026787958291700775,8017.710000000001,7860.7425,7946.907887180248,7869.479329817674,66.92083818393482,0.009345682111599935,447.4499999999998
2016-05-31,8209.85,8213.6,8134.3,8160.1,1,-0.002249801308308319,8099.960000000001,7881.397499999999,7979.7066737679015,7891.006786868216,68.5610352436043,0.01058685502628857,411.25
2016-06-01,8179.2,8215.35,8171.05,8179.95,1,0.0024325682283303784,8148.969999999999,7905.0675,8010.51333934207,7912.4099878409415,67.32568949488692,0.007668122971929326,245.05000000000018
2016-06-02,8156.9,8229.5,8154.75,8218.95,1,0.004767755304127874,8178.829999999999,7929.240000000001,8042.580517904829,7935.116655408279,76.5734955606709,0.004725737295615505,149.3000000000011
2016-06-03,8246.2,8262.0,8209.85,8220.8,0,0.00022508957956901554,8191.660000000001,7953.6075,8069.998899765625,7956.278384637296,75.13438045375219,0.002673890111470554,64.14999999999964
2016-06-06,8228.75,8234.7,8186.05,8201.05,1,-0.002402442584663267,8196.17,7970.3575,8090.16060749399,7974.409615404904,71.97592067988668,0.0030819955767456128,22.549999999999272
2016-06-07,8235.55,8294.95,8216.4,8266.45,1,0.007974588619749978,8217.439999999999,7989.289999999999,8117.282052494915,7996.0422364860215,76.39184869472572,0.004008679003570141,106.35000000000036
2016-06-08,8285.5,8288.9,8252.05,8273.05,0,0.000798408022790742,8236.06,8010.5,8141.246352111082,8016.561330079649,86.50562886751668,0.004091455677857861,93.09999999999945
2016-06-09,8273.35,8273.35,8184.6,8203.6,0,-0.00839472745843417,8232.99,8025.659999999999,8150.83922101707,8030.416046370046,82.12768969422442,0.005913501993297566,-15.350000000000364
2016-06-10,8180.25,8265.6,8162.85,8170.05,0,-0.004089667950655795,8222.84,8043.4175000000005,8153.794725475982,8040.759302194488,80.4311659503675,0.006118093478203739,-50.74999999999909
2016-06-13,8102.25,8125.25,8063.9,8110.6,0,-0.0072765772547291885,8204.75,8055.909999999999,8147.149383095062,8045.932687217119,73.70732027000467,0.006712484733843282,-90.44999999999891
2016-06-14,8134.4,8134.95,8069.5,8108.85,1,-0.00021576702093561995,8173.2300000000005,8066.815,8141.257170311206,8050.59322890474,65.03067484662589,0.0041008456232517945,-157.60000000000036
2016-06-15,8139.4,8213.2,8123.15,8206.6,0,0.012054730325508523,8159.94,8083.6375,8151.309913340251,8062.149286022906,62.64192744392147,0.00826070278127886,-66.44999999999891
2016-06-16,8180.65,8180.65,8074.45,8140.75,1,-0.008024029439719249,8147.370000000001,8101.505,8149.685311287905,8067.971561132321,48.47262247838619,0.008185621952177417,-62.850000000000364
2016-06-17,8176.65,8195.25,8135.8,8170.2,1,0.003617602800724651,8147.4,8122.530000000001,8152.841417243611,8075.5440380854825,49.2141639840939,0.008303295866368755,0.1499999999996362
2016-06-20,8115.75,8244.15,8107.35,8238.5,0,0.008359648478617476,8172.9800000000005,8147.902500000001,8166.019660744594,8087.6148500791505,56.78200692041521,0.007791666661595739,127.89999999999964
2016-06-21,8255.4,8257.25,8202.15,8219.9,0,-0.0022576925411179616,8195.189999999999,8171.455,8174.308943706965,8097.413750073288,53.46337234503684,0.008061569202778436,111.04999999999927
2016-06-22,8213.65,8238.35,8153.25,8203.7,1,-0.0019708268957041586,8194.61,8184.8949999999995,8178.830644675124,8105.286805623415,48.62352197851791,0.006251439787540731,-2.899999999999636
2016-06-23,8201.15,8285.6,8188.3,8270.45,0,0.008136572522154717,8220.55,8194.935000000001,8192.92593010972,8117.5211163179765,54.0114728932699,0.005188625550893152,129.70000000000073
2016-06-24,8029.1,8100.7,7927.05,8088.6,1,-0.02198792085073975,8204.230000000001,8191.532499999999,8176.875787015917,8115.378811405533,42.80043536718106,0.012345454630137415,-81.59999999999945
2016-06-27,8039.35,8120.65,8039.35,8094.7,1,0.0007541478129713397,8175.470000000001,8187.342499999999,8164.233358244237,8113.8470475977165,38.10018707129483,0.011171240246269575,-143.80000000000018
2016-06-28,8096.05,8146.35,8086.85,8127.85,1,0.004095272215153267,8157.06,8185.7300000000005,8158.635918514355,8114.884303331219,40.2967121090618,0.011692052391694692,-92.04999999999927
2016-06-29,8173.1,8212.4,8157.65,8204.0,1,0.009369021327903404,8157.12,8186.9325,8165.615007973685,8121.485466047425,50.02649357530797,0.012794179129307632,0.2999999999992724
2016-06-30,8260.25,8308.15,8242.1,8287.75,1,0.010208434909800168,8160.58,8190.3724999999995,8184.405006746965,8133.801357451319,57.30965097503415,0.013149236289851486,17.299999999999272
2016-07-01,8313.05,8356.75,8308.65,8328.35,1,0.004898796416397788,8208.53,8195.75,8206.550390324355,8148.2123680104805,63.84737678855326,0.003915670059729627,239.75
2016-07-04,8376.75,8398.45,8364.7,8370.7,0,0.0050850408544309555,8263.73,8204.232500000002,8231.8041764283,8164.692933343038,65.8341899981859,0.0028312948462025263,276.0000000000009
2016-07-05,8379.3,8381.45,8319.95,8335.95,1,-0.004151385188813306,8305.35,8207.7075,8247.826610823948,8177.3786419842945,58.46697650062187,0.0056997338006584235,208.10000000000036
2016-07-07,8342.0,8361.95,8317.7,8337.9,0,0.00023392654706411165,8332.13,8210.95,8261.684055312571,8189.269112948421,64.08314879634258,0.005440193002054926,133.89999999999964
2016-07-08,8350.0,8353.3,8287.55,8323.2,1,-0.001763033857446028,8339.22,8216.93,8271.148046802944,8199.189919396686,61.164623467600805,0.004078881604485941,35.45000000000073
2016-07-11,8413.35,8475.25,8407.05,8467.9,1,0.01738514033064198,8367.130000000001,8231.822499999998,8301.417578064029,8219.094369811746,65.0603991596639,0.008545744914450535,139.54999999999927
2016-07-12,8502.6,8526.6,8479.2,8521.05,0,0.006276644740726756,8397.2,8252.345000000001,8335.207181438793,8241.461453529395,68.91289329900152,0.008622224278021411,150.34999999999854
2016-07-13,8540.45,8550.25,8493.55,8519.5,1,-0.00018190246507165941,8433.91,8272.8775,8363.559922755901,8262.056901416106,70.20473448496486,0.007881436493713829,183.54999999999927
2016-07-14,8515.75,8571.4,8500.7,8565.0,0,0.005340689007570898,8479.329999999998,8290.7975,8394.550703870378,8284.49713094084,69.37191713252224,0.007531295366573002,227.10000000000036
2016-07-15,8565.45,8594.8,8510.05,8541.4,0,-0.0027553998832458015,8522.97,8310.83,8417.142903274937,8303.52697309337,87.60797342192708,0.007776712257551719,218.1999999999989
2016-07-18,8564.05,8587.1,8494.35,8508.7,1,-0.0038284122040882496,8531.13,8327.755,8431.228610463408,8318.724975086454,82.93032134902988,0.004623138640044603,40.80000000000109
2016-07-19,8514.3,8540.05,8476.7,8528.55,1,0.0023329063194141852,8532.630000000001,8342.2575,8446.201131930577,8334.267569524494,82.5613521859258,0.0037444164598233105,7.5
2016-07-20,8515.45,8569.9,8512.55,8565.85,0,0.004373545327166051,8541.9,8359.555,8464.608650095104,8351.421823633791,81.38606991066037,0.0041645133693725255,46.350000000000364
2016-07-21,8582.7,8585.25,8503.45,8510.1,1,-0.006508402551994252,8530.920000000002,8374.875,8471.607319311242,8363.17576262388,70.27076305953162,0.004500639652422656,-54.899999999999636
2016-07-22,8519.65,8548.95,8489.8,8541.2,1,0.0036544811459324755,8530.880000000001,8388.4125,8482.313885571051,8376.362743170259,69.74672975229635,0.004871896717839864,-0.1999999999989086
2016-07-25,8519.95,8641.15,8517.2,8635.65,0,0.01105816512902158,8556.27,8415.765,8505.904057021658,8395.569206639128,72.41350139582114,0.006286933584601956,126.94999999999891
2016-07-26,8633.75,8644.9,8577.15,8590.65,1,-0.005210956905386421,8568.689999999999,8440.5625,8518.941894402942,8410.01963577697,71.17911192416443,0.007304544470299074,62.100000000000364
2016-07-27,8599.4,8665.0,8572.05,8615.8,1,0.0029276015202575056,8578.68,8464.960000000001,8533.843141417874,8425.262625719417,72.24979983987207,0.007188725391800797,49.94999999999891
2016-07-28,8636.95,8674.7,8625.25,8666.3,0,0.005861324543281032,8609.920000000002,8488.075,8554.221119661279,8443.117246036498,75.98061487202793,0.005890861011244565,156.1999999999989
2016-07-29,8668.3,8670.35,8631.15,8638.5,0,-0.0032078280234931755,8629.38,8505.6125,8567.187101251851,8457.590042626387,65.69746043430268,0.006643267038336597,97.29999999999927
2016-08-01,8654.3,8711.3,8590.5,8636.55,0,-0.00022573363431155347,8629.56,8521.022500000001,8577.858316443875,8470.846335765173,61.73303535148321,0.004483776129826658,0.8999999999996362
2016-08-02,8647.45,8687.2,8611.4,8622.9,0,-0.001580492210431217,8636.009999999998,8533.6325,8584.78780622174,8482.109570152938,60.251834225659344,0.003637138847160986,32.25
2016-08-03,8635.2,8635.45,8529.6,8544.85,1,-0.009051479200732793,8621.82,8544.077500000001,8578.643528341472,8486.757009400868,48.12331191207974,0.0053773056809515414,-70.94999999999891
2016-08-04,8599.95,8601.4,8518.15,8551.1,1,0.0007314347238394081,8598.78,8554.7375,8574.406062442784,8491.523156852656,50.93358999037543,0.003864702726931967,-115.19999999999891
2016-08-05,8600.2,8689.4,8590.15,8683.15,1,0.01544245769550101,8607.71,8572.735,8591.135898990047,8505.717737826533,64.09469176698714,0.00891389805045974,44.649999999999636
2016-08-08,8712.85,8723.5,8697.6,8711.35,0,0.003247669336588821,8622.67,8584.9075,8609.630376068502,8520.94975724679,64.57270408163276,0.008923672229177424,74.80000000000109
2016-08-09,8727.8,8728.35,8638.2,8678.25,0,-0.0037996406986288145,8633.74,8592.767499999998,8620.187241288731,8532.601627080361,59.02086677367576,0.009182650168582367,55.350000000000364
2016-08-10,8686.7,8690.1,8564.6,8575.3,1,-0.011862990810359353,8639.83,8595.557499999999,8613.281511859695,8535.764469518854,54.8642196359295,0.010023644068369905,30.44999999999891
2016-08-11,8572.8,8601.15,8540.05,8592.15,1,0.0019649458327988256,8648.039999999999,8596.914999999999,8610.030510035127,8539.94117548042,53.88368015854859,0.01003818701496835,41.04999999999927
2016-08-12,8605.45,8684.3,8604.45,8672.15,0,0.009310824415309282,8645.84,8603.4525,8619.587354645108,8549.73442174113,52.844894777864376,0.00800012637862123,-11.0
2016-08-16,8670.25,8682.35,8600.45,8642.55,0,-0.003413225094123229,8632.08,8610.145,8623.120069315091,8556.609649760305,54.14470531863916,0.00782946549800736,-68.80000000000109
2016-08-17,8639.8,8667.1,8603.6,8624.05,1,-0.002140571937680469,8621.24,8614.92,8623.263135574309,8561.605231259542,50.665913310194526,0.00774552691446267,-54.20000000000073
2016-08-18,8648.85,8690.7,8645.05,8673.25,0,0.005704976200277212,8640.829999999998,8620.289999999999,8630.953422409031,8569.875214129206,50.562161287713394,0.005320158269121248,97.95000000000073
2016-08-19,8694.3,8696.6,8647.1,8666.9,0,-0.0007321361657971481,8655.78,8628.130000000001,8636.483665115335,8577.06223530482,52.37975532093176,0.005494639770725034,74.75
2016-08-22,8667.0,8684.85,8614.0,8629.15,1,-0.0043556519632164115,8647.18,8632.5275,8635.355408943746,8580.920588245204,49.41501976284588,0.003981601844526559,-43.0
2016-08-23,8628.35,8642.15,8580.0,8632.6,1,0.00039980762879321396,8645.189999999999,8632.375,8634.931499875476,8584.748692819634,50.77936686485623,0.0037597835869815793,-9.949999999998909
2016-08-24,8648.5,8661.05,8620.9,8650.3,0,0.0020503672126588324,8650.439999999999,8635.357499999998,8637.295884510018,8589.604345203365,59.38250734051058,0.0036924446385421692,26.25
2016-08-25,8668.85,8683.05,8583.65,8592.2,0,-0.006716530062541026,8634.23,8634.1775,8630.358056123861,8589.79661592904,53.34799608993159,0.0035875951469922875,-81.04999999999927
2016-08-26,8614.35,8622.95,8547.55,8572.55,1,-0.0022869579385956795,8615.36,8629.49,8621.464509027883,8588.519088823186,38.97088153171124,0.0035311614433089582,-94.35000000000036
2016-08-29,8583.75,8622.0,8543.75,8607.45,1,0.004071134026631729,8611.02,8627.9375,8619.3084307159,8589.921378539988,39.7756347175754,0.00418472502542869,-21.69999999999891
2016-08-30,8646.75,8750.6,8642.25,8744.35,1,0.01590482663274262,8633.369999999999,8633.3275,8638.545595221147,8601.360535685173,55.401209347932664,0.008517111147866758,111.75
2016-08-31,8754.05,8819.2,8754.05,8786.2,0,0.004785947497526921,8660.550000000001,8641.4925,8661.261657494817,8615.052347856643,69.14488017429197,0.008560364003100035,135.90000000000146
2016-09-01,8793.6,8813.25,8759.95,8774.65,1,-0.0013145614713984122,8697.039999999999,8652.9825,8678.70601788023,8626.874396163557,66.72777268560942,0.007243079007239003,182.4499999999989
2016-09-02,8796.35,8824.1,8768.2,8809.65,1,0.003988763084567415,8744.46,8665.91,8698.851245898655,8640.413329781071,63.73626373626363,0.006315322930644667,237.10000000000036
2016-09-06,8852.7,8950.85,8848.45,8943.0,0,0.015136810202448503,8811.57,8678.9025,8736.412592683477,8662.827157204696,74.86139842780297,0.007519185883025233,335.5499999999993
2016-09-07,8968.7,8968.7,8913.35,8917.95,1,-0.002801073465280024,8846.29,8689.232500000002,8764.341424578328,8681.725145559903,74.05861165684348,0.007055799256967389,173.60000000000036
2016-09-08,8915.5,8960.35,8896.0,8952.5,0,0.0038742087587393392,8879.55,8702.945000000002,8793.288897720124,8701.782542185096,73.42111884592798,0.00704085629679692,166.29999999999927
2016-09-09,8934.3,8939.15,8858.7,8866.7,0,-0.009583915107511776,8897.960000000001,8717.515,8804.58291345549,8713.998650171385,64.7868561278864,0.00918157694526387,92.05000000000109
2016-09-12,8732.95,8746.95,8699.4,8715.6,1,-0.017041289318461272,8879.15,8723.6875,8790.893234462337,8714.117268677208,55.47880093795555,0.01237477248151023,-94.04999999999927
2016-09-14,8710.65,8739.85,8688.9,8726.6,1,0.0012621047317453726,8835.87,8726.41,8781.001967621978,8715.04191544186,55.90081607030759,0.008495659343503869,-216.39999999999964
2016-09-15,8743.85,8751.95,8704.35,8742.55,1,0.0018277450553478847,8800.789999999999,8731.41,8775.08628029552,8717.079551335055,55.80371185907518,0.00901232340752091,-175.40000000000146
2016-09-16,8780.85,8847.65,8750.5,8779.85,1,0.004266489754133573,8766.26,8739.2,8775.819160250056,8721.729214199126,62.1228761547903,0.009098566299114699,-172.64999999999964
2016-09-19,8788.45,8824.3,8774.2,8808.4,0,0.0032517639823002042,8754.6,8745.9575,8780.831597134662,8728.149272406597,65.0635498499074,0.008885927496623914,-58.30000000000109
2016-09-20,8816.1,8816.45,8759.3,8775.9,1,-0.003689659870123929,8766.66,8751.4075,8780.072889883175,8731.686363339442,60.79185085527575,0.003072095441229582,60.29999999999927
2016-09-21,8790.3,8826.85,8757.3,8777.15,1,0.0001424355336774319,8776.77,8758.8075,8779.623214516532,8735.054040129113,52.54342431761782,0.0031235507282477205,50.54999999999927
2016-09-22,8873.35,8893.35,8837.8,8867.45,0,0.010288077565041132,8801.75,8770.55,8793.135027667835,8744.861148267697,55.86007933645871,0.005186301556828493,124.90000000000146
2016-09-23,8880.75,8885.2,8820.3,8831.55,0,-0.004048514510936241,8812.09,8779.612500000001,8799.045023411245,8751.28254469231,53.96460423634335,0.005902888809368565,51.69999999999891
2016-09-26,8807.9,8809.55,8715.1,8723.05,0,-0.012285499147941192,8795.02,8786.155,8787.353481347976,8749.191245085472,44.526608519782556,0.00819140756332292,-85.35000000000036
2016-09-27,8748.9,8768.5,8690.5,8706.4,1,-0.0019087360498907247,8781.119999999999,8792.8475,8774.899099602135,8746.02152322729,32.45848161328584,0.008133662337206318,-69.5
2016-09-28,8711.2,8767.05,8703.15,8745.15,0,0.0044507488743912305,8774.72,8799.7325,8770.32231504796,8745.956965951194,37.44368551082684,0.008575625957316415,-32.0
2016-09-29,8792.7,8800.65,8558.25,8591.25,1,-0.017598325929229275,8719.48,8792.0775,8742.772728117505,8734.49719069555,27.630193820050806,0.008709290306284454,-276.2000000000007
2016-09-30,8581.5,8637.15,8555.2,8611.15,1,0.002316310199330651,8675.4,8783.325,8722.523077637888,8725.36036175514,32.769199649383,0.009541974979160232,-220.39999999999964
2016-10-03,8666.15,8745.2,8635.0,8738.1,1,0.014742514066065526,8678.41,8781.4975,8724.91952723206,8726.304038662167,51.56816281014775,0.011779839961777644,15.050000000001091
2016-10-04,8770.0,8783.65,8736.1,8769.15,0,0.003553404058090459,8690.960000000001,8779.4725,8731.724215350205,8729.47781357608,52.88494135195601,0.011765412568940023,62.75
2016-10-05,8806.35,8806.95,8731.4,8743.95,0,-0.0028737106789140654,8690.72,8769.52,8733.605105296327,8730.54982738526,50.09374581491907,0.011761048551912737,-1.1999999999989086
2016-10-06,8768.7,8781.15,8684.65,8709.55,0,-0.003934148754281663,8714.38,8759.1,8729.904319866122,8728.994284615983,45.27426727614943,0.007432316491558858,118.29999999999927
2016-10-07,8721.7,8723.7,8663.8,8697.6,1,-0.0013720571097242118,8731.670000000002,8746.355,8724.934424502104,8726.668782051836,42.38173817381744,0.007666811331791479,86.45000000000073
2016-10-10,8735.35,8745.8,8703.95,8708.8,0,0.001287711552611981,8725.81,8738.460000000001,8722.452205347934,8725.345168566515,45.247202153279474,0.0030689429494963824,-29.30000000000109
2016-10-13,8671.5,8681.55,8541.35,8573.35,1,-0.015553233510931297,8686.65,8731.3475,8699.513404525174,8714.086267191218,37.870491608141904,0.006488836798397873,-195.79999999999927
2016-10-14,8594.0,8604.45,8549.8,8583.4,0,0.0011722372234890255,8654.539999999999,8724.1875,8681.649803828994,8704.40580295483,31.30881094952936,0.006974726339976512,-160.5500000000011
2016-10-17,8612.95,8615.4,8506.15,8520.4,1,-0.007339748817484892,8616.71,8713.08,8656.842141701456,8690.775743476695,30.23063727047453,0.007169335245623964,-189.14999999999964
2016-10-18,8556.05,8685.1,8555.9,8677.9,0,0.018485047650345088,8612.77,8707.9825,8660.081812208924,8689.821984700644,47.29947963394941,0.0126465942383796,-19.700000000000728
2016-10-19,8697.5,8698.75,8636.7,8659.1,1,-0.002166422752048258,8602.83,8700.5175,8659.930764176781,8687.546282130226,47.17814103328961,0.012626390211459929,-49.69999999999891
2016-10-20,8693.35,8727.0,8678.3,8699.4,0,0.004654063355314042,8628.04,8696.692500000001,8666.002954303429,8688.424335305765,47.275650568689315,0.009739841907326064,126.04999999999927
2016-10-21,8708.6,8709.1,8652.05,8693.05,1,-0.0007299353978436063,8649.97,8692.4875,8670.164038256748,8688.766977134967,57.35442855078746,0.009863542665262409,109.64999999999964
2016-10-24,8709.85,8736.95,8684.15,8708.95,0,0.0018290473424174003,8687.68,8684.5625,8676.13110929417,8690.26201586571,57.106525214358484,0.008283960812309381,188.5500000000011
2016-10-25,8721.7,8722.65,8663.45,8691.3,0,-0.0020266507443493786,8690.359999999999,8677.55,8678.464784787375,8690.33890357936,45.95715272978565,0.002909142607101787,13.399999999999636
2016-10-26,8657.3,8657.3,8596.6,8615.25,0,-0.008750129439784482,8681.59,8672.16,8668.739433281624,8684.776762573481,37.66431548573259,0.005028997982378232,-43.850000000000364
2016-10-27,8607.1,8624.85,8550.25,8615.25,1,0.0,8664.759999999998,8667.602499999999,8660.510289699836,8679.626632012483,39.24991647176737,0.004056440736883337,-84.14999999999964
2016-10-28,8625.0,8653.75,8581.75,8638.0,0,0.0026406662604103737,8653.75,8662.244999999999,8657.047168207553,8676.543177789335,43.904932277025324,0.004556171450901058,-55.04999999999927
2016-10-30,8672.35,8678.25,8616.25,8625.7,1,-0.0014239407270200122,8637.1,8663.9675,8652.224526944852,8672.777016471608,43.87876723991147,0.004224744813608589,-83.25
2016-11-01,8653.15,8669.6,8614.5,8626.25,0,6.376294097854007e-05,8624.09,8664.7225,8648.228445876413,8669.330570807044,42.84227867857456,0.0043130745758715614,-65.04999999999927
2016-11-02,8542.8,8549.5,8504.85,8514.0,0,-0.013012606868569754,8603.84,8653.5175,8627.57791574158,8657.824602599114,44.63817869726258,0.00614011824638618,-101.25
2016-11-03,8499.85,8537.65,8476.15,8484.95,0,-0.0034120272492365045,8577.78,8639.3075,8605.635159473644,8645.019076480661,41.40099572015031,0.006002200205281624,-130.29999999999927
2016-11-04,8503.6,8504.0,8400.25,8433.75,1,-0.0060342135192311686,8536.93,8623.7975,8579.19128878539,8629.369515259872,42.27236243645771,0.005146457003288923,-204.25
2016-11-07,8535.75,8535.85,8481.45,8497.05,1,0.007505558025789227,8511.2,8613.1725,8566.554167433791,8619.568069685067,30.614213742094464,0.007572639341064492,-128.65000000000146
2016-11-08,8540.0,8559.4,8480.1,8543.55,0,0.005472487510371327,8494.66,8605.47,8563.01506475167,8613.937101560246,38.30820601032064,0.008451124176634944,-82.70000000000073
2016-11-09,8067.5,8476.2,8002.25,8432.0,1,-0.013056633366691717,8478.259999999998,8591.63,8542.85890094372,8600.46027922245,26.353024407499134,0.008465612595657363,-82.0
2016-11-10,8555.6,8598.45,8510.7,8525.75,0,0.011118358633776193,8486.42,8589.25,8540.226762336993,8594.926184465232,37.185968137254946,0.010146128651634768,40.79999999999927
2016-11-11,8456.65,8460.6,8284.95,8296.3,0,-0.026912588335337162,8458.93,8574.895,8502.699568131302,8572.805726356695,26.184567438102263,0.016234787017674734,-137.45000000000073
2016-11-15,8284.85,8288.55,8093.2,8108.45,1,-0.02264262382025717,8381.21,8554.297499999999,8442.045788418794,8538.40900588583,21.885099609280715,0.01686291078634648,-388.59999999999945
2016-11-16,8205.65,8210.05,8089.4,8111.6,0,0.000388483618940727,8294.82,8525.9825,8391.207974815903,8506.79352396836,23.86758677943233,0.015881404579256585,-431.9499999999989
2016-11-17,8105.1,8151.25,8060.3,8079.95,0,-0.0039018196163519425,8224.41,8497.025,8343.322132536534,8475.175485155889,23.108610469205203,0.016000040302942612,-352.0500000000002
2016-11-18,8097.55,8128.95,8048.3,8074.1,0,-0.000724014381277005,8134.08,8465.76,8301.903342915528,8445.466189959157,21.182542927228084,0.012982172201110012,-451.64999999999964
2016-11-21,8102.1,8102.45,7916.4,7929.1,1,-0.01795865793091489,8060.639999999999,8427.5625,8244.548982466986,8407.216842554775,18.65268652686521,0.010594816357008421,-367.1999999999989
2016-11-22,7989.15,8019.05,7938.15,8002.3,1,0.009231816977967267,8039.410000000001,8392.23,8207.279908241297,8377.223002365532,23.64519535374866,0.009874526579571741,-106.14999999999964
2016-11-23,8051.2,8055.2,7973.1,8033.3,0,0.0038738862577010202,8023.75,8359.33,8180.513768511866,8351.74722441253,28.19954648526077,0.010253362134659905,-78.30000000000018
2016-11-24,8011.8,8024.85,7952.55,7965.5,1,-0.008439869045099746,8000.860000000001,8326.8425,8147.434727202348,8323.13631890049,27.242059145673565,0.010667802846287896,-114.44999999999982
2016-11-25,8007.95,8122.25,7976.75,8114.3,1,0.0186805599146318,8008.9,8301.795000000002,8142.337076863525,8307.666961944897,37.10699438995843,0.014466651324146708,40.19999999999982
2016-11-28,8080.65,8146.5,8066.5,8126.9,1,0.001552814167580685,8048.460000000001,8276.240000000002,8139.962141961444,8294.276816615646,34.423263056011464,0.009985555380043278,197.79999999999927
2016-11-29,8131.55,8197.35,8128.7,8142.15,1,0.0018764842682941207,8076.43,8252.0625,8140.298735505837,8283.008163533004,32.65191459936037,0.009741363021333545,139.84999999999945
2016-11-30,8172.15,8234.25,8139.25,8224.5,0,0.010114036218934919,8114.67,8231.975,8153.252776197246,8278.674225493523,40.799858118293876,0.010189269942937467,191.19999999999982
2016-12-01,8244.0,8250.8,8185.05,8192.9,0,-0.003842178855857581,8160.15,8215.92,8159.352349089977,8272.32057916067,34.38130542912111,0.00881543324802205,227.39999999999964
2016-12-02,8153.55,8159.3,8070.05,8086.8,1,-0.012950237400676134,8154.65,8196.0125,8148.190449229981,8258.578314037659,38.88240288686058,0.008493907147618527,-27.5
2016-12-05,8088.75,8141.9,8056.85,8128.75,1,0.005187465993965468,8155.0199999999995,8180.7625,8145.199610886907,8248.961401886721,51.27464523420822,0.008876457338097677,1.8500000000003638
2016-12-06,8153.15,8178.7,8130.85,8143.15,0,0.0017714900815009038,8155.219999999999,8163.0675,8144.884286135076,8241.123520265483,51.95343941551602,0.008871259094640923,1.0
2016-12-07,8168.4,8190.45,8077.5,8102.05,1,-0.00504718689941841,8130.7300000000005,8140.9925,8138.294395960449,8230.821778023595,51.35250917992659,0.006958921104103386,-122.44999999999982
2016-12-08,8152.1,8256.25,8151.75,8246.85,1,0.017872020044309878,8141.5199999999995,8131.735000000001,8154.99525812038,8232.009053725551,59.035514409749474,0.011546648206824954,53.95000000000073
2016-12-09,8271.7,8274.95,8241.95,8261.75,0,0.0018067504562346848,8176.51,8118.535000000001,8171.419064563399,8234.212086782918,70.13985590603622,0.008440456787329118,174.94999999999982
2016-12-12,8230.65,8230.65,8154.45,8170.8,1,-0.011008563560988893,8184.92,8112.259999999999,8171.323823861338,8229.514895169368,59.9869606448554,0.010801088419317715,42.05000000000018
2016-12-13,8196.15,8228.85,8155.8,8221.8,0,0.006241738875018221,8200.65,8117.927500000001,8179.089389421131,8228.94342145312,60.9136174154701,0.011054779797019907,78.64999999999964
2016-12-14,8229.35,8229.4,8165.1,8182.45,0,-0.004786056581283837,8216.73,8121.469999999999,8179.606406433264,8225.499464308443,62.98868466742505,0.011013864382924864,80.39999999999964
2016-12-15,8128.4,8225.9,8121.95,8153.6,0,-0.0035258388380007277,8198.08,8125.152499999999,8175.605420828146,8220.173578063373,52.74748322147654,0.006582904758320368,-93.25
2016-12-16,8178.2,8178.7,8127.45,8139.45,0,-0.001735429748822681,8173.62,8128.42,8170.043048393047,8214.194053762383,50.8754795953959,0.006217024252090687,-122.30000000000018
2016-12-19,8126.0,8132.5,8094.85,8104.35,0,-0.0043123306857342225,8160.33,8137.182500000001,8159.936425563347,8206.057457187393,47.43415693727943,0.004547663642903066,-66.44999999999982
2016-12-20,8110.6,8124.1,8062.75,8082.4,0,-0.0027084220202731046,8132.45,8141.1875,8148.007744707447,8196.897645543882,39.49275362318833,0.001226527908728699,-139.39999999999964
2016-12-21,8105.85,8112.55,8053.25,8061.3,0,-0.002610610709690153,8108.219999999999,8142.5875,8134.668091675532,8186.853375503595,40.11566771819136,0.000978799314559193,-121.14999999999964
2016-12-22,8043.85,8046.45,7964.95,7979.1,1,-0.010196866510364333,8073.32,8143.2675,8110.734539110066,8171.464236577403,41.609535680897444,0.0034182068906451354,-174.5
2016-12-23,7972.5,8022.6,7942.05,7985.75,0,0.0008334273288967964,8042.58,8136.839999999999,8091.506148477748,8157.7076264605585,38.21104699093151,0.004039096949265497,-153.69999999999982
2016-12-26,7965.1,7970.05,7893.8,7908.25,1,-0.009704786651222541,8003.360000000001,8125.907499999999,8063.312894865787,8139.229283759777,32.45967741935479,0.0048491425470282195,-196.10000000000036
2016-12-27,7915.05,8044.65,7903.7,8032.85,1,0.01575569816331046,7993.45,8120.4425,8058.626295655666,8131.349336814608,45.40565661930687,0.010569935796019073,-49.54999999999927
2016-12-28,8047.55,8100.55,8028.4,8034.85,1,0.0002489776355838469,7988.160000000001,8110.960000000001,8054.968404016332,8124.201237791304,32.63149270850394,0.010550835493018327,-26.449999999999818
2016-12-29,8030.6,8111.1,8020.8,8103.6,1,0.008556475852069312,8013.06,8106.495,8062.45018801382,8122.675220177133,38.09380411051718,0.009580721030780432,124.5
2016-12-30,8119.65,8197.0,8114.75,8185.8,0,0.010143639863764209,8053.07,8111.445,8081.42708216554,8127.351129793642,51.144339334757404,0.009919596242789413,200.05000000000018
2017-01-02,8210.1,8212.0,8133.8,8179.5,1,-0.000769625448948208,8107.32,8113.9825,8096.515223370841,8131.214009068187,46.536761093826804,0.0069764594766689916,271.25
2017-01-03,8196.05,8219.1,8148.6,8192.25,0,0.0015587749862460143,8139.2,8116.4375,8111.2436505445585,8135.735193581654,50.838897449066955,0.005031678519103867,159.39999999999964
2017-01-04,8202.65,8218.5,8180.9,8190.5,1,-0.00021361652781592966,8170.33,8120.860000000001,8123.436935076164,8139.791845908939,53.31238779174144,0.005120163980450548,155.64999999999964
2017-01-05,8226.65,8282.65,8223.7,8273.8,0,0.0101703192723277,8204.369999999999,8122.2074999999995,8146.569714295216,8149.71837584161,60.728260001597036,0.0055254498047036995,170.1999999999989
2017-01-06,8281.85,8306.85,8233.25,8243.8,0,-0.0036259034542773794,8215.97,8121.31,8161.528219788259,8156.687385038528,61.22695435150141,0.00523238880698523,57.99999999999909
2017-01-09,8259.35,8263.0,8227.75,8236.05,1,-0.0009401004391178525,8227.279999999999,8124.5725,8172.993109051603,8162.566097257896,62.65963582433879,0.0052507792981593745,56.54999999999927
2017-01-10,8262.7,8293.8,8261.0,8288.6,1,0.006380485791125823,8246.55,8127.9125,8190.778784582126,8171.90194190546,67.80510731630895,0.005712058126713463,96.35000000000036
2017-01-11,8327.8,8389.0,8322.25,8380.65,1,0.01110561494100315,8284.579999999998,8137.8225,8219.98974080026,8187.364761023575,80.97662578106916,0.006612075651953946,190.14999999999964
2017-01-12,8391.05,8417.2,8382.3,8407.2,0,0.00316801202770689,8311.26,8150.5025000000005,8248.791319138682,8203.648852799606,81.54329765736098,0.005838387998239928,133.40000000000146
2017-01-13,8457.65,8461.05,8373.15,8400.35,1,-0.0008147778094966807,8342.57,8163.547499999999,8272.108039271192,8218.219308147784,91.18680950786735,0.0051037491378578,156.5500000000011
2017-01-16,8390.95,8426.7,8374.4,8412.8,0,0.0014820811037634662,8377.920000000002,8178.969999999999,8293.752956306393,8232.632692729429,89.14992272024719,0.004637387549117464,176.75
2017-01-17,8415.05,8440.9,8378.3,8398.0,1,-0.0017592240395586378,8399.8,8194.75,8309.790963028485,8244.88212289762,86.45718301375365,0.005113091142639893,109.39999999999964
2017-01-18,8403.85,8460.3,8397.4,8417.0,1,0.002262443438914019,8407.070000000002,8212.535,8326.284661024103,8257.631595275574,84.9542716930627,0.002082406679462952,36.350000000000364
2017-01-19,8418.4,8445.15,8404.05,8435.1,0,0.0021504098847571207,8412.65,8235.335000000001,8343.02548240501,8270.77740303294,82.44403956272778,0.0018366063028763585,27.899999999999636
2017-01-20,8404.35,8423.65,8340.95,8349.35,1,-0.010165854583822354,8402.45,8253.515,8343.998485111932,8276.59759540087,68.31661813868224,0.005270351464107528,-51.0
2017-01-23,8329.6,8404.15,8327.2,8391.5,1,0.005048297172833838,8398.189999999999,8277.6775,8351.306410479327,8285.108884630436,70.20586147449552,0.0059256539219289936,-21.299999999999272
2017-01-24,8407.05,8480.95,8398.15,8475.8,1,0.010045879759280174,8413.75,8299.825,8370.459270405583,8299.234152435589,74.78283530229325,0.007450520188255851,77.79999999999927
2017-01-25,8499.45,8612.6,8493.95,8602.75,1,0.014977937185870482,8450.9,8328.22,8406.1963057278,8321.71680781073,76.56035526846998,0.0095054344423049,185.75
2017-01-27,8610.5,8672.7,8606.9,8641.25,0,0.00447531312661642,8492.13,8355.1025,8442.358412538908,8345.385933158082,81.65671047391483,0.0094236990712931,206.14999999999964
2017-01-30,8635.55,8662.6,8617.75,8632.75,0,-0.0009836539852451365,8548.810000000001,8377.45,8471.64942599446,8366.672160331558,81.55926809864764,0.006050500691882947,283.39999999999964
2017-01-31,8629.45,8631.75,8552.4,8561.3,1,-0.008276621007211049,8582.77,8396.539999999999,8485.441821995311,8381.089037344034,71.06116774791467,0.009121876308338226,169.79999999999927
2017-02-01,8570.35,8722.4,8537.5,8716.4,1,0.018116407554927383,8630.890000000001,8422.7475,8520.973849380647,8405.926886429661,73.62938982335137,0.010974482349168901,240.60000000000036
2017-02-02,8724.75,8757.6,8685.8,8734.25,1,0.0020478637969805202,8657.189999999999,8449.935,8553.785564860547,8430.2471170645,73.30245814036333,0.009677187024318095,131.5
2017-02-03,8735.15,8748.25,8707.75,8740.95,1,0.0007670950568166024,8677.13,8473.2925,8582.58009334354,8453.262145430093,74.27309007981758,0.009685215009793587,99.70000000000073
2017-02-06,8785.45,8814.1,8770.2,8801.05,0,0.006875682849118103,8710.789999999999,8501.154999999999,8616.190848213766,8479.024208731567,75.90924257590925,0.009649823159797502,168.29999999999927
2017-02-07,8805.7,8809.3,8741.05,8768.3,1,-0.0037211469086074755,8752.189999999999,8527.7675,8639.592256180878,8500.452045121821,74.13321167883205,0.00833789862937785,207.0
2017-02-08,8774.55,8791.25,8715.0,8769.05,1,8.55353945463655e-05,8762.72,8551.789999999999,8659.508832153051,8520.348189927612,73.5029040656919,0.0038268383850250842,52.649999999999636
2017-02-09,8795.55,8821.4,8724.1,8778.4,1,0.0010662500498914707,8771.55,8571.6775,8677.799781052581,8539.463138821862,73.18967846527958,0.0037982455942707355,44.149999999999636
2017-02-10,8812.35,8822.1,8771.2,8793.55,1,0.001725827029982696,8782.07,8590.994999999999,8695.607507044491,8558.28438779802,83.16905615292703,0.0038068120017666273,52.599999999998545
2017-02-13,8819.8,8826.9,8754.2,8805.05,0,0.001307776722711429,8782.869999999999,8611.23,8712.44481365303,8576.563322035203,82.36168714296883,0.0022156711455813562,4.0
2017-02-14,8819.9,8820.45,8772.5,8792.3,0,-0.0014480326630740281,8787.67,8630.204999999998,8724.73022693718,8592.543816699263,77.89037715897067,0.0012679845031504167,24.0
2017-02-15,8778.95,8807.9,8712.85,8724.7,1,-0.0076885456592699075,8778.8,8646.539999999999,8724.725576639152,8602.333163610429,62.00177147918521,0.0039358119312665136,-44.349999999998545
2017-02-16,8739.0,8783.95,8719.6,8778.0,1,0.006109092576249031,8778.720000000001,8664.59,8732.92164177159,8615.345521861507,63.077364444869495,0.005079869497858012,-0.3999999999996362
2017-02-17,8883.7,8896.45,8804.25,8821.7,1,0.004978354978355082,8784.35,8683.92,8746.579850729808,8630.631038760655,66.929486605143,0.00554306072058112,28.150000000001455
2017-02-20,8818.55,8886.25,8809.8,8879.2,1,0.00651801806907959,8799.179999999998,8710.4125,8766.98295061753,8649.043554408014,79.21337989340216,0.00615336721779204,74.15000000000146
2017-02-21,8890.75,8920.8,8860.95,8907.85,1,0.0032266420398232576,8822.29,8736.23,8788.65480436868,8668.214402229642,72.91990901472545,0.005906858274931999,115.55000000000109
2017-02-22,8931.6,8960.75,8905.25,8926.9,1,0.0021385631774220037,8862.73,8758.785,8809.923296004268,8687.37629836078,72.99749313596766,0.0018737607561440186,202.1999999999989
2017-02-23,8956.4,8982.15,8927.55,8939.5,0,0.0014114642261031651,8895.029999999999,8775.6225,8829.858173542074,8706.052128111833,73.37257210123613,0.002089537271976594,161.5
2017-02-27,8943.7,8951.8,8888.65,8896.7,0,-0.004787739806476843,8910.03,8788.395,8840.141531458677,8720.174192696142,61.73763651981865,0.004120384773524282,75.0
2017-02-28,8898.95,8914.75,8867.6,8879.6,1,-0.0019220609889060158,8910.109999999999,8800.7375,8846.212065080419,8731.983511755687,64.20367534456378,0.0033012414026745624,0.3999999999996362
2017-03-01,8904.4,8960.8,8898.6,8945.8,0,0.007455290778863866,8917.7,8819.9625,8861.533285837279,8747.821770144155,69.3275013668673,0.004611765423836903,37.94999999999891
2017-03-02,8982.85,8992.5,8879.8,8899.75,0,-0.005147667061637828,8912.27,8829.130000000001,8867.412780323852,8759.07571309644,62.28363194655345,0.0052177573310609885,-27.149999999999636
2017-03-03,8883.5,8907.1,8860.1,8897.55,1,-0.00024719795499883457,8903.880000000001,8837.295,8872.049275658643,8769.333067681888,60.8108108108109,0.005109656956774371,-41.95000000000073
2017-03-06,8915.1,8967.8,8914.0,8963.45,0,0.007406533259155745,8917.23,8848.42,8886.110925557314,8783.712099705452,64.79267837131137,0.00568565958583082,66.75
2017-03-07,8977.75,8977.85,8932.8,8946.9,0,-0.0018463872727577657,8930.689999999999,8855.7125,8895.463090856189,8795.800092319863,64.33605341246297,0.0056743325979500235,67.29999999999927
2017-03-08,8950.7,8957.05,8891.95,8924.3,1,-0.0025260145972347825,8926.39,8863.5125,8899.899538416776,8805.318603999873,70.19425333872908,0.004745829774124746,-21.5
2017-03-09,8914.5,8945.8,8899.5,8927.0,1,0.0003025447374025436,8931.84,8871.41,8904.06884019881,8814.332040740623,66.79440937781777,0.003965170100323371,27.25
2017-03-10,8953.7,8975.7,8903.95,8934.55,1,0.0008457488517978895,8939.24,8879.2175,8908.758249398992,8823.237074759836,63.84832494784616,0.003935572363835574,37.0
2017-03-14,9091.65,9122.75,9060.5,9087.0,0,0.017062974632186423,8963.95,8893.89,8936.180057183763,8842.77506922207,70.6807324840763,0.008115401700858369,123.54999999999927
2017-03-15,9086.85,9106.55,9075.5,9084.8,1,-0.00024210410476510624,8991.53,8907.877499999999,8959.044663770876,8860.702841872288,68.58913751444459,0.007916645730112663,137.89999999999964
2017-03-16,9129.65,9158.45,9128.55,9153.7,1,0.007584096512856853,9037.41,8925.9475,8988.991638575357,8882.406335066933,71.56713579307713,0.007398230131108126,229.40000000000146
2017-03-17,9207.8,9218.4,9147.6,9160.05,0,0.0006937085550102751,9084.02,8947.715,9015.308309563763,8902.972532469383,71.2250986430563,0.007336486357821554,233.04999999999927
2017-03-20,9166.95,9167.6,9116.3,9126.85,0,-0.0036244343644411536,9122.48,8965.1575,9032.468569630877,8919.556048582763,72.5659378370427,0.008217532877114358,192.3000000000011
2017-03-21,9133.95,9147.75,9087.2,9121.5,0,-0.0005861825273780763,9129.38,8980.1475,9046.165712764589,8934.514859798854,74.27739863508614,0.004141625485852013,34.5
2017-03-22,9047.2,9072.9,9019.3,9030.45,1,-0.009981910869922617,9118.51,8987.710000000001,9043.747910800805,8941.62116648042,58.09196061562002,0.006405498450533726,-54.349999999998545
2017-03-23,9048.75,9099.05,9048.6,9086.3,1,0.006184630887718701,9105.03,8996.6325,9050.29438606222,8952.338117111498,67.50492633949503,0.005940330370780043,-67.40000000000146
2017-03-24,9104.0,9133.55,9089.4,9108.0,0,0.0023882108228872045,9094.619999999999,9005.6875,9059.172172821878,8963.86862695509,69.05042092875892,0.006139130942605774,-52.04999999999927
2017-03-27,9093.45,9094.85,9024.65,9045.2,1,-0.006895037329819886,9078.29,9010.9725,9057.022607772358,8969.893173106566,57.44196631770596,0.006627017744478669,-81.64999999999964
2017-03-28,9081.5,9110.4,9079.8,9100.8,1,0.006146906646619099,9074.15,9021.1775,9063.757591191996,8979.589975098672,63.08006119326876,0.007549620083764282,-20.700000000000728
2017-03-29,9128.7,9153.15,9109.1,9143.8,1,0.0047248593530238026,9096.82,9034.3875,9076.071807931688,8991.753680646918,68.03022835551184,0.005479625074148067,113.34999999999854
2017-03-30,9142.6,9183.15,9136.35,9173.75,0,0.0032754434698922807,9114.310000000001,9045.785,9091.099222096043,9005.234889487887,69.40011007154659,0.0051355374872939326,87.45000000000073
2017-03-31,9158.9,9191.7,9152.1,9173.75,1,0.0,9127.460000000001,9059.485,9103.81472638896,9017.717490266561,69.03246339910898,0.00519278409871247,65.75
2017-04-03,9220.6,9245.35,9192.4,9237.85,1,0.0069873279738383864,9165.99,9076.5,9124.435537713736,9034.023602098667,63.96629941672077,0.002753466214495814,192.64999999999964
2017-04-05,9264.4,9273.9,9215.4,9265.15,0,0.002955233089950493,9198.86,9091.585000000001,9146.083916527008,9051.144076017283,65.955940900646,0.002560259155284655,164.35000000000036
2017-04-06,9245.8,9267.95,9218.85,9261.95,0,-0.0003453802690727148,9222.49,9107.3375,9163.909467830545,9066.759329645633,60.836920612674085,0.0029691362882617416,118.15000000000146
2017-04-07,9223.7,9250.5,9188.1,9198.3,0,-0.0068722029378264216,9227.4,9121.0375,9169.200318933537,9076.503083005216,53.43511450381681,0.005084720118028877,24.549999999999272
2017-04-10,9225.6,9225.65,9174.85,9181.45,1,-0.0018318602350432256,9228.939999999999,9133.759999999998,9171.084885251455,9084.276928708534,55.05181347150266,0.005198528534169557,7.700000000000728
2017-04-11,9184.55,9242.7,9172.85,9237.0,0,0.006050242608738099,9228.77,9148.8825,9181.225672135846,9095.5897488042,59.778191669488734,0.004900015925425831,-0.8500000000003638
2017-04-12,9242.5,9246.4,9161.8,9203.45,0,-0.00363213164447318,9216.43,9154.705,9184.644799499561,9103.579397040925,66.22584880885402,0.004788138325360433,-61.69999999999891
2017-04-13,9202.5,9202.65,9144.95,9150.8,0,-0.005720680831644787,9194.2,9158.005000000001,9179.43790726886,9107.077219482338,56.08605397244765,0.005105757603717657,-111.15000000000146
2017-04-17,9144.75,9160.0,9120.25,9139.3,0,-0.0012567207238711742,9182.4,9157.285,9173.262844612113,9109.464092113276,53.01135270348273,0.004452238263126023,-59.0
2017-04-18,9163.0,9217.9,9095.45,9105.15,0,-0.0037366100248377165,9167.14,9154.54,9162.783945441019,9109.144529734516,56.10426636798689,0.004590784604347138,-76.30000000000109
2017-04-19,9112.2,9120.5,9075.15,9103.5,1,-0.0001812161249402644,9140.439999999999,9153.372500000001,9153.663338450093,9108.726416420848,50.30885380919706,0.0021956876066703095,-133.5
2017-04-20,9108.1,9143.9,9102.65,9136.4,0,0.0036139946174547077,9127.029999999999,9154.1175,9151.007440227002,9110.776311500786,49.13348946135835,0.003562243533088198,-67.05000000000109
2017-04-21,9179.1,9183.65,9088.75,9119.4,1,-0.001860689111685132,9120.75,9158.564999999999,9146.144757115155,9111.415103241468,43.43678299722247,0.0027274797572732373,-31.399999999999636
2017-04-24,9135.35,9225.4,9130.55,9217.95,1,0.010806632015264217,9136.48,9165.147500000001,9157.191717558977,9119.306577075433,54.31135388216942,0.005752484084065066,78.65000000000146
2017-04-25,9273.05,9309.2,9250.35,9306.6,1,0.009617105755618027,9176.77,9175.077500000001,9180.177607165288,9133.180163958734,56.39951596388348,0.005680332220912672,201.45000000000073
2017-04-26,9336.2,9367.0,9301.35,9351.85,0,0.0048621408462812266,9226.44,9190.41,9206.588744524473,9149.377929591421,57.80940371104314,0.005079666763078854,248.35000000000036
2017-04-27,9359.15,9367.15,9322.65,9342.15,0,-0.001037227928164075,9267.59,9202.4775,9227.444322289939,9163.65734221428,57.14031339031328,0.0058567540768116365,205.75
2017-04-28,9340.95,9342.65,9282.25,9304.05,1,-0.004078290329313949,9304.52,9210.49,9239.22981116841,9174.056798346553,59.8638186736312,0.006504845090668511,184.64999999999964
2017-05-02,9339.85,9352.55,9269.9,9313.8,0,0.001047930739838998,9323.689999999999,9217.492499999998,9250.702147911732,9184.40814661718,62.51063427545121,0.005321068040513231,95.84999999999854
2017-05-03,9344.7,9346.3,9298.4,9311.95,1,-0.00019862998990727299,9324.759999999998,9224.4025,9260.12489438685,9193.855691312203,57.88532351394011,0.003256351300822609,5.350000000000364
2017-05-04,9360.95,9365.65,9323.25,9359.9,0,0.005149297408169051,9326.369999999999,9230.505000000001,9275.474910635026,9206.155269733523,65.97569692637589,0.0033617407793109805,8.049999999999272
2017-05-05,9374.55,9377.1,9272.0,9285.3,1,-0.007970170621481087,9315.0,9231.5125,9276.986462845023,9212.017842345855,63.145035183737335,0.005012204611989065,-56.850000000000364
2017-05-08,9311.45,9338.7,9297.95,9314.05,1,0.003096291988411881,9317.0,9234.1175,9282.68854548425,9219.575779949864,66.52169802401443,0.005012746789864652,10.0
2017-05-09,9337.35,9338.95,9307.7,9316.85,1,0.00030062110467521386,9317.609999999999,9240.045,9287.944153871289,9226.781277731356,71.27638190954781,0.0049931765161887074,3.0500000000010914
2017-05-10,9339.65,9414.75,9336.0,9407.3,1,0.009708216832942318,9336.68,9251.3375,9306.306591737244,9240.15303493644,75.90823810336002,0.006572909696401341,95.34999999999854
2017-05-11,9448.6,9450.65,9411.3,9422.4,0,0.0016051364365972098,9349.179999999998,9260.6075,9324.16711608536,9253.652810126334,75.15391380826738,0.006343129665180183,62.5
2017-05-12,9436.65,9437.75,9372.55,9400.9,1,-0.002281796569876038,9372.3,9270.48,9335.97217514915,9264.560009376235,74.56369982547993,0.004494901486407464,115.60000000000036
2017-05-15,9433.55,9449.25,9423.1,9445.4,1,0.004733589337191146,9398.57,9285.210000000001,9352.807225126204,9277.955564237254,71.91444262453024,0.004608704065342361,131.35000000000036
2017-05-16,9461.0,9517.2,9456.35,9512.25,1,0.0070775192157028766,9437.65,9303.8575,9377.336882799094,9295.310707627088,70.68289248717689,0.004681007902620828,195.39999999999964
2017-05-17,9517.6,9532.6,9486.1,9525.75,0,0.0014192225814082526,9461.34,9324.8875,9400.169670060772,9312.380284839897,68.68285345938975,0.003562880381215296,118.45000000000073
2017-05-18,9453.2,9489.1,9418.1,9429.45,0,-0.010109440201558906,9462.75,9341.185,9404.67433620527,9321.052115592498,57.90760869565229,0.006741270279083667,7.050000000001091
2017-05-19,9469.9,9505.75,9390.75,9427.9,1,-0.0001643786222951249,9468.15,9355.759999999998,9408.247515250612,9328.966773696759,62.013774371908106,0.006614226098142349,27.0
2017-05-22,9480.25,9498.65,9427.9,9438.25,0,0.0010978054497821077,9466.72,9371.7025,9412.863282135133,9337.061827496998,62.057940122081284,0.006233902616642004,-7.149999999999636
2017-05-23,9445.05,9448.05,9370.0,9386.15,0,-0.005520091118586645,9441.5,9380.1125,9408.753546422036,9340.697988423146,56.55129789864019,0.005016559038872066,-126.10000000000036
2017-05-24,9410.9,9431.9,9341.65,9360.55,1,-0.0027274228517549792,9408.460000000001,9382.81,9401.337616203262,9342.16850779921,50.059748138615646,0.004489636919379009,-165.20000000000073
2017-05-25,9384.05,9523.3,9379.2,9509.75,1,0.01593923433986255,9424.52,9390.705,9418.016444479683,9354.581951665934,68.14323821841401,0.008341507612743887,80.29999999999927
2017-05-26,9507.75,9604.9,9495.4,9595.1,1,0.008974999342779899,9457.960000000001,9403.352499999999,9445.260068405885,9372.398103394384,70.81389320891651,0.008812059235395037,167.20000000000073
2017-05-29,9560.05,9637.75,9547.7,9604.9,1,0.0010213546497690462,9491.289999999999,9418.395,9469.820057881903,9389.620466105911,71.11339148281161,0.008817448841738611,166.64999999999964
2017-05-30,9590.65,9635.3,9581.2,9624.55,0,0.0020458307738757675,9538.97,9433.932499999999,9493.62466436161,9407.022653801769,67.76805430604394,0.007411551178184374,238.39999999999964
2017-05-31,9636.55,9649.6,9609.25,9621.25,0,-0.0003428731732911805,9591.11,9449.3975,9513.259331382902,9422.891346112749,66.58327078642316,0.006840652585367705,260.7000000000007
2017-06-01,9603.55,9634.65,9589.9,9616.1,1,-0.0005352734831752803,9612.380000000001,9462.2075,9529.080972708609,9437.203098252545,68.44993141289441,0.003913314848356681,106.35000000000036
2017-06-02,9657.15,9673.5,9637.45,9653.5,1,0.003889310635288634,9624.06,9480.617499999998,9548.222361522669,9453.22509097458,68.06110050338485,0.0018282600688066155,58.399999999999636
2017-06-05,9656.3,9687.2,9640.7,9675.1,0,0.0022375304293780207,9638.1,9498.67,9567.741998211488,9469.660269420907,65.33860789300181,0.0018762171638608959,70.20000000000073
2017-06-06,9704.25,9709.3,9630.2,9637.15,1,-0.0039224400781388,9640.619999999999,9514.685,9578.420152332797,9482.06691613047,60.03061408247788,0.002982075846281584,12.600000000000364
2017-06-07,9663.95,9678.55,9630.55,9663.9,0,0.002775716887253976,9649.15,9527.515,9591.570898127751,9495.53603345414,74.1327843540914,0.0031447817656948883,42.649999999999636
2017-06-08,9682.4,9688.7,9641.5,9647.25,1,-0.0017229069009405684,9655.380000000001,9538.7575,9600.136913800405,9506.77410505013,71.89777378456625,0.00331925984106126,31.149999999999636
2017-06-09,9638.55,9676.25,9608.15,9668.25,0,0.0021767861307626646,9658.33,9552.125,9610.615850138804,9518.735282453823,72.48289345063539,0.002971795653240636,14.75
2017-06-12,9646.7,9647.05,9598.5,9616.4,0,-0.005362914695006937,9646.59,9560.675,9611.505719348219,9525.969705975764,72.51833740831296,0.003613286519879628,-58.70000000000073
2017-06-13,9615.55,9654.15,9595.4,9606.9,1,-0.0009878956782163328,9640.539999999999,9565.4075,9610.7971471408,9531.964542570151,74.87630011107751,0.0032863279848860767,-30.25
2017-06-14,9621.55,9627.4,9580.45,9618.15,0,0.0011710333198013956,9631.39,9570.0275,9611.928355272985,9538.348650527918,65.17357222844345,0.002930362389433003,-45.75
2017-06-15,9617.9,9621.4,9560.8,9578.05,1,-0.004169200937810369,9617.55,9577.4575,9606.716300615602,9541.289491229554,47.267190254848344,0.0032764568528857534,-69.20000000000073
2017-06-16,9595.45,9615.85,9565.5,9588.05,1,0.0010440538522977771,9601.509999999998,9585.465,9603.844562059356,9544.753232619958,47.300977094345605,0.0029910718333354663,-80.20000000000073
2017-06-19,9626.4,9673.3,9614.9,9657.55,0,0.007248606338097874,9609.74,9596.43,9612.106937127148,9553.108548722183,54.55801104972376,0.0041729030750904715,41.149999999999636
2017-06-20,9670.5,9676.5,9643.75,9653.5,0,-0.0004193610180635021,9619.060000000001,9609.797499999999,9618.475100646048,9560.54495252054,54.44521019986217,0.004117292190147999,46.600000000000364
2017-06-21,9648.1,9650.45,9608.6,9633.6,0,-0.0020614284974361796,9622.15,9623.45,9620.802008238963,9565.956437519018,52.31788079470199,0.004327246731223443,15.450000000000728
2017-06-22,9642.65,9698.85,9617.75,9630.0,0,-0.00037369207772797175,9632.539999999999,9629.4625,9622.217083894508,9570.700405110203,46.581320919406465,0.0036153347660604607,51.95000000000073
2017-06-23,9643.25,9647.65,9565.3,9574.95,0,-0.00571651090342673,9629.920000000002,9628.454999999998,9614.945224833815,9571.015189916854,36.722789341111,0.004728531659133509,-13.099999999998545
2017-06-27,9594.05,9615.4,9473.45,9511.4,0,-0.006637110376555566,9600.689999999999,9623.78,9599.015190243997,9566.599249923012,34.38857852265673,0.002959621991978945,-146.14999999999964
2017-06-28,9520.2,9522.5,9474.35,9491.25,1,-0.0021185104190760695,9568.24,9617.115000000002,9582.43593020646,9561.017824002789,28.20901173797806,0.0026662668087361003,-162.25
2017-06-29,9522.95,9575.8,9493.8,9504.1,1,0.0013538785723692381,9542.34,9611.257500000002,9570.384248636235,9556.801688891472,31.7573595004461,0.0034199390832729566,-129.5
2017-06-30,9478.5,9535.8,9448.75,9520.9,1,0.001767658168579711,9520.52,9606.497500000001,9562.771287307583,9554.142304529141,31.01893597835881,0.0038861362194462607,-109.10000000000036
2017-07-03,9587.95,9624.0,9543.55,9615.0,0,0.009883519415181397,9528.529999999999,9604.5725,9570.806473875647,9558.650281971428,49.83736059479558,0.006073906053554819,40.04999999999927
2017-07-04,9645.9,9650.65,9595.5,9613.3,1,-0.00017680707228295844,9548.91,9601.4825,9577.34393943324,9562.698409232804,50.757217226691864,0.004588605597099704,101.89999999999964
2017-07-05,9619.75,9643.65,9607.35,9637.6,1,0.0025277480157699372,9578.18,9601.505000000001,9586.614102597357,9568.24667521556,52.23229656834623,0.003933859428324882,146.35000000000036
2017-07-06,9653.6,9700.7,9639.95,9674.55,0,0.003833942060263773,9612.27,9602.0375,9600.142702197763,9576.120995569963,61.15606936416185,0.0038178345455386633,170.4499999999989
2017-07-07,9670.35,9684.25,9642.65,9665.8,1,-0.0009044348315941919,9641.25,9602.965,9610.24382493657,9582.763884787004,59.01449275362319,0.004290473700257334,144.89999999999964
2017-07-10,9719.3,9782.15,9646.45,9771.05,1,0.010888907281342508,9672.460000000001,9608.105,9634.98323648479,9596.71100443241,62.15203426124197,0.004696183969018167,156.04999999999927
2017-07-11,9797.45,9830.05,9778.85,9786.05,1,0.0015351471950302287,9707.009999999998,9616.587499999998,9658.22427702559,9610.736115215195,63.866513233601744,0.004440815109387292,172.75
2017-07-12,9807.3,9824.95,9787.7,9816.1,1,0.0030706975746088716,9742.71,9627.047499999999,9682.512849790885,9625.948254828885,68.69493956156516,0.004415331538290476,178.5
2017-07-13,9855.8,9897.25,9853.45,9891.7,0,0.0077016330314483294,9786.140000000001,9640.725,9714.695488284593,9645.633569286005,73.36189966077484,0.0047723449897650394,217.15000000000146
2017-07-14,9913.3,9913.3,9845.45,9886.35,1,-0.0005408574865797267,9830.25,9656.140000000001,9741.103874702349,9663.464416005561,80.5054858934167,0.004671917548753709,220.5500000000011
2017-07-17,9908.15,9928.2,9894.7,9915.95,0,0.0029940271181982947,9859.23,9672.535,9768.003278594295,9682.167051857,92.45461223633109,0.003032424547081945,144.90000000000146
2017-07-18,9832.7,9885.35,9792.05,9827.15,1,-0.008955269036249769,9867.45,9681.015,9777.102774195173,9692.906529497222,80.81086039258825,0.006215925690514427,41.100000000000364
2017-07-19,9855.95,9905.05,9851.65,9899.6,0,0.007372432495688086,9884.15,9693.32,9795.948501242068,9708.217156941872,82.70216636348579,0.0068634131510934265,83.5
2017-07-20,9920.2,9922.55,9863.45,9873.3,1,-0.002656672996888876,9880.47,9705.305,9807.848731820211,9720.445515686919,78.68772386844644,0.006128336621403751,-18.400000000001455
2017-07-21,9899.6,9924.7,9838.0,9915.25,1,0.004248832710441297,9886.25,9719.567500000001,9824.37200384787,9734.875477487889,76.71025709456423,0.006457946094134659,28.899999999999636
2017-07-24,9936.8,9982.05,9919.6,9966.4,0,0.005158720153299212,9896.34,9739.140000000001,9846.222464794351,9752.025442118416,78.87162714636118,0.006725525155784864,50.44999999999891
2017-07-25,10010.55,10011.3,9949.1,9964.55,1,-0.00018562369561736514,9923.82,9761.797499999999,9864.426700979835,9767.768001961496,77.75231304643037,0.004100556926150752,137.39999999999964
2017-07-26,9983.65,10025.95,9965.95,10020.65,0,0.005629958201825547,9948.03,9788.267499999998,9888.461054675245,9786.5000018162,78.45281157513949,0.0036643252865797456,121.04999999999927
2017-07-27,10063.25,10114.85,10005.5,10020.55,0,-9.979392554426703e-06,9977.48,9814.09,9908.782430879053,9803.837038718704,79.58468851638696,0.0028433919725583553,147.25
2017-07-28,9996.55,10026.05,9944.5,10014.5,1,-0.0006037592746904741,9997.329999999998,9838.77,9925.046672282277,9819.441702517317,74.3279704207053,0.003112499686029291,99.25
2017-07-31,10034.7,10085.9,10016.95,10077.1,1,0.006250936142593311,10019.47,9861.875,9948.439491931158,9838.52750233085,76.55808011679878,0.0034135627578768617,110.70000000000073
2017-08-01,10101.05,10128.6,10065.75,10114.65,0,0.0037262704547935677,10049.49,9886.942500000001,9974.010339326365,9858.981020676712,76.874606175173,0.0031646399056783413,150.10000000000036
2017-08-02,10136.3,10137.85,10054.2,10081.5,0,-0.0032774243300558448,10061.66,9909.1375,9990.547210199233,9875.463908033993,68.4990253411304,0.003763556958181652,60.850000000000364
2017-08-03,10081.15,10081.15,9998.25,10013.65,1,-0.006730149283340814,10060.279999999999,9926.0925,9994.101485553198,9885.69991484629,61.05994787141603,0.005226849333193127,-6.899999999999636
2017-08-04,10008.6,10075.25,9988.35,10066.4,0,0.0052678094401141795,10070.66,9946.1225,10005.224333929627,9899.085106339156,62.5657729892256,0.0057284240730880055,51.899999999999636
2017-08-07,10074.8,10088.1,10046.35,10057.4,0,-0.0008940634188985275,10066.72,9960.439999999999,10013.251359478914,9910.81213549922,72.18849378433063,0.004943251004284836,-19.700000000000728
2017-08-08,10068.35,10083.8,9947.0,9978.55,0,-0.007839998409131632,10039.499999999998,9970.065,10007.91268878985,9915.82975509187,57.515468824369215,0.005237899458325856,-136.10000000000036
2017-08-09,9961.15,9969.8,9893.05,9908.05,0,-0.007065154756953684,10004.810000000001,9974.6625,9992.549198206794,9915.253476936916,53.05118974449029,0.005604324129644344,-173.45000000000073
2017-08-10,9872.85,9892.65,9776.2,9820.25,0,-0.008861481320744158,9966.130000000001,9971.09,9966.041629251904,9908.216182348995,42.28018852592231,0.0059841494608509635,-193.39999999999964
2017-08-11,9712.15,9771.65,9685.55,9710.8,1,-0.011145337440492953,9895.009999999998,9962.312499999998,9926.773686290073,9893.592761434254,31.027315914489307,0.003824633989328008,-355.60000000000036
2017-08-14,9755.75,9818.3,9752.1,9794.15,1,0.008583226922601606,9842.359999999999,9956.2225,9906.370042245446,9886.226630957643,38.71672626142236,0.00789236349827153,-263.25
2017-08-16,9825.85,9903.95,9773.85,9897.3,1,0.010531797042111934,9826.11,9959.73,9904.97465113076,9887.046880516336,42.31128841239166,0.010302775520482966,-81.25
2017-08-17,9945.55,9947.8,9883.75,9904.15,0,0.0006921079486323922,9825.329999999998,9959.9575,9904.847781726028,9888.313778255866,42.80504388675982,0.00984639489415516,-3.899999999999636
2017-08-18,9865.95,9865.95,9783.65,9837.4,0,-0.0067395990569609765,9828.759999999998,9958.162499999999,9894.471199922025,9884.54238727395,39.81715731370744,0.009407062796395851,17.149999999999636
2017-08-21,9864.25,9884.35,9740.1,9754.35,1,-0.008442271331855933,9837.47,9950.117499999998,9872.914092241714,9874.898506735139,31.868996123813247,0.008623877877858658,43.55000000000109
2017-08-22,9815.75,9828.45,9752.6,9765.55,1,0.001148205672340863,9831.75,9940.075,9856.396539589143,9866.798617347351,29.790436494153013,0.007547041297104307,-28.600000000000364
2017-08-23,9803.05,9857.9,9786.75,9852.5,1,0.008903748380787668,9822.789999999999,9934.4725,9855.797071960043,9865.739460506808,37.520435967302454,0.006961132036891642,-44.79999999999927
2017-08-24,9881.2,9881.5,9848.85,9857.05,1,0.0004618117229129304,9813.369999999999,9926.2925,9855.989830120037,9865.095796765561,40.833528447670304,0.006948817923141643,-47.100000000000364
2017-08-28,9907.15,9925.75,9882.0,9912.8,0,0.005655850381199201,9828.45,9920.904999999999,9864.729856255415,9868.629441449593,41.04059729351374,0.00655985134600821,75.39999999999964
2017-08-29,9886.4,9887.35,9783.75,9796.05,1,-0.011777701557582065,9836.789999999999,9909.9825,9854.163724523813,9863.253186527401,36.457847556868195,0.007868505199617628,41.69999999999891
2017-08-30,9859.5,9909.45,9850.8,9884.4,1,0.009018941307976203,9860.56,9900.3475,9858.815459212456,9864.819617155,45.1690697316435,0.008681297238429725,118.85000000000036
2017-08-31,9905.7,9925.1,9856.95,9917.9,1,0.0033891789081785806,9873.64,9890.509999999998,9867.905388564386,9868.751497365742,50.525361352605486,0.007978669763403879,65.39999999999964
2017-09-01,9937.65,9983.45,9909.85,9974.4,0,0.005696770485687397,9897.11,9885.154999999999,9884.289174939095,9876.577312375688,58.50576615350658,0.008174125032919423,117.35000000000036
2017-09-04,9984.15,9988.4,9861.0,9912.85,1,-0.006170797240936721,9897.119999999999,9880.115,9888.68314802539,9879.264178125637,61.77104573259549,0.008690068049758012,0.050000000001091394
2017-09-05,9933.25,9963.1,9901.05,9952.2,0,0.003969595020604677,9928.35,9874.405,9898.4549714061,9884.666831597813,59.70525023027334,0.005668597527341744,156.15000000000146
2017-09-06,9899.25,9931.55,9882.55,9916.2,1,-0.003617290649303717,9934.710000000001,9867.345,9901.184975805161,9887.002621849826,51.26489091152466,0.005213580537130822,31.80000000000109
2017-09-07,9945.85,9964.85,9917.2,9929.9,1,0.0013815776204593178,9937.11,9864.9125,9905.602671835135,9890.180205416505,51.70767292260761,0.005024084954060362,12.0
2017-09-08,9958.65,9963.6,9913.3,9934.8,1,0.0004934591486318585,9929.19,9866.25,9910.094568475883,9893.485375385653,57.03655541106777,0.0040608898134288475,-39.600000000000364
2017-09-11,9971.75,10028.65,9968.8,10006.05,1,0.007171759874381012,9947.829999999998,9875.539999999999,9924.856942556517,9901.823495727456,68.49919153314713,0.0040236878184220625,93.19999999999891
2017-09-12,10056.85,10097.55,10028.05,10093.05,0,0.008694739682492125,9976.0,9894.6525,9950.732797547822,9915.988421969867,71.65718820261874,0.005058923426713804,140.84999999999854
2017-09-13,10099.25,10131.95,10063.15,10079.3,1,-0.0013623235790964916,10008.619999999999,9908.91,9970.512367155849,9928.085575898025,66.60565236491433,0.0043984400640323254,163.09999999999854
2017-09-14,10107.4,10126.5,10070.35,10086.6,0,0.0007242566448066867,10039.960000000001,9918.375,9988.372002978025,9939.827385090764,66.73959016991185,0.00447830986037149,156.70000000000073
2017-09-15,10062.35,10115.15,10043.65,10085.4,1,-0.00011896972220581947,10070.079999999998,9927.4375,10003.299387135252,9950.610541750706,63.674536523530364,0.004576245487051017,150.60000000000036
2017-09-18,10133.1,10171.7,10131.3,10153.1,0,0.006712673766038124,10099.49,9943.2225,10026.34563526829,9965.609760880285,80.67176359419297,0.00447566772175822,147.0500000000011
2017-09-19,10175.6,10178.95,10129.95,10147.55,0,-0.0005466310781929717,10110.39,9962.8825,10044.99246061163,9979.086815629893,76.35453179769641,0.0032365858706351032,54.5
2017-09-20,10160.95,10171.05,10134.2,10141.15,0,-0.0006306941084300854,10122.759999999998,9981.662499999999,10059.78592820984,9991.091495953606,73.64185110663976,0.0031126271175622978,61.850000000000364
2017-09-21,10139.6,10158.9,10058.6,10121.9,0,-0.001898206810864611,10129.82,9995.1325,10069.34193925448,10000.781014771857,66.95792136123241,0.0034241205318077824,35.29999999999927
2017-09-22,10094.35,10095.05,9952.8,9964.4,0,-0.015560319702822567,10105.619999999999,10000.5,10053.197025523023,9998.086124788757,54.8554205519449,0.00810942158269797,-121.0
2017-09-25,9960.1,9960.5,9816.05,9872.6,0,-0.009212797559311037,10049.52,9998.490000000002,10025.41286775025,9988.790856285885,43.17675295731182,0.00663681973343942,-280.5
2017-09-26,9875.25,9891.35,9813.0,9871.5,0,-0.00011141948422910275,9994.310000000001,10002.2625,10001.733965019443,9980.102644709154,45.92450765864327,0.006721481489407806,-276.0499999999993
2017-09-27,9920.6,9921.05,9714.4,9735.75,1,-0.013751709466646389,9913.23,9994.83,9960.813355016453,9962.002448804771,35.52091878589016,0.0069122342333594045,-405.39999999999964
2017-09-28,9736.4,9789.2,9687.55,9768.95,1,0.003410112215289196,9842.64,9987.3825,9931.295915783152,9947.702267411825,38.13237924865849,0.00836023142196458,-352.9499999999989
2017-09-29,9814.3,9854.0,9775.35,9788.6,1,0.0020114751329467495,9807.480000000001,9978.0925,9909.34269797036,9935.916914270209,33.199412810013314,0.007538854782187703,-175.79999999999927
2017-10-03,9893.3,9895.4,9831.05,9859.5,1,0.007243119547228449,9804.86,9975.425,9901.674590590304,9930.256402102046,31.495127169004178,0.008015178768728589,-13.100000000000364
2017-10-04,9884.35,9938.3,9850.65,9914.9,0,0.00561894619402592,9813.539999999999,9973.56,9903.709268961027,9929.118890835227,37.78058569942032,0.008436706189222406,43.399999999999636
2017-10-05,9927.0,9945.95,9881.85,9888.7,1,-0.002642487569213925,9844.130000000001,9972.185000000001,9901.40015065933,9926.124898921507,35.69259687680744,0.003800123794859951,152.95000000000073
2017-10-06,9908.15,9989.35,9906.6,9979.7,1,0.009202422967629742,9886.28,9974.675,9913.446281327126,9930.093424927321,43.23649859227035,0.004686947762673164,210.75
2017-10-09,9988.2,10015.75,9959.45,9988.75,1,0.0009068408870005484,9926.310000000001,9977.3725,9925.031468815261,9934.438356414186,38.63023175371838,0.004844395289937653,200.14999999999964
2017-10-10,10013.7,10034.0,10002.3,10016.95,0,0.0028231760730823563,9957.800000000001,9977.9175,9939.172781305222,9940.550330013135,41.239602897773075,0.004511484186579432,157.45000000000073
2017-10-11,10042.6,10067.25,9955.8,9984.8,1,-0.003209559796145678,9971.78,9972.505,9946.19235341211,9943.828083345496,39.862542955326425,0.005018338741062643,69.89999999999964
2017-10-12,10011.2,10104.45,9977.1,10096.4,1,0.011176989023315542,10013.32,9973.36,9969.30122211794,9955.129706801385,48.52345107122177,0.005944382297245644,207.6999999999989
2017-10-13,10123.7,10191.9,10120.1,10167.45,1,0.0070371617606277415,10050.87,9977.4025,9999.78564948441,9970.857135927208,63.06543980438844,0.005553007741292009,187.75
2017-10-16,10207.4,10242.95,10175.1,10230.85,1,0.006235585127047472,10099.29,9984.675,10035.334011102193,9990.115866599268,73.92640085487206,0.0053803314179943105,242.10000000000036
2017-10-17,10227.65,10251.85,10212.6,10234.45,0,0.00035187692127247594,10142.789999999999,9988.7425,10065.967240163394,10008.21469129562,74.15962191306663,0.005712070372007639,217.5
2017-10-18,10209.4,10236.45,10175.75,10210.85,0,-0.0023059373000015038,10188.0,9991.907500000001,10088.25689552287,10023.22471416261,87.17527386541464,0.005421239060812489,226.0500000000011
2017-10-19,10210.35,10211.95,10123.35,10146.55,1,-0.006297223051949796,10198.03,9992.177500000002,10097.22506544243,10032.359920520936,78.17489926876566,0.005666950918200591,50.149999999999636
2017-10-23,10176.65,10224.15,10124.5,10184.85,1,0.0037746820347803745,10201.509999999998,9995.325,10110.705824605133,10043.655481963828,78.76588021778569,0.004939841190573112,17.399999999999636
2017-10-24,10218.55,10237.75,10182.4,10207.7,1,0.0022435283779338455,10196.880000000001,10007.49,10125.628005435112,10055.806927744285,77.17340408927723,0.003980593655186595,-23.149999999999636
2017-10-25,10321.15,10340.55,10240.9,10295.35,1,0.008586655172075908,10209.060000000001,10028.627499999999,10151.739081522017,10073.550859022485,78.26733041087735,0.005717966486164379,60.899999999999636
2017-10-26,10291.8,10355.65,10271.85,10343.8,0,0.004706008052178801,10235.65,10052.242499999998,10181.286915134015,10093.56931390971,82.73158803222063,0.0054986998630088164,132.9499999999989
2017-10-27,10362.3,10366.15,10311.3,10323.05,1,-0.00200603259923815,10270.95,10081.6075,10203.096620498012,10110.56788324973,77.47019761580896,0.003850047564595094,176.5
2017-10-30,10353.85,10384.5,10344.3,10363.65,0,0.0039329461738537574,10306.710000000001,10111.3425,10227.797140421395,10129.314706712712,78.55293221629829,0.003853920157654964,178.79999999999927
2017-10-31,10364.9,10367.7,10323.95,10335.3,1,-0.0027355227164175266,10332.23,10138.6775,10244.336041895025,10144.572876585846,74.24046295591229,0.004787539934357273,127.59999999999854
2017-11-01,10390.35,10451.65,10383.05,10440.5,0,0.010178707923330865,10361.259999999998,10167.727499999999,10274.515112372714,10166.493404246154,81.22516102507866,0.00531743751689979,145.14999999999964
2017-11-02,10440.5,10453.0,10412.55,10423.8,1,-0.001599540251903675,10377.26,10193.1725,10297.482018161527,10185.553152079772,75.78764965343393,0.005501445831805182,80.0
2017-11-03,10461.55,10461.7,10403.6,10452.5,0,0.0027533145302098827,10403.15,10221.3625,10321.33093844437,10205.326992666456,74.05688243733624,0.005130711643661532,129.45000000000073
2017-11-06,10431.75,10490.45,10413.75,10451.8,0,-6.696962449181942e-05,10420.779999999999,10244.9675,10341.403101760621,10223.584252468941,70.85417649834795,0.005164319630067973,88.14999999999964
2017-11-07,10477.15,10485.75,10340.8,10350.15,0,-0.009725597504736005,10423.75,10263.0375,10342.748778412833,10232.959493026798,59.21471806307726,0.007208724383982397,14.850000000000364
2017-11-08,10361.95,10384.25,10285.5,10303.15,1,-0.004540996990381796,10396.28,10277.3475,10336.656658657013,10238.158789839628,57.08691646191636,0.004759471695706609,-137.35000000000036
2017-11-09,10358.65,10368.45,10266.95,10308.95,1,0.0005629346364948162,10373.31,10293.555,10332.394095786703,10243.402583184841,63.70001687194198,0.004970758895136619,-114.84999999999854
2017-11-10,10304.35,10344.95,10254.1,10321.75,0,0.0012416395462195862,10347.16,10304.822499999998,10330.75654258875,10249.20609554152,62.06805359661487,0.004628062008587584,-130.75
2017-11-13,10322.0,10334.15,10216.25,10224.95,0,-0.009378254656429275,10301.79,10307.6975,10314.478612959712,10247.40934772363,51.34523902362942,0.005234945150535972,-226.84999999999854
2017-11-14,10223.4,10248.0,10175.55,10186.6,0,-0.003750629587430776,10269.08,10305.485,10294.804980196679,10242.904951595952,40.81270592210868,0.004305708622557348,-163.54999999999927
2017-11-15,10171.95,10175.45,10094.0,10118.05,1,-0.0067294288575188155,10232.060000000001,10299.664999999999,10267.611906320266,10233.656436662919,31.55486559359437,0.00458189812824332,-185.10000000000036
2017-11-16,10152.9,10232.25,10139.2,10214.75,1,0.009557177519383675,10213.220000000001,10299.86,10259.479305347917,10232.255959873073,42.12821631051036,0.007479480474382207,-94.20000000000073
2017-11-17,10324.55,10343.6,10268.05,10283.6,1,0.006740253065420143,10205.59,10306.7125,10263.190181448237,10236.059222104697,44.41108706276627,0.008389558571744176,-38.149999999999636
2017-11-20,10287.2,10309.85,10261.5,10298.75,1,0.0014732194951183608,10220.35,10312.4075,10268.660922763893,10240.702983430276,47.40024183796863,0.006849505802914682,73.79999999999927
2017-11-21,10329.25,10358.7,10315.05,10326.9,1,0.0027333414249302024,10248.41,10318.3675,10277.620780800216,10247.087947620626,40.92506790222082,0.006199791973774178,140.29999999999927
2017-11-22,10350.8,10368.7,10309.55,10342.3,1,0.0014912510046576344,10293.259999999998,10320.715,10287.571429907875,10254.14069224132,43.47582452769775,0.0036013148813112805,224.25
2017-11-23,10358.45,10374.3,10307.3,10348.75,1,0.0006236523790645876,10320.060000000001,10320.9625,10296.983517614357,10261.148789112334,41.387897401842814,0.0024271187720331672,134.0
2017-11-24,10366.8,10404.5,10362.25,10389.7,1,0.003956999637637404,10341.279999999999,10324.295,10311.247591827532,10270.671101029939,45.168067226890884,0.0013021890039601805,106.10000000000036
2017-11-27,10361.05,10407.15,10340.2,10399.55,0,0.0009480543230313554,10361.439999999999,10326.09,10324.83257770022,10280.217686138833,54.484386347131405,0.0013797837646709473,100.79999999999927
2017-11-28,10387.9,10409.55,10355.2,10370.25,0,-0.0028174296003191657,10370.11,10327.8375,10331.819873438646,10286.886746424845,56.29337835302948,0.002427709138534881,43.350000000000364
2017-11-29,10376.65,10392.95,10345.9,10361.3,0,-0.0008630457317808649,10373.91,10323.8775,10336.355277525008,10292.398839282265,54.88111888111874,0.0024972565616081135,19.0
2017-11-30,10332.7,10332.7,10211.25,10226.55,0,-0.013005124839547189,10349.47,10314.015,10319.462157905775,10287.521147483578,42.768155575812784,0.006453999320304994,-122.20000000000073
2017-12-01,10263.7,10272.7,10108.55,10121.8,1,-0.010242946057076874,10295.89,10297.48,10289.05259515104,10275.24550692924,42.25774975606086,0.006095809802137864,-267.90000000000146
2017-12-04,10175.05,10179.2,10095.7,10127.75,0,0.0005878401074908002,10241.529999999999,10281.2775,10264.23681128165,10264.31991382337,45.35700197238658,0.00600651666332564,-271.7999999999993
2017-12-05,10118.25,10147.95,10069.1,10118.25,0,-0.0009380168349337747,10191.13,10269.6825,10241.777301853703,10253.499920206825,50.01740038280848,0.006252010096800159,-252.0
2017-12-06,10088.8,10104.2,10033.35,10044.1,1,-0.007328342351691219,10127.689999999999,10256.73,10211.365409260825,10237.98881500632,34.546771710585915,0.0058670788241007585,-317.1999999999989
2017-12-07,10063.45,10182.65,10061.9,10166.7,1,0.012206170786830173,10115.72,10249.6175,10204.493807836083,10232.708162042889,40.35319359630305,0.008693469740322705,-59.849999999998545
2017-12-08,10198.45,10270.85,10195.25,10265.65,1,0.00973275497457382,10144.490000000002,10246.8125,10213.902452784378,10235.14829818786,47.600405973611686,0.00803080503626191,143.85000000000036
2017-12-11,10310.5,10329.2,10282.05,10322.25,0,0.005513532995962356,10183.39,10251.6775,10230.571306202164,10241.60027609987,49.67625147949595,0.007985602116128346,194.5
2017-12-12,10324.9,10326.1,10230.2,10240.15,0,-0.007953692266705503,10207.77,10254.355,10232.044951401831,10241.492848240621,43.49238708033385,0.00950602635598181,121.89999999999964
2017-12-13,10236.6,10296.55,10169.85,10192.95,1,-0.004609307480847313,10237.539999999999,10258.1,10226.030343493856,10237.89708170428,40.56443798449615,0.008864027145933536,148.85000000000036
2017-12-14,10229.3,10276.1,10141.55,10252.1,1,0.005803030526000841,10254.62,10259.9675,10230.041059879417,10238.949149726184,41.84640910168282,0.007564789219187294,85.39999999999964
2017-12-15,10345.65,10373.1,10319.65,10333.25,1,0.007915451468479606,10268.14,10262.45,10245.919358359506,10245.934397894614,46.37744508796857,0.007112319674297306,67.60000000000036
2017-12-18,10263.1,10443.55,10074.8,10388.75,1,0.005371011056540809,10281.439999999999,10266.95,10267.893303227274,10256.513331383901,50.982683522787624,0.007091636062352612,66.5
2017-12-19,10414.8,10472.2,10406.0,10463.2,0,0.007166405967994338,10326.05,10273.765,10297.940487346155,10271.823454985093,55.060588001589274,0.005100622508872763,223.0500000000011
2017-12-20,10494.4,10494.45,10437.15,10444.2,0,-0.0018158880648367903,10376.3,10278.86,10320.441950831362,10284.59208794916,62.21311935357172,0.0038848839068588432,251.25
2017-12-21,10473.95,10473.95,10426.9,10440.3,1,-0.00037341299477233747,10413.939999999999,10283.4375,10338.88165070346,10296.126007360333,70.15312579093899,0.004460516053866854,188.1999999999989
2017-12-22,10457.3,10501.1,10448.25,10493.0,1,0.005047747670086089,10445.89,10288.602499999999,10362.592165979851,10310.709266074382,71.82029989844075,0.003927952842243419,159.75
2017-12-26,10512.3,10545.45,10477.95,10531.5,0,0.003669112741827796,10474.439999999999,10295.2,10388.577986598337,10327.064135254057,73.86107742941276,0.0037493822438229374,142.75
2017-12-27,10531.05,10552.4,10469.25,10490.75,0,-0.003869344347908643,10479.95,10301.225,10404.296757890901,10339.189014124127,76.8242147618761,0.0037395733667946094,27.549999999999272
2017-12-28,10498.2,10534.55,10460.45,10477.9,1,-0.0012248885923313857,10486.69,10307.055,10415.620333599993,10349.463901966785,71.52739346983941,0.0036552113796846,33.69999999999891
2017-12-29,10492.35,10538.7,10488.65,10530.7,0,0.00503917769782114,10504.77,10322.2625,10433.324897661532,10362.888798117392,69.5854577698958,0.004055929631748419,90.40000000000146
2018-01-01,10531.7,10537.85,10423.1,10435.55,1,-0.009035486719781383,10493.28,10337.95,10433.66722109822,10368.271109367955,57.920861297539055,0.005724716570141753,-57.45000000000073
2018-01-02,10477.55,10495.2,10404.65,10442.2,1,0.0006372448026219502,10475.42,10353.672499999999,10434.979956313879,10373.747323488848,65.79132473622504,0.005234977178668561,-89.29999999999927
2018-01-03,10482.65,10503.6,10429.55,10443.2,1,9.576526019428044e-05,10465.91,10369.920000000002,10436.244578419435,10378.891966193378,71.08078510656198,0.0051215273752385935,-47.54999999999927
2018-01-04,10469.4,10513.0,10441.45,10504.8,1,0.005898575149379415,10471.289999999999,10392.955,10446.791566354907,10388.21848721609,71.19966442952992,0.005934071888893103,26.899999999999636
2018-01-05,10534.25,10566.1,10520.1,10558.85,1,0.005145266925596026,10476.920000000002,10412.5625,10464.03132537723,10400.857858533416,69.82773773949707,0.005954393668636035,28.149999999999636
2018-01-08,10591.7,10631.2,10588.55,10623.6,1,0.006132296604270282,10514.53,10430.460000000001,10488.58035224227,10417.357276419829,70.31047306062419,0.002963939623276899,188.0500000000011
2018-01-09,10645.1,10659.15,10603.6,10637.0,0,0.0012613426710341713,10553.490000000002,10446.1975,10511.414144204999,10433.627107796137,66.80526010442829,0.0028185072514167625,194.79999999999927
2018-01-10,10652.05,10655.5,10592.7,10632.2,1,-0.0004512550531163839,10591.289999999999,10465.8,10529.996583558075,10448.33621092235,68.69158878504655,0.0029985734668936223,189.0
2018-01-11,10637.05,10664.6,10612.35,10651.2,1,0.0017870243223414572,10620.570000000002,10488.7125,10548.64326301068,10463.363158261436,70.35714285714286,0.002764307412512755,146.40000000000146
2018-01-12,10682.55,10690.4,10597.1,10681.25,1,0.0028212783536125663,10645.05,10510.17,10569.044299470574,10479.502924316146,69.00171595841316,0.0024427992146767194,122.39999999999964
2018-01-15,10718.5,10782.65,10713.8,10741.55,0,0.005645406670567565,10668.64,10530.585,10595.58363801356,10498.913818811247,70.30842115440382,0.0022548159434840473,117.94999999999891
2018-01-16,10761.5,10762.35,10687.85,10700.45,1,-0.003826263434978938,10681.33,10546.17,10611.716924473014,10513.842424825229,70.26086956521746,0.0035610614820178526,63.45000000000073
2018-01-17,10702.45,10803.0,10666.75,10788.55,1,0.008233298599591432,10712.6,10562.4375,10638.922013015626,10534.191134097433,76.20413327709832,0.004540476179131262,156.34999999999854
2018-01-18,10873.4,10887.5,10782.4,10817.0,1,0.002637055025930257,10745.759999999998,10581.0775,10666.318626397837,10555.139938979104,75.18472906403944,0.004502636877042026,165.79999999999927
2018-01-19,10829.2,10906.85,10793.9,10894.7,1,0.007183137653693272,10788.45,10603.7975,10701.454222336632,10580.292536091763,91.66893547508883,0.004844205802551075,213.45000000000073
2018-01-22,10883.2,10975.1,10881.4,10966.2,1,0.00656282412549225,10833.380000000001,10627.4575,10742.18434197715,10608.87827415904,92.5462812601497,0.0049397477614480595,224.65000000000146
2018-01-23,10997.4,11092.9,10994.55,11083.7,1,0.01071474166073938,10910.03,10655.067500000001,10794.725212442205,10644.050253850963,93.73207701761599,0.0029393180449673755,383.25
2018-01-24,11069.35,11110.1,11046.15,11086.0,0,0.0002075119319360219,10969.52,10684.83,10839.536718220326,10676.787272084224,93.17979197622614,0.004103516114956033,297.4500000000007
2018-01-25,11095.6,11095.6,11009.2,11069.65,1,-0.0014748331228576772,11020.05,10714.4175,10874.938761571046,10705.8882148928,90.2014796159297,0.00510160302804256,252.64999999999964
2018-01-29,11079.35,11171.55,11075.95,11130.4,0,0.005487978391367498,11067.189999999999,10744.4025,10914.240490560116,10737.333532308148,90.13939489941413,0.00494413116249551,235.6999999999989
2018-01-30,11120.85,11121.1,11033.9,11049.65,0,-0.007254905484079588,11083.880000000001,10775.1075,10935.072722781637,10760.468085470508,79.53195448364718,0.006855243385585423,83.44999999999891
2018-01-31,11018.8,11058.5,10979.3,11027.7,0,-0.0019864882598090716,11072.679999999998,10804.382500000002,10949.323073122925,10780.263042102322,77.62643196423599,0.004579146505295676,-56.0
2018-02-01,11044.55,11117.35,10878.8,11016.9,0,-0.0009793519954297558,11058.859999999999,10833.067500000001,10959.719523411704,10797.7917056503,75.84087054833243,0.004531144953640268,-69.10000000000036
2018-02-02,10938.2,10954.95,10736.1,10760.6,0,-0.02326425764053397,10997.05,10845.857500000002,10929.085750579135,10795.036764491018,54.2485409862398,0.010864113266488102,-309.0499999999993
2018-02-05,10604.3,10702.75,10586.8,10666.55,0,-0.008740218946899025,10904.28,10851.2425,10888.695635105421,10785.519226380573,46.12443158329888,0.008924154724908121,-463.85000000000036
2018-02-06,10295.15,10594.15,10276.3,10498.25,0,-0.015778297575129607,10794.0,10844.975,10828.627075858434,10764.240024426455,40.765436609426345,0.009439182671796765,-551.3999999999996
2018-02-07,10607.2,10614.0,10446.4,10476.7,1,-0.002052723072893059,10683.8,10836.960000000001,10774.48444880329,10742.940763357828,34.835886214442084,0.009424897970901791,-551.0
2018-02-08,10518.5,10637.8,10479.55,10576.85,0,0.00955930779730263,10595.79,10834.192500000001,10744.079148987401,10730.637743849842,39.08359470885041,0.012626673509085622,-440.0499999999993
2018-02-09,10416.5,10480.2,10398.2,10454.95,1,-0.011525170537541873,10534.66,10824.380000000001,10699.597741450878,10710.216429490596,30.7826770965345,0.009885550732869753,-305.64999999999964
2018-02-12,10518.2,10555.5,10485.4,10539.75,0,0.008110990487759207,10509.3,10817.305,10675.005781227666,10697.589286565368,31.578037928204168,0.011356214333817847,-126.79999999999927
2018-02-14,10585.75,10590.55,10456.65,10500.9,1,-0.0036860456841956157,10509.83,10805.272500000001,10648.22027642341,10683.019709782748,22.98850574712631,0.008771625668165207,2.649999999999636
2018-02-15,10537.9,10618.1,10511.05,10545.5,0,0.004247254997190808,10523.59,10797.525,10632.417156973654,10672.833064613655,25.894211042725857,0.008840661805244088,68.79999999999927
2018-02-16,10596.2,10612.9,10434.05,10452.3,0,-0.00883789294011672,10498.679999999998,10780.7125,10604.706825131552,10656.49728204968,24.233064819065874,0.008381779693592186,-124.55000000000109
2018-02-19,10488.9,10489.35,10302.75,10378.4,0,-0.007070214211226222,10483.369999999999,10758.782500000001,10569.890390495928,10635.897483379333,18.953843613244118,0.007332102087157381,-76.55000000000109
2018-02-20,10391.0,10429.35,10347.65,10360.4,1,-0.0017343713867262744,10447.5,10732.067500000001,10537.6610996504,10615.49026238827,19.989550224234733,0.00510824042234538,-179.35000000000036
2018-02-21,10426.0,10426.1,10349.6,10397.45,0,0.0035761167522490034,10426.810000000001,10703.63,10516.090161242646,10599.33913184099,22.91460741759424,0.005971790751781715,-103.44999999999891
2018-02-22,10354.35,10397.55,10340.65,10382.7,1,-0.0014186170647610963,10394.25,10668.58,10495.568597974547,10583.291788741659,22.837073839301056,0.004948446628040036,-162.79999999999927
2018-02-23,10408.1,10499.1,10396.65,10491.05,1,0.010435628497404092,10402.0,10638.8325,10494.873429055386,10576.459063649685,36.77963607827743,0.006592207324771604,38.75
2018-02-26,10526.55,10592.95,10520.2,10582.6,0,0.008726485909418047,10442.84,10614.48,10508.369824585327,10576.913947823783,45.87246177294857,0.005615751988588749,204.20000000000073
2018-02-27,10615.2,10631.65,10537.25,10554.3,0,-0.0026742010470017785,10481.619999999999,10585.675,10515.436005418353,10575.238840577576,53.19573521865553,0.005862509052532255,193.89999999999964
2018-02-28,10488.95,10535.5,10461.55,10492.85,0,-0.005822271491240483,10500.7,10557.835000000001,10511.96123535399,10569.135963497756,50.880732944320215,0.007263178984655155,95.39999999999964
2018-03-01,10479.95,10525.5,10447.15,10458.35,0,-0.003287953225291518,10515.83,10529.367499999998,10503.71335299184,10560.929595831256,43.039238721804516,0.007517125007089569,75.64999999999964
2018-03-05,10428.3,10428.7,10323.9,10358.85,0,-0.00951392906146764,10489.390000000001,10496.465,10481.426683300786,10545.960736880794,44.20246138996138,0.0068358770080544674,-132.1999999999989
2018-03-06,10420.5,10441.35,10215.9,10249.25,0,-0.010580325036080307,10422.72,10470.897500000001,10445.707193562204,10523.982163778513,32.98383317713218,0.003573125770522286,-333.35000000000036
2018-03-07,10232.95,10243.35,10141.55,10154.2,1,-0.009273849306046689,10342.7,10445.28,10400.859933014173,10496.590892387512,30.94636183776663,0.003043663078939633,-400.09999999999854
2018-03-08,10216.25,10270.35,10146.4,10242.65,0,0.008710681294439526,10292.66,10432.5,10376.519943319685,10477.780455914364,34.12153305720125,0.008069585027287782,-250.20000000000073
2018-03-09,10271.3,10296.7,10211.9,10226.85,1,-0.001542569549872308,10246.36,10420.0075,10353.49379819358,10459.193014735522,37.13552068473612,0.008187642647678336,-231.5
2018-03-12,10301.6,10433.65,10295.45,10421.4,1,0.019023452969389343,10258.869999999999,10412.235,10363.940906163798,10456.393532162521,52.156685725749824,0.01255052098304528,62.54999999999927
2018-03-13,10389.5,10478.6,10377.85,10426.85,0,0.0005229623659011029,10294.39,10410.83,10373.619228292444,10454.205122372705,53.37532381774779,0.0107887623786685,177.60000000000036
2018-03-14,10393.05,10420.35,10336.3,10410.9,0,-0.0015297045608214654,10345.73,10404.3875,10379.354731632067,10450.99733553028,50.69815728004147,0.008886867852687703,256.6999999999989
2018-03-15,10405.45,10420.0,10346.2,10360.15,0,-0.004874698633163366,10369.23,10397.35,10376.400157534827,10444.267903268777,48.87165374030517,0.009535958819805197,117.5
2018-03-16,10345.15,10346.3,10180.25,10195.15,0,-0.01592641033189679,10362.890000000001,10379.8325,10348.515517914084,10425.814725248869,35.98825646368029,0.012652745815883956,-31.700000000000728
2018-03-19,10215.35,10224.55,10075.3,10094.25,1,-0.00989686272394219,10297.460000000001,10361.929999999998,10309.397745927303,10401.254375230435,27.07815066885702,0.006650880276097625,-327.14999999999964
2018-03-20,10051.55,10155.65,10049.1,10124.35,1,0.00298189563365292,10236.96,10349.227499999999,10280.928861938488,10380.742940028182,29.853333958108806,0.007340464655664313,-302.5
2018-03-21,10181.95,10227.3,10132.95,10155.25,0,0.003052047785783829,10185.83,10338.97,10261.59365240949,10364.039759285353,33.71442354076213,0.008244770520775444,-255.64999999999964
2018-03-22,10167.5,10207.85,10105.4,10114.75,0,-0.003988084980675044,10136.75,10324.835000000001,10239.002321269569,10345.573851190142,33.52038369304552,0.008255859551431008,-245.39999999999964
2018-03-23,9968.8,10027.7,9951.9,9998.05,1,-0.01153760597147735,10097.329999999998,10305.602499999999,10201.932733381942,10319.831343694575,32.97631405114649,0.00689188147138544,-197.10000000000036
2018-03-26,9989.15,10143.5,9958.55,10130.65,1,0.013262586204309867,10104.609999999999,10287.5825,10190.96615901549,10305.81791082831,44.52295187956033,0.009223342921524911,36.399999999999636
2018-03-27,10188.0,10207.9,10139.65,10184.15,0,0.005281003686831598,10116.57,10267.66,10189.917519166953,10296.805472989176,51.43831340344806,0.009417437432386093,59.79999999999927
2018-03-28,10143.6,10158.35,10096.9,10113.7,1,-0.006917612171855159,10108.26,10245.63,10178.191746987422,10283.242104619607,43.698382446366665,0.00997018269182812,-41.54999999999927
2018-04-02,10151.65,10220.1,10127.75,10211.8,1,0.009699714248988744,10127.67,10231.577500000001,10183.362247450896,10277.950096870005,49.31928174046763,0.010720051696426678,97.04999999999927
2018-04-03,10186.85,10255.35,10171.05,10245.0,0,0.0032511408370710093,10177.060000000001,10220.91,10192.844978612296,10275.509348953708,40.65776930409916,0.007672821873883775,246.95000000000073
2018-04-04,10274.6,10279.85,10111.3,10128.4,1,-0.0113811615422158,10176.61,10209.3875,10182.930366518098,10264.612360142322,35.858801231935516,0.008802367208359004,-2.25
2018-04-05,10228.45,10331.8,10227.45,10325.15,1,0.019425575609178125,10204.810000000001,10213.182499999999,10204.810310130699,10269.09662976141,46.53128918733061,0.012447444235632604,141.0
2018-04-06,10322.75,10350.45,10290.85,10331.6,1,0.0006246882611875559,10248.390000000001,10222.0525,10224.316416264437,10273.726509038343,48.80218166561781,0.011384681844013386,217.89999999999964
2018-04-09,10333.7,10397.7,10328.5,10379.35,1,0.00462174300205187,10281.9,10228.8875,10248.16773683914,10281.550471331799,58.5714285714286,0.011005419404427659,167.5500000000011
2018-04-10,10412.9,10424.85,10381.5,10402.25,1,0.002206303862958725,10313.35,10237.6575,10271.87270040235,10290.491177159072,65.45408931259408,0.011016692104611992,157.25
2018-04-11,10428.15,10428.15,10355.6,10417.15,1,0.0014323824172655097,10371.1,10237.445,10294.223054186603,10299.873312184325,64.91898501987157,0.007837795581618713,288.75
2018-04-12,10410.65,10469.9,10395.25,10458.65,1,0.00398381515097701,10397.8,10239.035,10319.519507388664,10311.63454831882,65.2938804314951,0.0016896107054603096,133.5
2018-04-13,10495.3,10519.9,10451.45,10480.6,1,0.002098741233333312,10427.6,10242.52,10344.301121636561,10324.150507702612,68.79334257975036,0.0013611809998380342,149.0
2018-04-16,10398.3,10540.15,10396.35,10528.35,1,0.0045560368681183405,10457.4,10250.93,10372.616333692475,10339.276396020938,79.31777974347641,0.0013401794487677106,149.0
2018-04-17,10557.3,10560.45,10495.65,10548.7,0,0.0019328764716219915,10486.689999999999,10268.607500000002,10399.706128509017,10354.789255574942,76.38704790759334,0.0013783255919750416,146.45000000000073
2018-04-18,10578.9,10594.2,10509.7,10526.2,1,-0.0021329642515190983,10508.5,10290.205,10419.166724123013,10367.486347754577,72.46928989029766,0.002623263164366821,109.05000000000109
2018-04-19,10563.65,10572.2,10546.2,10565.3,0,0.003714540859949267,10529.830000000002,10312.252499999999,10441.648766565626,10382.139210883868,80.93998355713887,0.002576960219746045,106.64999999999964
2018-04-20,10560.35,10582.35,10527.45,10564.05,1,-0.00011831183212973606,10546.52,10332.692500000001,10460.47972555553,10395.61408415173,77.82605261079071,0.0027480631373964642,83.44999999999891
2018-04-23,10592.8,10638.35,10514.95,10584.7,1,0.0019547427359773994,10557.789999999999,10356.189999999999,10479.590537008524,10409.620448288639,77.37749838813667,0.0022467747286214782,56.350000000000364
2018-04-24,10578.1,10636.8,10569.0,10614.35,0,0.0028012130716978945,10570.920000000002,10387.005000000001,10500.322762084135,10424.785600267258,95.54784890805136,0.002360795463958673,65.64999999999964
2018-04-25,10612.4,10612.6,10536.45,10570.55,1,-0.004126489139702483,10579.789999999999,10409.0,10511.12695253273,10435.582963210423,82.24704336399454,0.0031199453971246602,44.349999999998545
2018-04-26,10586.5,10628.4,10559.65,10617.8,1,0.00446996608501915,10590.289999999999,10430.682499999999,10527.538190604617,10449.080521491132,83.96629480180373,0.003306357808154749,52.5
2018-04-27,10651.65,10719.8,10647.55,10692.3,1,0.0070165194296369915,10615.939999999999,10459.6125,10552.88616128083,10467.096779158455,84.92355763865619,0.004139704358596605,128.25
2018-04-30,10705.75,10759.0,10704.6,10739.35,0,0.004400362877958974,10646.87,10485.99,10581.572905699164,10487.263684405978,85.69462092333741,0.004214325709576072,154.64999999999964
2018-05-02,10783.85,10784.65,10689.8,10718.05,0,-0.001983360259233624,10667.609999999999,10509.6425,10602.569381745445,10504.358967042572,81.43543669034655,0.004754445915112618,103.69999999999891
2018-05-03,10720.15,10720.6,10647.45,10679.65,0,-0.003582741263569389,10689.43,10537.205,10614.427938399991,10517.343488002381,73.23869610935839,0.004583708238284186,109.10000000000036
2018-05-04,10700.45,10700.45,10601.6,10618.25,1,-0.005749252082231093,10689.52,10551.86,10615.015947876916,10524.818044446649,63.36537527915321,0.005440963359859472,0.4500000000007276
2018-05-07,10653.15,10725.65,10635.65,10715.5,1,0.00915875968262192,10694.16,10571.055,10630.47503281893,10538.942633746898,66.57808486136936,0.006165687815264289,23.200000000000728
2018-05-08,10757.9,10758.55,10689.4,10717.8,1,0.00021464234053469866,10689.849999999999,10587.977499999999,10643.909643154479,10552.191327543424,65.47401171303056,0.00576624590729811,-21.55000000000109
2018-05-09,10693.35,10766.25,10689.85,10741.7,0,0.002229935247905379,10694.58,10604.95,10658.954313438406,10566.229006984651,69.66958744067168,0.0057827263312727134,23.650000000001455
2018-05-10,10779.65,10785.55,10705.0,10716.55,1,-0.002341342618021436,10701.96,10619.92,10667.815188294036,10577.36389535616,64.16596422215963,0.00558948732341502,36.899999999999636
2018-05-11,10741.95,10812.05,10724.45,10806.5,1,0.008393559494426883,10739.609999999999,10637.3125,10689.151313171877,10594.336940144593,69.47233153963522,0.005061905996233981,188.25
2018-05-14,10815.15,10834.85,10774.75,10806.6,0,9.253689908783613e-06,10757.829999999998,10653.6125,10707.220341914664,10610.060129763511,68.43023255813934,0.004076822395390361,91.10000000000036
2018-05-15,10812.6,10929.2,10781.4,10801.85,0,-0.000439546203246155,10774.640000000001,10667.2875,10721.77875085087,10624.266786818065,66.24501819442023,0.004146362383969113,84.05000000000109
2018-05-16,10751.95,10790.45,10699.7,10741.1,0,-0.005624036623356199,10774.52,10676.9075,10724.751250719966,10632.921098905616,64.35485228516117,0.005190298637495143,-0.6000000000003638
2018-05-17,10775.6,10777.25,10664.5,10682.7,0,-0.005437059519043608,10767.75,10684.7325,10718.281827532279,10636.608424912607,55.361863846662345,0.005699061820466393,-33.849999999998545
2018-05-18,10671.85,10674.95,10589.1,10596.4,0,-0.008078482031696255,10725.73,10686.287499999999,10699.530777142698,10633.630023067228,42.22852512155601,0.00353732225143209,-210.10000000000036
2018-05-21,10616.7,10621.7,10505.8,10516.7,1,-0.007521422369861308,10667.750000000002,10683.92,10671.40296527459,10624.968539877063,32.86384976525832,0.003013732927039166,-289.89999999999964
2018-05-22,10518.45,10558.6,10490.55,10536.7,0,0.0019017372369660723,10614.72,10681.52,10650.679432155423,10618.4301295158,36.01449834194509,0.004001170178030516,-265.14999999999964
2018-05-23,10521.1,10533.55,10417.8,10430.35,1,-0.010093292966488643,10552.570000000002,10672.320000000002,10616.782596439203,10604.498268070185,32.59807343291928,0.004637487947537212,-310.75
2018-05-24,10464.85,10535.15,10419.8,10513.85,1,0.008005483996222473,10518.800000000001,10669.484999999999,10600.946812371632,10597.783581546468,42.930660888407424,0.007771312619754747,-168.85000000000036
2018-05-25,10533.05,10628.05,10524.0,10605.15,1,0.008683783770930598,10520.55,10668.852499999999,10601.593456622151,10598.329242172655,42.467062598129566,0.008679979956524328,8.75
2018-05-28,10648.35,10709.8,10640.55,10688.65,0,0.007873533141916855,10554.939999999999,10668.670000000002,10614.986770987973,10605.019668678384,48.20868923984517,0.007958894904617365,171.9499999999989
2018-05-29,10689.4,10717.25,10616.1,10633.3,0,-0.005178390161526547,10574.26,10663.3675,10617.804190835977,10607.11450803554,43.58655780381013,0.008844683606254563,96.59999999999854
2018-05-30,10579.0,10648.7,10558.45,10614.35,1,-0.0017821372480790743,10611.06,10658.182499999999,10617.272776861211,10607.650470403278,43.90868995112653,0.006509841205761322,184.0
2018-05-31,10670.1,10763.8,10620.4,10736.15,0,0.01147503144328188,10655.52,10661.0075,10635.561580421025,10617.16895407711,45.96037898363477,0.007250247953983423,222.29999999999927
2018-06-01,10738.45,10764.75,10681.5,10696.2,0,-0.0037210731966299537,10673.73,10664.905,10644.89056804856,10623.023105626955,43.93806281572589,0.0074579444455108715,91.05000000000109
2018-06-04,10765.95,10770.3,10618.35,10628.5,0,-0.00632935061049722,10661.7,10660.555,10642.368942194935,10623.42880150644,41.0970160751887,0.007236122369714953,-60.149999999999636
2018-06-05,10630.7,10633.15,10550.9,10593.15,1,-0.0033259632121184213,10653.67,10654.3225,10634.796797241868,10621.185927320777,42.19796445710061,0.007019754840661972,-40.149999999999636
2018-06-06,10603.45,10698.35,10587.5,10684.65,1,0.008637657354044759,10667.73,10651.47,10642.466520743119,10625.886969741461,50.09936305732479,0.008095971452437942,70.29999999999927
2018-06-07,10722.6,10818.0,10722.6,10768.35,0,0.007833667925482013,10674.17,10654.060000000001,10661.833209859562,10636.43978679765,58.785061053492115,0.007053879169280963,32.20000000000073
2018-06-08,10736.4,10779.45,10709.05,10767.65,1,-6.500531650632801e-05,10688.460000000001,10652.1175,10678.112716035015,10646.159061849676,63.947090535208076,0.006670592122915204,71.44999999999891
2018-06-11,10781.85,10850.55,10777.05,10786.95,1,0.0017924059567315798,10720.15,10651.135,10694.85691356809,10656.58802023118,63.91901663051336,0.005148170541910008,158.45000000000073
2018-06-12,10816.15,10856.55,10789.4,10842.85,1,0.0051821877361071245,10770.09,10653.185000000001,10717.625080711461,10670.385203917758,74.30760164997054,0.003765437145711669,249.70000000000073
2018-06-13,10887.5,10893.25,10842.65,10856.7,0,0.0012773394448877262,10804.5,10658.965,10739.021222140467,10684.186299923851,72.01001476535919,0.0032302502281364312,172.0500000000011
2018-06-14,10832.9,10833.7,10773.55,10808.05,1,-0.004481103834498623,10812.439999999999,10665.232500000002,10749.641034118857,10693.36138881838,63.780222765552764,0.0035013310285544495,39.69999999999891
2018-06-15,10808.65,10834.0,10755.4,10817.7,0,0.0008928530123382128,10822.45,10676.2975,10760.111644254417,10702.571656313317,59.74182833849176,0.0034722786622241077,50.05000000000109
2018-06-18,10830.2,10830.2,10787.35,10799.85,0,-0.001650073490668147,10825.03,10690.455,10766.225237446044,10709.777459549368,63.32719852764664,0.0035982154987746176,12.899999999999636
2018-06-19,10789.45,10789.45,10701.2,10710.45,1,-0.008277892748510318,10798.550000000001,10699.1425,10757.644431685114,10709.827277360526,56.9106860348051,0.003993660600032823,-132.39999999999964
2018-06-20,10734.65,10781.8,10724.05,10772.05,0,0.005751392331788008,10781.619999999999,10716.227499999999,10759.860672964327,10714.436367926412,52.826326562745976,0.005318452361722973,-84.65000000000146
2018-06-21,10808.45,10809.6,10725.9,10741.1,1,-0.0028731764148883787,10768.230000000001,10727.59,10756.9744155852,10716.411451783715,53.58568918703077,0.005142849816742594,-66.94999999999891
2018-06-22,10742.7,10837.0,10710.45,10821.85,0,0.007517851989088609,10769.060000000001,10738.425000000001,10766.955274725939,10724.22171461455,65.12555738089645,0.006501041878834041,4.149999999999636
2018-06-25,10822.9,10831.05,10753.05,10762.45,1,-0.005488895151937956,10761.58,10742.115,10766.262155537332,10727.053439457917,62.763872135102574,0.006968337008994002,-37.399999999999636
2018-06-26,10742.7,10805.25,10732.55,10769.15,0,0.0006225348317527857,10773.32,10748.9075,10766.706439300819,10730.171703201775,57.3046334716459,0.005528375471236566,58.69999999999891
2018-06-27,10785.5,10785.5,10652.4,10671.4,0,-0.009076853790689121,10753.19,10751.76,10752.043910177616,10725.818243705347,41.817874926154055,0.006332169292599761,-100.64999999999964
2018-06-28,10660.8,10674.2,10557.7,10589.1,1,-0.007712202710047356,10722.79,10744.4075,10726.975616304137,10715.69096639384,36.7554335731771,0.0068725325688408076,-152.0
2018-06-29,10612.85,10723.05,10612.35,10714.3,0,0.011823478860337522,10701.279999999999,10745.3125,10725.025521488116,10715.587931846148,45.342650169882575,0.008556344379067743,-107.55000000000109
2018-07-02,10732.35,10736.15,10604.65,10657.3,1,-0.005319992906676174,10680.25,10746.752499999999,10714.606210489945,10711.270307264951,38.1217591703475,0.008539277194762584,-105.15000000000146
2018-07-03,10668.6,10713.3,10630.25,10699.9,1,0.0039972600940201275,10666.4,10752.09,10712.343716568414,10710.428062282363,40.318597184489896,0.008916751662668258,-69.25
2018-07-04,10715.0,10777.15,10677.75,10769.9,0,0.006542117216048693,10686.1,10756.352499999999,10721.198529404042,10714.833391002187,47.704987066113226,0.008199697985031998,98.5
2018-07-05,10786.05,10786.05,10726.25,10749.75,1,-0.00187095516207203,10718.23,10755.4225,10725.591063341883,10717.419806483505,45.96328640171085,0.006788546916409132,160.64999999999964
2018-07-06,10744.15,10816.35,10735.05,10772.65,1,0.002130282099583658,10729.899999999998,10755.6725,10732.830899750825,10721.510931929171,48.39376402503833,0.0047200378681148195,58.350000000000364
2018-07-09,10838.3,10860.35,10807.15,10852.9,1,0.007449420523269579,10769.02,10758.97,10751.303069019928,10731.243455489974,58.50396991224404,0.003731990607305472,195.60000000000036
2018-07-10,10902.75,10956.9,10876.65,10947.25,1,0.008693528918537918,10818.49,10764.189999999999,10781.44875070917,10747.243940268494,60.065494657014916,0.004376646673223267,247.35000000000036
2018-07-11,10956.4,10976.65,10923.0,10948.3,1,9.591449907508931e-05,10854.170000000002,10768.77,10807.11817367699,10762.136981730087,62.32746311280342,0.0046011146848183035,178.39999999999964
2018-07-12,11006.95,11078.3,10999.65,11023.2,0,0.006841244759460574,10908.86,10779.5275,10840.361531572838,10781.474983083413,62.06338745431676,0.003718483615895875,273.4500000000007
2018-07-13,11056.9,11071.35,10999.75,11018.9,0,-0.0003900863633066187,10958.11,10789.5875,10867.828988253941,10799.062021373531,66.45070241837189,0.004332086254904761,246.25
2018-07-16,11018.95,11019.5,10926.25,10936.85,1,-0.007446296817286591,10974.9,10796.4375,10878.447605445643,10809.268538308825,59.80931211979416,0.006438915671403326,83.95000000000073
2018-07-17,10939.65,11018.5,10925.6,11008.05,0,0.006510101171726568,10987.060000000001,10811.3175,10898.386435377082,10823.993091026688,70.32297011771811,0.005884223858672762,60.79999999999927
2018-07-18,11060.2,11076.2,10956.3,10980.45,0,-0.0025072560535243094,10993.49,10821.7375,10911.011599165224,10835.582491691379,75.29571456273038,0.006108613258951409,32.150000000001455
2018-07-19,10999.5,11006.5,10935.45,10957.1,1,-0.0021265066550095746,10980.27,10832.5375,10918.102122370574,10844.583788603128,68.07354473723399,0.005041945502312027,-66.10000000000036
2018-07-20,10963.5,11030.25,10946.2,11010.2,1,0.004846172801197479,10978.53,10841.954999999998,10932.271026621254,10856.851656114008,76.422581611261,0.005744948536382478,-8.699999999998909
2018-07-23,11019.85,11093.4,11010.95,11084.75,1,0.006770994169043254,11008.11,10858.07,10955.729330217984,10873.733014920377,77.49910682386576,0.00463968198850187,147.89999999999964
2018-07-24,11109.0,11143.4,11092.5,11134.3,0,0.004470105324883233,11033.359999999999,10876.327500000001,10983.201740953678,10893.034273074423,76.82172824966885,0.004297830312307181,126.25
2018-07-25,11148.4,11157.15,11113.25,11132.0,1,-0.00020656889072501183,11063.67,10899.3575,11006.09378080696,10910.735438031874,78.89485221861075,0.003743083958718609,151.54999999999927
2018-07-26,11132.95,11185.85,11125.7,11167.3,1,0.0031710384477181552,11105.710000000001,10928.2675,11030.894737605888,10929.740220399884,79.28322326927369,0.0025893037913410958,210.1999999999989
2018-07-27,11232.75,11283.4,11210.25,11278.35,1,0.009944212119312734,11159.34,10956.47,11068.964777974212,10955.56316703693,80.18874618604995,0.0038135065148808137,268.14999999999964
2018-07-30,11296.65,11328.1,11261.45,11319.55,1,0.0036530166203387893,11206.3,10989.5825,11107.516350593563,10982.525154663825,78.57252494244062,0.0036689415894276137,234.79999999999927
2018-07-31,11311.05,11366.0,11267.75,11356.5,0,0.003264264038764786,11250.74,11022.4125,11145.821527425322,11010.226995059098,79.69159150421893,0.0036868585494848473,222.20000000000073
2018-08-01,11359.8,11390.55,11313.55,11346.2,0,-0.0009069695768941788,11293.58,11051.227499999999,11176.648984744503,11035.11388431398,75.93127809890834,0.0038925557731287227,214.20000000000073
2018-08-02,11328.9,11328.9,11234.95,11244.7,1,-0.00894572632246915,11309.060000000001,11075.975,11187.118371706887,11050.638781772202,65.68055555555574,0.00696260136961566,77.40000000000146
2018-08-03,11297.8,11368.0,11294.55,11360.8,1,0.010324864158225422,11325.55,11105.3825,11213.83862221352,11073.613686826113,78.11153106557936,0.007080441233015371,82.44999999999891
2018-08-06,11401.5,11427.65,11370.6,11387.1,1,0.0023149778184636816,11339.06,11132.0925,11240.494218796055,11096.834895209364,76.72565747726173,0.007002536366772123,67.55000000000109
2018-08-07,11423.15,11428.95,11359.7,11389.45,1,0.00020637387921418338,11345.650000000001,11154.2025,11263.410492827432,11118.510088156818,79.90203246088619,0.006911239275044989,32.95000000000073
2018-08-08,11412.5,11459.95,11379.3,11450.0,1,0.005316323439674475,11366.41,11179.2875,11292.11657085398,11143.064896441498,84.17695187907377,0.0071292341531069454,103.79999999999927
2018-08-09,11493.25,11495.2,11454.1,11470.7,0,0.0018078602620088535,11411.61,11201.6625,11319.590944568752,11167.334163371755,83.4325540874112,0.003992894135463042,226.0
2018-08-10,11474.95,11478.75,11419.65,11429.5,0,-0.0035917598751602497,11425.35,11222.192500000001,11336.500030019713,11186.753854973847,76.30273899443051,0.003259772442269259,68.70000000000073
2018-08-13,11369.6,11406.3,11340.3,11355.75,1,-0.006452600726191027,11419.08,11243.1375,11339.461563862833,11199.272087938747,66.29387094400712,0.004599948194977111,-31.350000000000364
2018-08-14,11381.7,11452.45,11370.8,11435.1,0,0.006987649428703557,11428.210000000001,11264.490000000002,11354.175169422397,11216.740822165506,70.03039915411051,0.005735565071512239,45.649999999999636
2018-08-16,11397.15,11449.85,11366.25,11385.05,1,-0.0043768747103217764,11415.22,11284.72,11358.925143357412,11229.208168671765,64.11486355091719,0.0054648804395716725,-64.95000000000073
2018-08-17,11437.15,11486.45,11431.8,11470.75,1,0.00752741533853607,11415.23,11310.4025,11376.128967456272,11247.10015617756,62.89544235924927,0.006692930837575004,0.049999999999272404
2018-08-20,11502.1,11565.3,11499.65,11551.75,1,0.007061438877143944,11439.68,11337.48,11403.147587847616,11269.666811275518,64.77475184525323,0.006947058919684479,122.25
2018-08-21,11576.2,11581.75,11539.6,11570.9,1,0.001657757482632416,11482.710000000001,11361.7875,11428.955651255674,11291.980380810664,63.95833333333327,0.0051511681403421175,215.14999999999964
2018-08-23,11620.7,11620.7,11546.7,11582.75,0,0.001024120854903332,11512.24,11384.21,11452.616320293262,11313.518871120987,65.36937171073994,0.00490483440868401,147.64999999999964
2018-08-24,11566.6,11604.6,11532.0,11557.1,1,-0.002214500010791931,11546.65,11405.465,11468.690732555837,11331.561917704617,72.51693815770494,0.004179978071552195,172.0500000000011
2018-08-27,11605.85,11700.95,11595.6,11691.95,1,0.011668152045063218,11590.89,11431.6975,11503.038312162631,11358.25733120798,73.24022738437782,0.005500135434418596,221.20000000000073
2018-08-28,11731.95,11760.2,11710.5,11738.5,0,0.003981371798545075,11628.24,11454.705,11539.263187214536,11386.423454822203,73.97980073700003,0.005214095801903053,186.75
2018-08-29,11744.95,11753.2,11678.85,11691.9,0,-0.003969842824892433,11652.439999999999,11473.3225,11562.745773796914,11409.051347057597,69.46392946779059,0.006158418804950185,121.0
2018-08-30,11694.75,11698.8,11639.7,11676.8,1,-0.0012914924007219053,11671.25,11489.3375,11580.292577828157,11428.884580608887,65.50239234449748,0.006343636012349942,94.04999999999927
2018-08-31,11675.85,11727.65,11640.1,11680.5,0,0.00031686763496852066,11695.93,11506.0525,11595.709104316133,11447.522759823043,64.68159552134347,0.006054037030005432,123.39999999999964
2018-09-03,11751.8,11751.8,11567.4,11582.35,0,-0.008402893711741743,11674.009999999998,11522.935,11593.653857498266,11457.509962799115,59.90666925918724,0.00464875257529977,-109.60000000000036
2018-09-04,11598.75,11602.55,11496.85,11520.3,0,-0.0053572893238419406,11630.37,11530.91,11582.368648652378,11462.161076665847,60.82922013820326,0.003422878554443685,-218.20000000000073
2018-09-05,11514.85,11542.65,11393.85,11476.95,1,-0.0037629228405509085,11587.380000000001,11535.4025,11566.150395013552,11463.256552468376,52.891191709844584,0.0034206691550544973,-214.9499999999989
2018-09-06,11514.15,11562.25,11436.05,11536.9,1,0.005223513215619091,11559.4,11542.775,11561.650334242237,11468.711622655905,60.348940230355105,0.005294740681525018,-139.89999999999964
2018-09-07,11558.25,11603.0,11484.4,11589.1,0,0.004524612330868871,11541.119999999999,11549.73,11565.873359743431,11477.62928023695,58.45176033707066,0.006106060578786449,-91.39999999999964
2018-09-10,11570.25,11573.0,11427.3,11438.1,0,-0.013029484601910446,11512.27,11548.1,11546.215919782904,11474.701185404583,42.62156722716356,0.007576691552206019,-144.25
2018-09-11,11476.85,11479.4,11274.0,11287.5,1,-0.013166522411939052,11465.710000000001,11541.0,11506.413470585534,11460.83443093017,34.28349600709852,0.008990915618324238,-232.79999999999927
2018-09-12,11340.1,11380.75,11250.2,11369.9,1,0.007300110741971233,11444.3,11541.7075,11485.41139818776,11454.098547157566,39.052615337139315,0.01033727797186106,-107.05000000000109
2018-09-14,11443.5,11523.25,11430.55,11515.2,0,0.012779356018962407,11439.960000000001,11545.7125,11489.994260005029,11458.624580701451,48.08115039384504,0.012038413603573373,-21.69999999999891
2018-09-17,11464.95,11464.95,11366.9,11377.75,0,-0.011936397109907015,11397.689999999999,11545.3475,11472.725912311947,11452.633871019862,35.64510233918128,0.012619669221102284,-211.35000000000036
2018-09-18,11381.55,11411.45,11268.95,11278.9,0,-0.008688009492210713,11365.85,11535.755000000001,11442.906541187032,11439.764695388762,29.95988488706726,0.011940677482945685,-159.20000000000073
2018-09-19,11326.65,11332.05,11210.9,11234.35,0,-0.003949853265832637,11355.220000000001,11519.885,11410.82091946595,11424.54879202663,30.01354125715291,0.010560816135758717,-53.149999999999636
2018-09-21,11271.3,11346.8,10866.45,11143.1,0,-0.008122410286309445,11309.86,11498.495,11369.633085701958,11403.70073335799,28.141382699869,0.009791655048681278,-226.79999999999927
2018-09-24,11164.4,11170.15,10943.6,10967.4,1,-0.015767605065017842,11200.3,11467.7275,11307.751072517041,11371.382160516656,24.400488225157957,0.004427023536285242,-547.8000000000011
2018-09-25,10969.95,11080.6,10882.85,11067.45,0,0.009122490289403151,11138.240000000002,11443.244999999999,11270.78167674519,11348.868667145052,31.54083315408336,0.009201664806864643,-310.2999999999993
2018-09-26,11145.55,11145.55,10993.05,11053.8,0,-0.001233346434815763,11093.220000000001,11411.3375,11237.399880322853,11327.011728838012,32.674738171284304,0.009155967288676738,-225.10000000000036
2018-09-27,11079.8,11089.45,10953.35,10977.55,0,-0.006898080298177955,11041.859999999999,11373.289999999999,11197.422975657799,11301.125674850011,31.895301624129942,0.009247202333584018,-256.8000000000011
2018-09-28,11008.1,11034.1,10850.3,10930.45,1,-0.004290574855044915,10999.329999999998,11335.2175,11156.350210171984,11273.668217453713,27.807662751125378,0.0090365909099718,-212.64999999999964
2018-10-01,10930.9,11035.65,10821.55,11008.3,0,0.0071223051201001475,11007.51,11301.7925,11133.57325476091,11254.01131245714,29.137931034482747,0.007045175593959698,40.899999999999636
2018-10-03,10982.7,10989.05,10843.75,10858.25,0,-0.013630624165402394,10965.67,11260.68,11091.215830951538,11224.695659682537,29.15783041587291,0.00762173578197851,-209.20000000000073
2018-10-04,10754.7,10754.7,10547.25,10599.25,0,-0.023852830796859514,10874.76,11211.525,11015.528780035916,11178.366351557905,27.049918303377908,0.01146945909515597,-454.5499999999993
2018-10-05,10514.1,10540.65,10261.9,10316.45,1,-0.026681133099039966,10742.539999999999,11151.3325,10907.978198491928,11114.520695886948,19.013442362561435,0.013994880218586858,-661.0999999999985
2018-10-08,10310.15,10398.35,10198.4,10348.05,0,0.0030630691759276907,10626.060000000001,11094.8875,10821.835398723939,11057.74508878421,13.20808246382741,0.015362233194327916,-582.4000000000015
2018-10-09,10390.3,10397.6,10279.35,10301.05,1,-0.004541918525712618,10484.61,11033.095000000001,10741.714568151025,11001.69360072612,14.006819549374768,0.012597951790398555,-707.25
2018-10-10,10331.85,10482.35,10318.25,10460.1,0,0.01544017357453864,10404.98,10976.645,10698.389249973943,10961.575556227888,23.687254964972027,0.017900692602884218,-398.14999999999964
2018-10-11,10169.8,10335.95,10138.6,10234.65,1,-0.021553331230103057,10332.060000000001,10916.4725,10627.044749977951,10907.729218729526,21.22005988023949,0.017391878138392748,-364.60000000000036
2018-10-12,10331.55,10492.45,10322.15,10472.5,1,0.02323968088796402,10363.27,10875.7225,10603.268634596727,10875.490017342154,32.19709036848252,0.017493350822414034,156.04999999999927
2018-10-15,10524.2,10526.3,10410.15,10512.5,1,0.003819527333492445,10396.16,10832.852499999999,10589.304229274152,10848.601867909403,36.98575270355324,0.01749590322224032,164.45000000000073
2018-10-16,10550.15,10604.9,10525.3,10584.75,0,0.006872770511296089,10452.9,10786.329999999998,10588.603578616588,10829.057285101298,35.967207395778786,0.016956372085650668,283.7000000000007
2018-10-17,10688.7,10710.15,10436.45,10453.05,0,-0.012442428966201402,10451.49,10740.095,10567.749181906343,10801.204893612312,33.65706357626702,0.017473307095432183,-7.050000000001091
2018-10-19,10339.7,10380.1,10249.6,10303.55,0,-0.01430204581437955,10465.27,10691.3275,10527.10315392075,10764.341568159549,32.36709920468813,0.015418633546538102,68.89999999999964
2018-10-22,10405.85,10408.55,10224.0,10245.25,0,-0.005658244003280299,10419.820000000002,10641.8725,10483.741130240636,10725.89034088847,32.17852684144815,0.009472771061549643,-227.25
2018-10-23,10152.6,10222.1,10102.35,10146.8,1,-0.009609331153461409,10346.68,10592.057499999999,10431.904033280538,10682.994760081918,27.83067421513124,0.008426130580788378,-365.7000000000007
2018-10-24,10278.15,10290.65,10126.7,10224.75,0,0.007682224937911597,10274.679999999998,10554.925,10400.034182006608,10649.050703779554,33.06964562510022,0.00876108906717303,-360.0
2018-10-25,10135.05,10166.6,10079.3,10124.9,0,-0.00976551993936281,10209.05,10507.7975,10357.705846313283,10610.22472572181,36.14429677230904,0.008409875544019233,-328.14999999999964
2018-10-26,10122.35,10128.85,10004.55,10030.0,1,-0.009372932078341445,10154.34,10456.6075,10307.289562265087,10567.245116409083,40.6011090330413,0.007479245694754726,-273.5499999999993
2018-10-29,10078.1,10275.3,10020.35,10250.85,0,0.02201894317048847,10155.46,10420.272500000001,10298.606552685844,10543.808441119523,47.16303776778942,0.014311054559520954,5.600000000000364
2018-10-30,10239.4,10285.1,10175.35,10198.4,1,-0.0051166488632650164,10165.78,10383.67,10283.190159964945,10518.222630666225,47.013470658403904,0.013668539056113304,51.600000000000364
2018-10-31,10209.55,10396.0,10105.1,10386.6,0,0.018453875117665497,10198.15,10352.585000000001,10299.099366124185,10508.47280617243,47.89723636779768,0.015669826296460507,161.85000000000036
2018-11-01,10441.7,10441.9,10341.9,10380.45,1,-0.0005921090636011872,10249.26,10328.695,10311.614848258925,10498.989635344842,54.76969379743526,0.01423745088302098,255.5500000000011
2018-11-02,10462.3,10606.95,10457.7,10553.0,0,0.01662259343284722,10353.86,10326.3825,10348.75102544986,10502.990403097077,52.75100813341535,0.012248500201441219,523.0
2018-11-05,10558.75,10558.8,10477.0,10524.0,1,-0.0027480337344830685,10408.49,10336.759999999998,10375.712406149882,10504.54666953433,50.39597823841332,0.011282919146817057,273.14999999999964
2018-11-06,10552.0,10600.25,10491.45,10530.0,1,0.0005701254275940482,10474.810000000001,10345.8575,10399.4489590499,10506.432101420676,48.024677995454056,0.010202231217666786,331.60000000000036
2018-11-07,10614.45,10616.45,10582.3,10598.4,0,0.006495726495726384,10517.17,10360.724999999999,10430.05681150376,10513.24453835248,55.495066349098344,0.007808996691224199,211.79999999999927
2018-11-09,10614.7,10619.55,10544.85,10585.2,0,-0.0012454710144926828,10558.119999999999,10366.98,10453.924994349336,10518.574572548592,61.87144362486834,0.007911303124230579,204.75
2018-11-12,10607.8,10645.5,10464.05,10482.2,1,-0.009730567207043794,10543.960000000001,10379.357500000002,10458.274995218668,10515.880159767215,59.62468012510665,0.005861739343708044,-70.79999999999927
2018-11-13,10451.9,10596.25,10440.55,10582.5,0,0.00956860201102816,10555.66,10384.857500000002,10477.386534415797,10520.814962747421,67.67115509409479,0.007481798792717924,58.5
2018-11-14,10634.9,10651.6,10532.7,10576.3,1,-0.0005858729033783039,10564.920000000002,10388.0475,10492.60399065952,10524.92496550687,65.1393135523879,0.00752124720332882,46.29999999999927
2018-11-15,10580.6,10646.5,10557.5,10616.7,1,0.0038198613881983423,10568.58,10389.645,10511.695684404209,10531.723116210065,72.32207697893976,0.007107401249859071,18.30000000000109
2018-11-16,10644.0,10695.15,10631.15,10682.2,1,0.006169525370407047,10587.98,10401.102499999999,10537.927117572792,10542.869552046357,80.4141018466704,0.007452490685539161,97.0
2018-11-19,10731.25,10774.7,10688.8,10763.4,0,0.007601430416955157,10644.220000000001,10424.095000000001,10572.615253330823,10559.205140783664,77.48110020910406,0.003908543456203859,281.1999999999989
2018-11-20,10740.1,10740.85,10640.85,10656.2,0,-0.009959678168608321,10658.960000000001,10444.6425,10585.474445126081,10566.38994517006,73.18444241871782,0.007071905862143687,73.70000000000073
2018-11-21,10670.95,10671.3,10562.35,10600.05,0,-0.005269232934817403,10663.710000000001,10467.304999999998,10587.716838183607,10568.88328256487,62.478807366267134,0.007685707735626183,23.75
2018-11-22,10612.65,10646.25,10512.0,10526.75,1,-0.006915061721406879,10645.720000000001,10482.404999999999,10578.337324616898,10565.762298671176,57.930398959236754,0.008009391181176608,-89.95000000000073
2018-11-26,10568.3,10637.8,10489.75,10628.6,1,0.009675350891775736,10635.0,10507.59,10586.070043906604,10570.416943214052,54.43818245861221,0.008964294899299095,-53.600000000000364
2018-11-27,10621.45,10695.15,10596.35,10685.6,1,0.005362888809438582,10619.44,10540.369999999999,10601.38234484405,10578.949021494493,59.18494941457318,0.008471316104523766,-77.79999999999927
2018-11-28,10708.75,10757.8,10699.85,10728.85,1,0.004047503181852319,10633.97,10564.27,10620.992753329581,10590.052797680086,60.843012159877894,0.007155630127304761,72.64999999999964
2018-11-29,10808.7,10883.05,10782.35,10858.7,1,0.0121028814831039,10685.7,10597.285,10657.563098971184,10609.952590444524,63.302330335241265,0.007335051522988177,258.65000000000146
2018-11-30,10892.1,10922.45,10835.1,10876.75,1,0.0016622615966919163,10755.7,10621.7925,10691.284160667925,10629.715361522707,64.82583269768621,0.004247410545537984,350.0
2018-12-03,10930.7,10941.2,10845.35,10883.75,0,0.000643574597191332,10806.73,10646.9575,10720.894289795935,10648.532742150655,72.62890955198644,0.004509154670879593,255.14999999999964
2018-12-04,10877.1,10890.95,10833.35,10869.5,0,-0.0013092913747559942,10843.51,10662.782500000001,10743.756706750406,10664.900687176532,67.9106340489266,0.005218958944002509,183.89999999999964
2018-12-05,10820.45,10821.05,10747.95,10782.9,0,-0.007967247803486899,10854.320000000002,10675.7275,10749.778751865728,10673.641377015309,61.71733212341199,0.007238447214521032,54.04999999999927
2018-12-06,10718.15,10722.65,10588.25,10601.15,1,-0.016855391406764397,10802.81,10679.285,10726.912790040233,10668.271645384544,49.239943301236565,0.0077287814051188175,-257.5500000000011
2018-12-07,10644.8,10704.55,10599.35,10693.7,0,0.008730184932766782,10766.2,10684.050000000001,10721.803130034044,10670.155227207912,50.547619047619044,0.0096145535354197,-183.04999999999927
2018-12-10,10508.7,10558.85,10474.95,10488.45,1,-0.01919354386227401,10687.14,10679.2125,10685.902648490346,10656.695580748066,38.29053277117675,0.011468006724846769,-395.2999999999993
2018-12-11,10350.05,10567.15,10333.85,10549.15,1,0.005787318431226707,10623.07,10682.56,10664.863779491832,10648.729241433393,45.25298212939555,0.01276369995050266,-320.35000000000036
2018-12-12,10591.0,10752.2,10560.8,10737.6,1,0.017863998521207902,10614.009999999998,10690.314999999999,10676.05396726232,10655.312260586476,55.45898321228722,0.016421312057001796,-45.29999999999927
2018-12-13,10810.75,10838.6,10749.5,10791.55,1,0.00502440023841455,10652.09,10701.077500000001,10693.822587683502,10665.403944987478,60.673115679161604,0.013748912246168471,190.39999999999964
2018-12-14,10784.5,10815.75,10752.1,10805.45,1,0.0012880448128398392,10674.439999999999,10710.515,10710.996035732194,10675.777726840257,57.67211834627566,0.013460235521863111,111.75
2018-12-17,10853.2,10900.35,10844.85,10888.35,1,0.007672054379965543,10754.420000000002,10720.8225,10738.281261004164,10691.523821148385,58.60240145954431,0.006226729446951159,399.89999999999964
2018-12-18,10850.9,10915.4,10819.1,10908.7,1,0.0018689700459666447,10826.33,10728.0875,10764.499528541985,10707.610945507762,57.78200856734889,0.006726924225801488,359.5500000000011
2018-12-19,10930.55,10985.15,10928.0,10967.3,0,0.005371859158286307,10872.27,10743.6425,10795.699601073986,10726.847171766447,55.0078391589043,0.0026462747550676084,229.6999999999989
2018-12-20,10885.2,10962.55,10880.05,10951.7,0,-0.0014224102559425855,10904.3,10761.225,10819.69966244722,10743.502936820785,53.46397374867129,0.003578118533006233,160.15000000000146
2018-12-21,10944.25,10963.65,10738.65,10754.0,0,-0.018051991928193845,10894.01,10772.5875,10809.592022070725,10744.280497056283,44.901968488468036,0.010185117959339515,-51.45000000000073
2018-12-24,10780.9,10782.3,10649.25,10663.5,1,-0.008415473312255894,10849.039999999999,10774.3325,10787.116326367535,10738.296756533595,42.36358244365361,0.009297730258983651,-224.85000000000036
2018-12-26,10635.45,10747.5,10534.55,10729.85,1,0.006222159703662022,10813.27,10776.545,10778.30612231099,10737.671070864439,48.003462421436936,0.010163402580894699,-178.85000000000036
2018-12-27,10817.9,10834.2,10764.45,10779.8,1,0.004655237491670405,10775.77,10779.0925,10778.535949647761,10740.791732281888,57.463964904950906,0.010015231880415964,-187.5
2018-12-28,10820.95,10893.6,10817.15,10859.9,1,0.007430564574481879,10757.41,10779.1525,10791.053495855798,10749.614566927674,57.01680317487121,0.011168917826323638,-91.80000000000109
2018-12-31,10913.2,10923.55,10853.2,10862.55,1,0.00024401697989850923,10779.119999999999,10778.4425,10802.052958031829,10757.980154562661,69.05368238769479,0.00644068676921037,108.54999999999927
2019-01-01,10881.7,10923.6,10807.1,10910.1,0,0.004377425190217776,10828.439999999999,10779.759999999998,10818.675579873086,10769.248291261723,68.63352434050906,0.0027234940770821214,246.60000000000036
2019-01-02,10868.85,10895.35,10735.05,10792.5,0,-0.010779002942227889,10840.97,10775.91,10814.64856758492,10770.970640057152,53.05781441461512,0.007163518985846185,62.649999999999636
2019-01-03,10796.8,10814.05,10661.25,10672.25,1,-0.011141996757007222,10819.46,10770.377499999999,10792.741095648778,10763.658000052917,43.812240663900454,0.008591947934722954,-107.54999999999927
2019-01-04,10699.7,10741.05,10628.65,10727.35,1,0.005162922532736758,10792.95,10776.6875,10782.680927087427,10760.968518567517,46.1152009550338,0.00801168800902952,-132.54999999999927
2019-01-07,10804.85,10835.95,10750.15,10771.8,1,0.004143614219727976,10774.8,10780.592499999999,10781.006938304747,10761.770850525478,43.97207137315741,0.008510998724269515,-90.75
2019-01-08,10786.25,10818.45,10733.25,10802.15,1,0.0028175421006702006,10753.210000000001,10796.2775,10784.259717027093,10764.7618986347,44.54568722805215,0.00825982620759646,-107.95000000000073
2019-01-09,10862.4,10870.4,10749.4,10855.15,0,0.004906430664265882,10765.74,10811.577500000001,10795.16591440754,10771.457313550649,44.22591772640685,0.006947051325212857,62.649999999999636
2019-01-10,10859.35,10859.35,10801.8,10821.6,0,-0.0030906988848610206,10795.61,10815.7775,10799.23269680638,10775.171586620972,43.42331412395105,0.0034104863559299777,149.35000000000036
2019-01-11,10834.75,10850.15,10739.4,10794.95,0,-0.002462667258076423,10809.13,10815.947499999998,10798.57382037463,10776.636654278678,52.50290324552294,0.0037690985927504588,67.60000000000036
2019-01-14,10807.0,10808.0,10692.35,10737.6,1,-0.005312669350020172,10802.289999999999,10812.555,10789.193232624688,10773.745050258036,54.72034654096065,0.004297635947775839,-34.19999999999891
2019-01-15,10777.55,10896.95,10777.55,10886.8,1,0.013895097600953532,10819.22,10812.477499999999,10804.209658374735,10782.119490979661,59.043503313166184,0.007880260074056511,84.64999999999964
2019-01-16,10899.65,10928.15,10876.9,10890.3,1,0.00032149024506744617,10826.25,10811.557499999999,10817.454326317084,10790.132862018205,56.727139900158285,0.007661159480573122,35.149999999999636
2019-01-17,10920.85,10930.65,10844.65,10905.2,1,0.001368190040678563,10842.97,10808.4525,10830.95366072984,10798.65635372056,52.99563549795007,0.007367848199015887,83.60000000000036
2019-01-18,10914.85,10928.2,10852.2,10906.95,1,0.00016047390235840453,10865.37,10806.215,10842.64540523294,10806.678105296814,52.939618644067885,0.007098089347346029,112.0
2019-01-21,10919.35,10987.45,10885.75,10961.85,0,0.005033487821985094,10910.22,10816.6075,10860.984573658643,10818.172319719273,53.39322011671366,0.005789205145523326,224.25
2019-01-22,10949.8,10949.8,10864.15,10922.75,0,-0.003566916168347478,10917.41,10829.57,10870.486946941928,10825.918814554883,59.52050288721586,0.0030765162271089736,35.95000000000073
2019-01-23,10931.05,10944.8,10811.95,10831.5,1,-0.008354123274816327,10905.65,10834.6525,10864.488955104709,10826.332235698967,62.155560644225645,0.005099128031543281,-58.79999999999927
2019-01-24,10844.05,10866.6,10798.65,10849.8,0,0.0016895166874393297,10894.57,10838.1525,10862.229115857832,10828.070588610153,59.90295188030726,0.005139432862155512,-55.400000000001455
2019-01-25,10859.75,10931.7,10756.45,10780.55,0,-0.006382606130988622,10869.289999999999,10834.185000000001,10849.663098033549,10824.5505450094,50.680351450120526,0.0055816696530558004,-126.40000000000146
2019-01-28,10792.45,10804.45,10630.95,10661.55,0,-0.011038397855396953,10809.23,10824.135,10820.722621413002,10812.47643056426,40.39223725570585,0.004873914609241912,-300.3000000000011
2019-01-29,10653.7,10690.35,10583.65,10652.2,0,-0.000876983177867996,10755.119999999999,10811.240000000002,10794.796064272541,10800.604102374315,35.251798561151105,0.005276661176771844,-270.5499999999993
2019-01-30,10702.25,10710.2,10612.85,10651.8,1,-3.7550928446816734e-05,10719.179999999998,10804.205,10772.796669769074,10789.581576272512,37.0361887311039,0.005262861833549103,-179.70000000000073
2019-01-31,10690.55,10838.05,10678.55,10830.95,1,0.01681875363788299,10715.41,10812.140000000001,10781.743335958447,10792.645903956029,52.22937825117661,0.01055657075852741,-18.849999999998545
2019-02-01,10851.35,10983.45,10813.45,10893.65,1,0.005788965880185737,10738.029999999999,10820.455,10798.959745810995,10800.127688848173,59.60012303906486,0.010201647380448663,113.10000000000036
2019-02-04,10876.75,10927.9,10814.15,10912.25,1,0.00170741670606267,10788.170000000002,10827.4775,10816.389015686225,10808.43304522979,51.865425492926825,0.007255183412104708,250.70000000000073
2019-02-05,10908.65,10956.7,10886.7,10934.35,1,0.0020252468555981284,10844.6,10834.0875,10834.536859426806,10817.760227064622,53.143061006065,0.006801343815095036,282.14999999999964
2019-02-06,10965.1,11072.6,10962.7,11062.45,1,0.011715374027720049,10926.73,10844.4525,10869.600419514989,10835.885395430207,59.65968425578966,0.006538374326488706,410.65000000000146
2019-02-07,11070.45,11118.1,11043.6,11069.4,0,0.0006282514271249706,10974.42,10856.842499999999,10900.338816512683,10853.182773546489,59.915766343160534,0.0045430121263818485,238.4499999999989
2019-02-08,11023.5,11041.2,10925.45,10943.6,0,-0.011364662944694293,10984.41,10864.275,10906.99438320304,10859.880345876378,48.97477669793832,0.008206358280286503,49.95000000000073
2019-02-11,10930.9,10930.9,10857.1,10888.8,0,-0.0050074929639242205,10979.720000000001,10871.835000000001,10904.19524732565,10862.022542478127,48.125862544852296,0.008590317716570314,-23.450000000000728
2019-02-12,10879.7,10910.9,10823.8,10831.4,0,-0.0052714716038497755,10959.13,10869.065,10892.995978506318,10859.754205998266,49.99426539740794,0.00869433210935659,-102.95000000000073
2019-02-13,10870.55,10891.65,10772.1,10793.65,0,-0.003485237365437488,10905.369999999999,10864.2325,10877.711981813038,10854.857598146542,46.85028327817357,0.004315800330085478,-268.8000000000011
2019-02-14,10786.1,10792.7,10718.75,10746.05,0,-0.004410000324264751,10840.7,10856.275,10857.456292303339,10846.797776061612,48.016557433597804,0.0031267008718260264,-323.35000000000036
2019-02-15,10780.25,10785.75,10620.4,10724.4,0,-0.0020146937711996715,10796.86,10847.147500000001,10836.98609348744,10837.731274131122,54.06875121382795,0.0013227875328049258,-219.20000000000073
2019-02-18,10738.65,10759.9,10628.4,10640.95,0,-0.007781321099548544,10747.289999999999,10831.102499999999,10806.826694489373,10823.154883454743,49.33545986177565,0.0021525568552592882,-247.84999999999854
2019-02-19,10636.7,10722.85,10585.65,10604.35,1,-0.003439542522049255,10701.880000000001,10815.182499999999,10775.6764337987,10806.947114309947,47.31207160256053,0.0021639826707204805,-227.04999999999927
2019-02-20,10655.45,10752.7,10646.4,10735.45,1,0.012362851094126492,10690.240000000002,10810.380000000001,10769.487751675824,10801.65103176847,44.278696381500104,0.007796556836029187,-58.19999999999891
2019-02-21,10744.1,10808.85,10721.5,10789.85,1,0.005067323679957436,10699.0,10807.3825,10772.620405264159,10800.776881267102,43.71898826092222,0.00792838721406976,43.80000000000109
2019-02-22,10782.7,10801.55,10758.4,10791.65,1,0.00016682344981622244,10712.45,10807.9375,10775.548035223519,10800.100815988057,42.5509573810994,0.00779092547195678,67.25
2019-02-25,10813.25,10887.1,10788.05,10880.1,0,0.00819615165428833,10760.28,10818.865,10791.632952881439,10806.026681470423,46.903008506022715,0.006277266300926716,239.14999999999964
2019-02-26,10775.3,10888.75,10729.3,10835.3,0,-0.004117609213150741,10806.470000000001,10828.02,10798.350960130449,10808.195075435577,35.66967383761266,0.006494449196513648,230.9499999999989
2019-02-27,10881.2,10939.7,10751.2,10806.65,0,-0.0026441353723477556,10820.71,10835.7625,10799.627735494996,10808.080625403312,33.865520417562166,0.005194582171855801,71.19999999999891
2019-02-28,10865.7,10865.7,10784.85,10792.5,1,-0.0013093789472222728,10821.24,10833.84,10798.531160803457,10806.926505003066,39.247082265869615,0.004817891843496284,2.649999999999636
2019-03-01,10842.65,10877.9,10823.1,10863.5,1,0.006578642575862936,10835.609999999999,10832.3325,10808.526366833696,10811.117134262098,48.24012242626605,0.005637557774517395,71.85000000000036
2019-03-05,10864.85,10994.9,10817.0,10987.45,1,0.011409766649790543,10857.08,10836.0925,10836.053079628511,10824.178828020462,59.93506080091685,0.006697974185668629,107.35000000000036
2019-03-06,11024.85,11062.3,10998.85,11053.0,1,0.005965897455733504,10900.62,10842.025,10869.429528916433,10841.12854446339,65.94724220623505,0.005868407613454079,217.70000000000073
2019-03-07,11077.95,11089.05,11027.1,11058.2,0,0.00047046050845933607,10950.93,10841.8125,10898.471139852367,10857.207911540176,70.24975673045745,0.00510207842922757,251.5500000000011
2019-03-08,11038.85,11049.0,11008.95,11035.4,1,-0.0020618183791214495,10999.51,10840.1125,10919.537118336619,10870.407325500162,70.14509651509259,0.005326945133287919,242.89999999999964
2019-03-11,11068.75,11180.9,11059.85,11168.05,1,0.012020407053663584,11060.420000000002,10851.335000000001,10957.769869361753,10892.454931018669,82.09718670076708,0.006326865438308426,304.5499999999993
2019-03-12,11231.35,11320.4,11227.0,11301.2,1,0.011922403642534052,11123.17,10871.954999999998,11010.60527407533,10922.732343535805,87.96926932926485,0.006448329038047134,313.75
2019-03-13,11326.2,11352.3,11276.6,11341.7,1,0.0035836902275865334,11180.91,10897.47,11061.542924217587,10953.766984755375,86.65135118795706,0.006508126248773444,288.7000000000007
2019-03-14,11382.5,11383.45,11313.75,11343.25,1,0.00013666381582999598,11237.920000000002,10924.95,11104.882474337957,10982.6175784772,85.74011883234292,0.006570021212515819,285.0499999999993
2019-03-15,11376.85,11487.0,11370.8,11426.85,1,0.00737002181914348,11316.210000000001,10958.990000000002,11154.415939824426,11015.523683775185,87.10280373831765,0.005204512381569439,391.4500000000007
2019-03-18,11473.85,11530.15,11412.5,11462.2,1,0.0030935909721401256,11375.039999999999,10995.880000000001,11201.767333697593,11048.610818310357,86.24984431436032,0.004543793351375112,294.15000000000146
2019-03-19,11500.3,11543.85,11451.25,11532.4,0,0.0061244787213623475,11421.28,11040.452500000001,11252.633897744117,11084.44705399107,92.08016419171794,0.0028183189489092565,231.1999999999989
2019-03-20,11553.35,11556.1,11503.1,11521.05,0,-0.0009841836911658186,11457.15,11086.2875,11293.92868270656,11116.788012954694,94.04438964241665,0.0036342448241909187,179.34999999999854
2019-03-22,11549.2,11572.8,11434.55,11456.9,0,-0.005568068882610522,11479.88,11122.359999999999,11319.001193059397,11141.981493476567,88.58304297328677,0.005320365643074837,113.64999999999964
2019-03-25,11395.65,11395.65,11311.6,11354.25,1,-0.008959666227338903,11465.359999999999,11150.58,11324.424086434876,11157.705086552376,77.48837730353438,0.006152330146339228,-72.60000000000036
2019-03-26,11375.2,11496.75,11352.45,11483.25,0,0.011361384503600025,11469.57,11185.16,11348.858842367972,11181.819524585533,77.61501615238937,0.00833754510713654,21.049999999999272
2019-03-27,11531.45,11546.2,11413.0,11445.05,1,-0.003326584372891017,11452.1,11213.407500000001,11363.657482003668,11201.318078319937,72.52254840006884,0.007765522973874787,-87.35000000000036
2019-03-28,11463.65,11588.5,11452.45,11570.0,1,0.010917383497669464,11461.89,11250.1425,11395.402484772334,11228.627850296238,75.84587415412575,0.00957471076471972,48.95000000000073
2019-03-29,11625.45,11630.35,11570.15,11623.9,1,0.0046585998271391205,11495.289999999999,11291.005000000001,11430.555948653513,11257.907268792813,78.81414022718369,0.008921653545052095,167.0
2019-04-01,11665.2,11738.1,11644.75,11669.15,1,0.0038928414731715932,11558.27,11334.8375,11467.262725783741,11288.369693326678,76.83122724352108,0.00601879086912093,314.89999999999964
2019-04-02,11711.55,11729.35,11655.85,11713.2,0,0.0037749107689935,11604.26,11377.3225,11505.099229509318,11319.838604932109,74.38735645791402,0.005050335684043372,229.95000000000073
2019-04-03,11735.3,11761.0,11629.15,11643.95,0,-0.0059121333196735515,11644.039999999999,11410.1475,11526.460886507884,11343.846856418619,67.30207796668383,0.006024375775372598,198.90000000000146
2019-04-04,11660.2,11662.55,11559.2,11598.0,1,-0.003946255351491623,11649.64,11437.3975,11537.466903968208,11362.673015202425,63.87753990303423,0.0050103593039917994,28.0
2019-04-05,11638.4,11689.65,11609.5,11665.95,0,0.005858768753233434,11658.050000000001,11467.785,11557.233534126945,11385.137977039281,63.250942141432034,0.005281206067086528,42.05000000000109
2019-04-08,11704.35,11710.3,11549.1,11604.5,1,-0.005267466430080803,11645.12,11496.240000000002,11564.505298107415,11401.387015777113,57.66454809867494,0.005495788805539481,-64.64999999999964
2019-04-09,11612.05,11683.9,11569.7,11671.95,0,0.005812400361928649,11636.869999999999,11521.435,11581.035252244737,11421.428718312141,57.53876073685919,0.005999888592705768,-41.25
2019-04-10,11646.85,11680.05,11571.75,11584.3,1,-0.007509456431873174,11624.94,11535.59,11581.537521130163,11433.493257696427,53.15666017866944,0.006378002819825173,-59.650000000001455
2019-04-11,11592.55,11606.7,11550.55,11596.7,1,0.0010704142675863615,11624.68,11548.34,11583.870210187062,11445.582646015211,57.35712030312598,0.006192593251093141,-1.2999999999992724
2019-04-12,11612.85,11657.35,11578.8,11643.45,1,0.0040313192546155285,11620.18,11563.35,11593.036331696745,11460.239487051122,66.17087899798693,0.005801410637579552,-22.5
2019-04-15,11667.0,11704.6,11648.25,11690.35,1,0.004028015751345038,11637.35,11576.525,11608.00766528186,11477.284710232521,62.75089274719852,0.005309170856822767,85.85000000000036
2019-04-16,11736.2,11810.95,11731.55,11787.15,0,0.00828033377957027,11660.390000000001,11592.772500000001,11635.568024469267,11500.237694659741,69.64511312736866,0.0058943535361099435,115.19999999999891
2019-04-18,11856.15,11856.15,11738.5,11752.8,0,-0.0029141904531629903,11694.09,11603.7925,11653.603713012457,11518.946013573835,61.71644660940892,0.004142839774070673,168.5
2019-04-22,11727.05,11727.05,11583.95,11594.45,0,-0.013473385065686405,11693.640000000001,11607.4625,11644.50314177977,11524.538901457256,48.33531174043306,0.008530306639291448,-2.25
2019-04-23,11612.95,11645.95,11564.8,11575.95,1,-0.0015955909939668889,11680.14,11613.415,11633.956504582882,11528.34713097894,44.56749825134074,0.008229803317579323,-67.5
2019-04-24,11601.5,11740.85,11578.85,11726.15,0,0.012975176983314407,11687.3,11632.01,11648.140119262438,11542.99919535087,50.67171533793241,0.010336198764739747,35.79999999999927
2019-04-25,11735.7,11796.75,11624.3,11641.8,1,-0.007193324322134709,11658.23,11639.9375,11647.164716298985,11550.317773473029,49.890199683366454,0.009783854587483858,-145.35000000000036
2019-04-26,11683.75,11762.9,11661.75,11754.65,0,0.009693518184473282,11658.6,11655.4175,11663.700913791448,11565.45349395651,57.4884076676705,0.0111591712477712,1.8500000000003638
2019-04-30,11748.75,11756.25,11655.9,11748.15,0,-0.0005529726533755053,11689.34,11664.325,11676.693080900455,11578.986568478249,54.17470797359059,0.00838740661199399,153.6999999999989
2019-05-02,11725.55,11789.3,11699.55,11724.75,0,-0.0019918029647221225,11719.1,11669.3675,11684.086453069616,11589.783859702082,56.35268635427122,0.008439437578451878,148.79999999999927
2019-05-03,11722.6,11770.9,11699.35,11712.25,0,-0.0010661208128105448,11716.32,11671.522500000001,11688.41930644352,11598.855425650077,52.260235558048194,0.006141480866821312,-13.899999999999636
2019-05-06,11605.8,11632.55,11571.35,11598.25,0,-0.00973339879186319,11707.61,11665.775,11674.54710545221,11598.810579305627,50.75992809282566,0.006918225632896246,-43.54999999999927
2019-05-07,11651.5,11657.05,11484.45,11497.9,0,-0.008652167352833473,11656.26,11658.4725,11647.37062769033,11591.335721579286,45.0884867766951,0.004422664642725307,-256.75
2019-05-08,11478.7,11479.1,11346.95,11359.45,0,-0.012041329286217373,11578.52,11646.545,11603.075146507203,11574.159001462303,37.061503416856446,0.0048849240545608815,-388.6999999999989
2019-05-09,11322.4,11357.6,11255.05,11301.8,0,-0.005075069655661291,11493.93,11628.3375,11556.725123967633,11553.984260613242,32.470110534626585,0.004302343176989366,-422.9500000000007
2019-05-10,11314.15,11345.8,11251.05,11278.9,0,-0.0020262259109168346,11407.26,11612.057499999999,11513.982797203382,11533.607648715966,25.431430366897047,0.00396174085677727,-433.35000000000036
2019-05-13,11258.7,11300.2,11125.6,11148.2,1,-0.011588009469008398,11317.25,11585.87,11457.708520710554,11505.058933996264,23.2643495179977,0.004295244004637689,-450.0499999999993
2019-05-14,11151.65,11294.75,11108.3,11222.05,0,0.006624387793545017,11262.079999999998,11567.7575,11421.453363678162,11484.095309255801,32.20225578283299,0.0076941176750141395,-275.85000000000036
2019-05-15,11271.7,11286.8,11136.95,11157.0,1,-0.005796623611550422,11221.59,11545.772500000001,11380.768230804599,11459.866027088705,30.83047357584067,0.006667464238862842,-202.45000000000073
2019-05-16,11180.35,11281.55,11143.35,11257.1,1,0.00897194586358352,11212.65,11526.455,11361.742349142352,11444.84632137843,27.50683354912961,0.008565287585699475,-44.69999999999891
2019-05-17,11261.9,11426.15,11259.85,11407.15,1,0.013329365467127374,11238.3,11512.295,11368.72814158199,11442.054001276325,39.41444489556547,0.010527272648191059,128.25
2019-05-20,11651.9,11845.2,11591.7,11828.25,0,0.03691544338419317,11374.310000000001,11514.35,11439.423812107838,11470.661112292893,52.59776930679092,0.015631156911823096,680.0499999999993
2019-05-21,11863.65,11883.55,11682.8,11709.1,1,-0.010073341364952526,11471.72,11512.165,11480.912456398939,11488.32325212305,48.72323034167078,0.018575534797218546,487.0500000000011
2019-05-22,11727.95,11784.8,11682.4,11737.9,0,0.0024596254195454748,11587.9,11519.3375,11520.449001568333,11506.810418632453,50.428436451308094,0.017290640517321702,580.8999999999996
2019-05-23,11901.3,12041.15,11614.5,11657.05,1,-0.0068879441808160635,11667.89,11523.392499999998,11541.464539788589,11517.93927651153,48.278228321896414,0.018972830220794074,399.9499999999989
2019-05-24,11748.0,11859.0,11658.1,11844.1,1,0.01604608370042171,11755.28,11529.289999999999,11588.023841359576,11542.099330103269,57.33420840667047,0.01923122608921781,436.9500000000007
2019-05-27,11855.5,11957.15,11812.4,11924.75,1,0.006809297456117358,11774.579999999998,11543.4375,11639.827865765796,11570.443824169692,62.885259757901444,0.010545759117457277,96.5
2019-05-28,11958.35,11958.55,11864.9,11928.75,0,0.0003354368016101894,11818.509999999998,11552.1425,11684.27742487875,11596.985022379344,68.70359419147118,0.00847117330767465,219.64999999999964
2019-05-29,11905.8,11931.9,11836.8,11861.1,1,-0.005671172587236706,11843.15,11557.789999999999,11711.480897974327,11616.54909479569,68.25510803577265,0.009499410657086357,123.20000000000073
2019-05-30,11865.3,11968.55,11859.4,11945.9,0,0.007149421217256258,11900.92,11568.8475,11747.545375209045,11640.945458144157,70.92483373070655,0.00814738769183684,288.85000000000036
2019-05-31,11999.8,12039.25,11829.45,11922.8,1,-0.0019337178446161563,11916.66,11579.375,11774.507625176884,11661.8235723557,76.05974969721437,0.005579997385502891,78.69999999999891
2019-06-03,11953.75,12103.05,11920.1,12088.55,0,0.013901935786895692,11949.42,11603.89,11822.821836688132,11693.43293736639,77.45390025980612,0.007784662023939405,163.79999999999927
2019-06-04,12052.65,12095.2,12005.85,12021.65,0,-0.005534162492606631,11968.0,11630.0775,11853.410784889958,11717.745312376286,77.3632076964461,0.008636920008113539,92.89999999999964
2019-06-06,12039.8,12039.8,11830.25,11843.75,1,-0.01479830139789462,11964.529999999999,11654.2925,11851.924510291503,11727.078992941006,67.69416377620269,0.011151668328095839,-17.350000000000364
2019-06-07,11865.2,11897.5,11769.5,11870.65,1,0.002271240105540917,11949.48,11682.734999999999,11854.805354862041,11737.713882352782,65.10165515443765,0.010539845227282652,-75.25
2019-06-10,11934.9,11975.05,11871.75,11922.7,1,0.00438476410306099,11949.46,11714.925,11865.250684883265,11751.416557734057,54.05173523229381,0.010808041188649777,-0.09999999999854481
2019-06-11,11959.85,12000.35,11904.35,11965.6,0,0.003598178264990315,11924.87,11755.795,11880.689041055071,11767.281997901906,61.773616083723496,0.008164464192109918,-122.94999999999891
2019-06-12,11962.45,11962.45,11866.35,11906.2,1,-0.004964230794945457,11901.78,11790.002499999999,11884.613803969676,11777.572220279544,57.514063755692526,0.008106835749151293,-115.44999999999891
2019-06-13,11873.9,11931.35,11817.05,11914.05,0,0.0006593203541012116,11915.84,11827.855,11889.142449512801,11787.681685444022,62.27433374725382,0.0037192438026448435,70.29999999999927
2019-06-14,11910.1,11911.85,11797.7,11823.3,0,-0.007617057171994457,11906.369999999999,11856.164999999999,11879.012841895448,11790.320079114834,48.90595413423095,0.005295462910987483,-47.350000000000364
2019-06-17,11844.0,11844.05,11657.75,11672.15,1,-0.012784078895063056,11856.26,11869.414999999999,11847.18778929615,11781.566739921143,37.630986191362204,0.006526273637116234,-250.5500000000011
2019-06-18,11677.05,11727.2,11641.15,11691.5,0,0.001657792266206437,11801.439999999999,11862.5775,11823.235821712127,11774.895129556613,38.554681846688176,0.005979849378357603,-274.10000000000036
2019-06-19,11744.45,11802.5,11625.1,11691.45,1,-4.276611213160919e-06,11758.49,11861.695,11802.961079910263,11768.714008848716,41.24477473293078,0.006308682710674987,-214.75
2019-06-20,11653.65,11843.5,11635.05,11831.75,0,0.012000222384733972,11742.029999999999,11866.3875,11807.390144539453,11773.383341526587,44.42817396397716,0.009474972135831757,-82.29999999999927
2019-06-21,11827.6,11827.95,11705.1,11724.1,0,-0.009098400490206382,11722.189999999999,11869.740000000002,11794.576276148768,11769.73272363573,41.04067093516098,0.009739414235714916,-99.19999999999891
2019-06-24,11725.8,11754.0,11670.2,11699.65,1,-0.002085447923508066,11727.689999999999,11862.5175,11779.972233664343,11764.541410773825,29.90388590326576,0.007626656284691258,27.5
2019-06-25,11681.0,11814.4,11651.0,11796.45,1,0.008273751778899552,11748.68,11856.1025,11782.50727463906,11766.905009975762,38.711779448621584,0.00841248740978114,104.95000000000073
2019-06-26,11768.15,11871.85,11757.55,11847.55,0,0.004331811689109788,11779.9,11852.0425,11792.513847771512,11772.878712940521,50.21821522912595,0.008401267789599274,156.09999999999854
2019-06-27,11860.85,11911.15,11821.05,11841.55,0,-0.0005064338196504314,11781.86,11851.064999999999,11800.057871191279,11777.965474944927,48.28783243116025,0.006603757884655357,9.799999999999272
2019-06-28,11861.15,11871.7,11775.5,11788.85,1,-0.004450430897982027,11794.81,11843.2125,11798.333583315696,11778.771736060118,42.130636721735485,0.005134235884951226,64.75
2019-07-01,11839.9,11884.65,11830.8,11865.6,1,0.00651038905406387,11828.0,11840.352499999999,11808.682262805589,11785.203459314924,44.34581024539181,0.005233822301737343,165.95000000000073
2019-07-02,11890.3,11917.45,11814.7,11910.3,1,0.003767192556634269,11850.77,11831.439999999999,11824.315760835498,11794.46986973604,50.235740570377104,0.004380925892131698,113.84999999999854
2019-07-03,11932.15,11945.2,11887.05,11916.75,1,0.0005415480718371501,11864.61,11826.195,11838.536413014652,11803.527657163,50.15549412577751,0.004185085423136531,69.20000000000073
2019-07-04,11928.8,11969.25,11923.65,11946.75,0,0.0025174649128327786,11885.65,11831.345,11855.184657166245,11814.136719595372,57.64443618799933,0.004099431772265975,105.20000000000073
2019-07-05,11964.75,11981.75,11797.9,11811.15,0,-0.01135036725469274,11890.11,11828.37,11848.410094525285,11813.915481106826,58.77636065159745,0.006914651587428724,22.299999999999272
2019-07-08,11770.4,11771.9,11523.3,11558.6,0,-0.021382337875651358,11828.710000000001,11810.164999999999,11803.82392613678,11795.003223247062,43.517705589698565,0.010870010456684795,-307.0
2019-07-09,11531.6,11582.55,11461.0,11555.9,0,-0.0002335923035662324,11757.829999999998,11789.679999999998,11765.6817836542,11777.29187337691,43.405497445876854,0.01017142500445613,-354.39999999999964
2019-07-10,11536.15,11593.7,11475.65,11498.9,1,-0.00493254527990028,11674.259999999998,11769.315,11724.638432322783,11756.670253126767,32.37863306686428,0.009570645598857315,-417.85000000000036
2019-07-11,11561.45,11599.0,11519.5,11582.9,0,0.0073050465696717914,11601.49,11752.7575,11702.832519657739,11743.798382524785,42.33275412684617,0.010915441024424044,-363.85000000000036
2019-07-12,11601.15,11639.55,11538.6,11552.5,1,-0.002624558616581285,11549.76,11739.2175,11679.704439710393,11729.628131967393,42.06096574049097,0.010561713629133038,-258.64999999999964
2019-07-15,11614.75,11618.4,11532.3,11588.35,1,0.0031032244103008644,11555.71,11735.0275,11665.649910524178,11719.163085154993,37.98221298221293,0.004819134876056186,29.75
2019-07-16,11596.65,11670.05,11573.95,11662.6,1,0.006407296983608646,11577.05,11733.5825,11665.180693520459,11714.973226995364,39.597277687159064,0.005434189020813123,106.70000000000073
2019-07-17,11670.75,11706.65,11651.15,11687.5,0,0.0021350299247164806,11614.77,11733.385,11668.61443297885,11712.938173143855,41.51566888803219,0.003942902192957025,188.60000000000036
2019-07-18,11675.6,11677.15,11582.4,11596.9,0,-0.007751871657754039,11617.57,11721.6425,11657.581443289795,11704.342752910976,39.851969336505384,0.005520405275915708,14.0
2019-07-19,11627.95,11640.35,11399.3,11419.25,0,-0.01531874897601937,11590.92,11706.4,11620.915067399059,11683.224771213867,28.67720823579991,0.008998485313841481,-133.25
2019-07-22,11392.85,11398.15,11301.25,11346.2,0,-0.006397092628675161,11542.490000000002,11688.727499999999,11578.651210876127,11658.259973346174,23.76279069767449,0.008569069772883225,-242.14999999999964
2019-07-23,11372.25,11398.15,11302.8,11331.05,0,-0.0013352488057677414,11476.18,11665.4575,11540.558716895184,11634.022197542754,22.97683860847097,0.006664262036495728,-331.5500000000011
2019-07-24,11322.45,11359.75,11229.8,11271.3,0,-0.005273121202359898,11392.939999999999,11636.645,11499.134298911309,11607.15388661366,19.66859760204767,0.005122751171182532,-416.2000000000007
2019-07-25,11290.4,11361.4,11239.35,11252.15,1,-0.0016990054385918052,11323.99,11607.175,11461.136714463415,11580.857302420056,21.965897693079228,0.00565206749639742,-344.75
2019-07-26,11247.45,11307.6,11210.05,11284.3,0,0.0028572317290473936,11297.0,11581.9475,11433.931066084428,11558.890094833385,32.339685809940704,0.0036568593599060504,-134.95000000000073
2019-07-29,11307.5,11310.95,11152.4,11189.2,0,-0.008427638400255066,11265.6,11548.127499999999,11396.28013284067,11531.505643364246,28.901035673187593,0.004276260367565458,-157.0
2019-07-30,11213.7,11267.45,11072.65,11085.4,1,-0.009276802631108638,11216.47,11506.8825,11348.452420095951,11498.46078089282,27.424110067700354,0.005018059179343605,-245.64999999999964
2019-07-31,11034.05,11145.3,10999.4,11118.0,0,0.00294080502282279,11185.81,11466.945,11312.998201619652,11470.278500826684,23.108514576584923,0.005911037306571155,-153.29999999999927
2019-08-01,11060.2,11076.75,10881.0,10980.0,1,-0.012412304371289817,11131.38,11418.6075,11261.767709062782,11433.961574839523,20.550411522633738,0.007240194146480762,-272.14999999999964
2019-08-02,10930.3,11080.15,10848.95,10997.35,0,0.0015801457194899449,11073.99,11377.9175,11221.088061514662,11401.619976703261,19.008914525432616,0.0069149423295815585,-286.9499999999989
2019-08-05,10895.8,10895.8,10782.6,10862.6,1,-0.012252951847490534,11008.670000000002,11343.1175,11165.936052050867,11361.692571021538,10.552268244575941,0.007554536221048773,-326.60000000000036
2019-08-06,10815.4,11018.55,10813.8,10948.25,0,0.00788485261355465,10981.240000000002,11312.735,11132.445890196888,11331.067195390313,15.608280995580373,0.009320104442781574,-137.14999999999964
2019-08-07,10958.1,10975.65,10835.9,10855.5,1,-0.00847167355513434,10928.740000000002,11280.564999999999,11089.838830166598,11295.83999573177,15.577119509703778,0.009063182046214185,-262.5
2019-08-08,10899.2,11058.05,10842.95,11032.45,1,0.01630049283773216,10939.23,11253.0425,11081.009779371736,11276.329625677567,32.02936257201269,0.01169610880002874,52.45000000000073
2019-08-09,11087.9,11181.45,11062.8,11109.65,0,0.006997539077902015,10961.69,11230.9,11085.4159671607,11263.982986738487,39.05215902253895,0.012009075377055633,112.29999999999927
2019-08-13,11139.4,11145.9,10901.6,10925.85,1,-0.01654417555908594,10974.34,11197.775,11060.867356828283,11238.936098831933,33.77902321857488,0.013367077590389072,63.25
2019-08-14,11003.25,11078.15,10935.6,11029.4,1,0.009477523487875006,10990.57,11166.115000000002,11056.026225008547,11223.414906325865,40.64433787128712,0.013582446951657487,81.14999999999964
2019-08-16,11043.65,11068.65,10924.3,11047.8,1,0.0016682684461530872,11029.029999999999,11134.13,11054.760651930308,11210.406394746171,42.09202430246504,0.012418820939565537,192.29999999999927
2019-08-19,11094.8,11146.9,11037.85,11053.9,0,0.0005521461286410734,11033.32,11106.98,11054.62824394103,11198.813328468676,40.90047393364929,0.010181614739283109,21.44999999999891
2019-08-20,11063.9,11076.3,10985.3,11017.0,0,-0.003338188331719949,11014.789999999999,11086.867499999998,11048.839283334717,11185.345674508033,42.871336313959226,0.009544209205843873,-92.64999999999964
2019-08-21,11018.15,11034.2,10906.65,10918.7,0,-0.00892257420350362,11013.36,11065.4925,11028.817855129375,11165.594143062994,43.06745404641107,0.006775026086604839,-7.149999999999636
2019-08-22,10905.3,10908.25,10718.3,10741.35,1,-0.016242776154670513,10955.75,11036.0075,10984.592031263317,11134.168650984253,36.019449909060526,0.007407953011319107,-288.0499999999993
2019-08-23,10699.6,10862.55,10637.15,10829.35,1,0.008192638727906543,10912.06,11013.91,10960.708641838191,11111.589491652085,44.19259087930304,0.009272622782010005,-218.4499999999989
2019-08-26,11000.3,11070.3,10756.55,11057.85,1,0.02110006602427661,10912.85,11004.195000000002,10975.653466170777,11107.608788566746,52.00570216151705,0.014720658680115552,3.9500000000007276
2019-08-27,11106.55,11141.75,11049.5,11105.35,0,0.004295590915051273,10930.52,10995.2475,10995.60677906758,11107.441470895135,58.54182061297021,0.014663177716274315,88.35000000000036
2019-08-28,11101.3,11129.65,10987.65,11046.1,0,-0.005335266335595001,10956.0,10988.0925,11003.374966903337,11102.897658236237,53.50830016851315,0.014091023957397359,127.39999999999964
2019-08-29,10996.05,11021.1,10922.4,10948.3,1,-0.008853803604892296,10997.39,10981.2375,10994.901895072055,11091.445979848368,53.315232923692456,0.011857203825634616,206.9499999999989
2019-08-30,10987.8,11042.6,10874.8,11023.25,0,0.006845811678525493,11036.170000000002,10976.5,10999.263141984045,11086.394425785526,49.645499383477166,0.011749543721146817,193.89999999999964
2019-09-03,10960.95,10967.5,10772.7,10797.9,1,-0.020443154242170025,10984.179999999998,10967.395,10968.284197063424,11065.02446831993,39.21839875497147,0.010951380730028937,-259.9500000000007
2019-09-04,10790.4,10858.75,10746.35,10844.65,1,0.004329545559784709,10932.039999999999,10959.76,10949.263551361359,11048.700433629565,46.89768472529989,0.010958360295204052,-260.7000000000007
2019-09-05,10860.95,10920.1,10816.0,10847.9,1,0.0002996869424094495,10892.4,10959.025,10933.669158844226,11033.826327434781,42.49006951340617,0.011163424506536767,-198.20000000000073
2019-09-06,10883.8,10957.05,10867.45,10946.2,1,0.009061661704108825,10891.98,10958.9225,10935.596980560498,11027.33548836554,46.0568190638827,0.011892586266057064,-2.099999999998545
2019-09-09,10936.7,11028.85,10889.8,11003.05,1,0.005193583161279491,10887.939999999999,10966.3,10945.974368166575,11025.536563301424,48.1012658227848,0.011676455546952381,-20.200000000000728
2019-09-11,11028.5,11054.8,11011.65,11035.7,0,0.0029673590504453173,10935.5,10966.4625,10959.778311525562,11026.289410464282,50.70047947258018,0.0032103919027414198,237.8000000000011
2019-09-12,11058.3,11081.75,10964.95,10982.8,1,-0.00479353371331237,10963.130000000001,10960.119999999999,10963.320109752398,11023.067972652112,52.4856522413525,0.005209504886749938,138.14999999999964
2019-09-13,10986.8,11084.45,10945.75,11075.9,0,0.008476891138871734,11008.73,10967.6225,10980.640092867414,11026.981456159363,63.88001493590001,0.00559723243099834,228.0
2019-09-16,10994.85,11052.7,10968.2,11003.5,0,-0.006536714849357583,11020.189999999999,10966.3275,10984.157001657042,11025.242089036448,57.31999495607578,0.0064751201609301425,57.29999999999927
2019-09-17,11000.1,11000.1,10796.5,10817.6,1,-0.016894624437678862,10983.1,10954.817500000001,10958.532847555958,11009.861193552266,39.52657046950612,0.009688652952062124,-185.4499999999989
2019-09-18,10872.8,10885.15,10804.85,10840.65,0,0.002130786865848222,10944.09,10944.155,10940.397024855041,10997.327031066912,38.209354120267264,0.009558501000651748,-195.0500000000011
2019-09-19,10845.2,10845.2,10670.25,10704.8,1,-0.012531536393112996,10888.49,10928.545000000002,10904.151328723496,10975.658362098993,35.768493036444,0.010404531542792741,-278.0
2019-09-20,10746.8,11381.9,10691.0,11274.2,1,0.053191091846648275,10928.15,10946.32,10961.081893535265,10997.772557499067,59.75339677979292,0.028478389548519514,198.3000000000011
2019-09-23,11542.7,11694.85,11471.35,11600.2,0,0.02891557715846793,11047.490000000002,10989.2625,11059.407756068302,11042.396812499135,65.01105762976452,0.029629188452350148,596.7000000000007
2019-09-24,11590.7,11655.05,11539.2,11588.2,0,-0.0010344649230186187,11201.61,11027.204999999998,11140.76040898087,11082.82667823994,73.12982907984077,0.026594932464584612,770.6000000000004
2019-09-25,11564.85,11564.95,11416.1,11440.2,1,-0.01277161250237313,11321.52,11046.3225,11186.828038368429,11109.298776148093,66.45483933357279,0.02900253850494843,599.5500000000011
2019-09-26,11469.85,11610.85,11466.35,11571.2,0,0.011450848761385357,11494.8,11069.615000000002,11245.962186311748,11143.513681618604,68.66676989780117,0.02592609953258209,866.4000000000015
2019-09-27,11556.35,11593.6,11499.75,11512.4,0,-0.005081581858407125,11542.44,11092.93,11286.952619186863,11170.8385940913,64.91648664313183,0.01631695233716791,238.1999999999989
2019-09-30,11491.15,11508.25,11390.8,11474.45,0,-0.0032964455717312546,11517.29,11119.2375,11315.798370081193,11193.328327862315,62.543906333155945,0.008788552373093506,-125.75
2019-10-01,11515.4,11554.2,11247.9,11359.9,0,-0.009983049296480528,11471.63,11136.07,11322.583236222548,11205.666970242884,58.26661226987604,0.009395628708014565,-228.3000000000011
2019-10-03,11322.25,11370.4,11257.35,11314.0,0,-0.004040528525779297,11446.39,11161.875,11321.262738342157,11213.691639113782,58.475356978351,0.008059378006795934,-126.20000000000073
2019-10-04,11388.45,11400.3,11158.35,11174.75,0,-0.012307760296977222,11367.1,11178.380000000001,11298.72231705875,11210.807073253502,52.4711882202945,0.003975208289338149,-396.4500000000007
2019-10-07,11196.2,11233.85,11112.65,11126.4,1,-0.004326718718539624,11289.9,11192.305,11272.211191357403,11204.554697456946,53.10981781376516,0.004076564394583314,-386.0
2019-10-09,11152.95,11321.6,11090.15,11313.3,0,0.016797886108714355,11257.67,11210.66,11278.532546533186,11212.609905052728,62.536671724835564,0.011510177166473092,-161.15000000000146
2019-10-10,11280.5,11293.35,11208.55,11234.55,1,-0.00696083370899736,11232.599999999999,11222.235,11271.766000912696,11214.235097271045,59.68908348501991,0.01110919954902605,-125.35000000000036
2019-10-11,11257.7,11362.9,11189.4,11305.05,1,0.0062752847243547905,11230.810000000001,11235.7025,11276.886616156897,11220.962127102819,65.25529265255291,0.011620545533489623,-8.950000000000728
2019-10-14,11335.9,11420.45,11290.05,11341.15,1,0.0031932631876905315,11264.09,11253.619999999999,11286.773290594296,11229.86493250261,52.334297967295385,0.009408047458370894,166.39999999999964
2019-10-15,11360.85,11462.35,11342.1,11428.3,1,0.007684405902399716,11324.47,11271.240000000002,11308.546630502866,11244.563826391306,42.80873493975898,0.008566742653832412,301.89999999999964
2019-10-16,11464.95,11481.05,11411.1,11464.0,1,0.0031238241908246867,11354.609999999999,11294.265000000001,11332.462533502425,11260.818357769727,44.905242431700685,0.005730943012053619,150.70000000000073
2019-10-17,11466.3,11599.1,11439.65,11586.35,1,0.010672540125610697,11424.97,11332.7025,11371.52214373282,11284.931812749748,56.12403100775191,0.0031904370384430816,351.8000000000011
2019-10-18,11580.3,11684.7,11553.15,11661.85,0,0.006516288563697792,11496.329999999998,11373.7625,11416.187967773925,11312.85167847199,53.98373983739835,0.003193868887837454,356.8000000000011
2019-10-22,11657.15,11714.35,11573.65,11588.35,1,-0.006302602074284902,11545.77,11417.939999999999,11442.674434270246,11333.25896154814,53.29515380276805,0.006533880997533863,247.20000000000073
2019-10-23,11596.2,11651.6,11554.4,11604.1,0,0.0013591236025836118,11580.93,11434.435000000001,11467.509136690209,11353.321260692723,55.735456757354534,0.006333464936901651,175.8000000000011
2019-10-24,11661.65,11679.6,11534.65,11582.6,1,-0.0018527934092260612,11604.65,11433.555,11485.215423353255,11370.30487101178,60.73563440030855,0.006703859620886583,118.60000000000036
2019-10-25,11646.15,11646.9,11490.75,11583.9,1,0.0001122373214994532,11604.16,11433.34,11500.397665914292,11386.126732418314,63.595607495466425,0.004676319049451469,-2.4500000000007276
2019-10-27,11662.25,11672.4,11604.6,11627.15,1,0.0037336302972228452,11597.22,11442.6875,11519.8980250044,11403.980307794734,75.22864153468656,0.003782012316272307,-34.70000000000073
2019-10-29,11643.95,11809.4,11627.35,11786.85,1,0.01373509415462948,11636.92,11453.47,11560.967559619108,11432.341025735866,82.76204176794485,0.0061133124180445635,198.5
2019-10-30,11883.9,11883.95,11784.45,11844.1,1,0.0048571077090147075,11684.92,11470.055,11604.526396600784,11462.841690496172,80.21746555846524,0.006018285145329481,240.0
2019-10-31,11890.45,11945.0,11855.1,11877.45,1,0.0028157479251273987,11743.890000000001,11490.204999999998,11646.514643277587,11493.553417126084,88.59406891583626,0.005161740907722773,294.85000000000036
2019-11-01,11886.6,11918.3,11843.35,11890.6,1,0.0011071400005893128,11805.23,11516.74,11684.066236619497,11522.964275116745,87.75062858616468,0.004938102774645482,306.7000000000007
2019-11-04,11928.9,11989.15,11905.35,11941.3,0,0.004263872302491034,11868.060000000001,11548.105,11723.64066175496,11553.952106589579,87.97696639878504,0.004902972235309207,314.14999999999964
2019-11-05,11974.6,11978.95,11861.9,11917.2,1,-0.002018205722994826,11894.130000000001,11585.227499999999,11753.419021484966,11580.859357953314,83.61985971668288,0.0027697656288738397,130.35000000000036
2019-11-06,11911.5,12002.9,11850.25,11966.05,1,0.00409911724230505,11918.52,11627.210000000001,11786.13147971805,11609.39199810492,83.91084093211765,0.00260411704106448,121.94999999999891
2019-11-07,12021.1,12021.4,11946.85,12012.05,0,0.0038442092419803675,11945.439999999999,11662.147500000001,11820.888175146041,11639.218516763814,82.06055128784467,0.0027175219757105255,134.59999999999854
2019-11-08,11987.15,12034.15,11888.75,11908.15,1,-0.008649647645489256,11948.95,11695.8275,11834.313071277418,11659.139367373902,67.78853098367765,0.005660763105410856,17.549999999999272
2019-11-11,11879.2,11932.65,11853.95,11913.45,0,0.00044507333212973066,11943.38,11726.247500000001,11846.487983388584,11677.977192012873,76.04550552796043,0.005235197564693753,-27.849999999998545
2019-11-13,11908.3,11946.8,11823.2,11840.45,1,-0.00612752812997075,11928.03,11751.2125,11845.559062867263,11690.012214826735,67.3442430468923,0.005830491206943663,-76.75
2019-11-14,11858.75,11895.65,11802.65,11872.1,1,0.0026730402982995116,11909.240000000002,11773.4025,11849.642283964607,11703.500198913644,70.93275488069426,0.005528783763154221,-93.94999999999891
2019-11-15,11904.2,11973.65,11879.25,11895.45,0,0.001966796101784851,11885.920000000002,11794.975,11856.68962489313,11717.718702697817,71.8309859154931,0.005118264422081751,-116.59999999999854
2019-11-18,11915.15,11946.2,11867.6,11884.5,1,-0.000920520030768146,11881.189999999999,11809.882500000002,11860.96814414034,11730.07287286835,68.88807339449549,0.0034940913420380172,-23.649999999999636
2019-11-19,11919.45,11958.85,11881.75,11940.1,1,0.004678362573099504,11886.52,11823.795000000002,11873.142275811058,11745.630437841066,63.27644459845799,0.0041911737280887805,26.649999999999636
2019-11-20,12004.75,12038.6,11966.05,11999.1,0,0.004941332149646982,11918.25,11844.3325,11892.520387224742,11764.405960963952,63.3874589739161,0.002375856943560195,158.64999999999964
2019-11-21,12025.65,12028.2,11956.9,11968.4,0,-0.00255852522272515,11937.51,11862.5475,11904.19417380555,11779.516630522177,57.89154013015178,0.0033323940489311137,96.29999999999927
2019-11-22,11967.3,11968.1,11883.5,11914.4,1,-0.004511881287390107,11941.3,11879.1375,11905.76430091239,11789.507991224238,51.928374655647325,0.004287299377648184,18.94999999999891
2019-11-25,11922.45,12084.5,11919.75,12073.75,0,0.013374571946552116,11979.15,11903.630000000001,11931.608254618175,11810.562954837258,59.12504305890463,0.007095284950673013,189.25
2019-11-26,12110.2,12132.45,12006.35,12037.7,1,-0.0029858163370948265,11998.67,11924.1575,11947.930061599995,11827.387921145608,58.16727667073335,0.00750782416158865,97.60000000000036
2019-11-27,12068.5,12114.9,12055.15,12100.7,1,0.00523355790558,12018.99,11939.85,11971.433129046149,11847.633260320008,58.95457870585895,0.007540896891054713,101.60000000000036
2019-11-28,12132.1,12158.8,12099.95,12151.15,0,0.004169180295354735,12055.539999999999,11955.2025,11999.081878423664,11870.115981777786,59.19608620917626,0.007180359106957661,182.75
2019-11-29,12146.2,12147.4,12017.4,12056.05,0,-0.00782641972159015,12083.87,11964.132500000002,12007.846204820022,11883.888872016469,59.89297658862871,0.00814227721075292,141.64999999999964
2019-12-02,12137.05,12137.15,12023.7,12048.2,0,-0.0006511253685907992,12078.76,11972.0125,12014.054481001558,11896.060066681915,58.98273448436772,0.0053505810005322245,-25.549999999999272
2019-12-03,12067.65,12068.6,11956.4,11994.2,1,-0.0044819973108015665,12070.060000000001,11974.657500000001,12010.999945462856,11903.329691372144,60.51569660077971,0.0055679244620614144,-43.5
2019-12-04,11969.95,12054.7,11935.3,12043.2,0,0.004085307898817669,12058.560000000001,11980.9575,12015.953800007032,11913.690454974208,61.431052912880844,0.005277532750814103,-57.5
2019-12-05,12071.25,12081.2,11998.75,12018.4,0,-0.002059253354590229,12032.01,11983.575,12016.330138467489,11921.446717568711,58.19830632793217,0.00443810611246287,-132.75
2019-12-06,12047.35,12057.05,11888.85,11921.5,1,-0.008062637289489416,12005.1,11979.0475,12001.740886395568,11921.450664415474,52.21344819334769,0.004513761883211794,-134.54999999999927
2019-12-09,11939.1,11981.95,11888.05,11937.5,0,0.001342112989137334,11982.960000000001,11980.515000000001,11991.857673103941,11922.639504088402,49.83672444109518,0.004769288276880671,-110.70000000000073
2019-12-10,11950.5,11953.2,11844.7,11856.8,1,-0.006760209424083841,11955.48,11977.682499999999,11971.079569549489,11917.762503785556,41.30089252964904,0.005176778650309019,-137.40000000000146
2019-12-11,11867.35,11923.2,11832.3,11910.15,1,0.004499527697186423,11928.869999999999,11981.1675,11961.705789618798,11917.198614616256,46.53500684075903,0.005306028269776664,-133.0500000000011
2019-12-12,11944.3,12005.5,11934.0,11971.8,1,0.005176257225979475,11919.55,11986.1525,11963.25874506206,11921.243161681718,53.38363593492099,0.006258028445248218,-46.600000000000364
2019-12-13,12026.4,12098.85,12023.6,12086.7,0,0.009597554252493534,11952.59,11995.715,11982.249707360204,11933.499223779367,50.80559875583208,0.006088115152678126,165.20000000000073
2019-12-16,12131.35,12134.65,12046.3,12053.95,1,-0.0027095898797852014,11975.880000000001,12004.1875,11993.280521612482,11942.421503499414,51.01505403210693,0.006575957458183527,116.45000000000073
2019-12-17,12082.45,12182.75,12070.35,12165.0,1,0.009212747688516876,12037.52,12015.432499999999,12019.698902902868,11958.908799536495,53.78903948143779,0.004961942007129138,308.2000000000007
2019-12-18,12197.0,12237.7,12163.45,12221.65,1,0.004656802301685081,12099.820000000002,12026.560000000001,12050.768302456272,11978.37111068194,54.124254124254115,0.004957241917135128,311.5
2019-12-19,12223.4,12268.35,12191.15,12259.7,1,0.0031133275785184544,12157.4,12041.125,12082.911640539922,11999.210287668462,62.765624020560466,0.005043432417710968,287.90000000000146
2019-12-20,12266.45,12293.9,12252.75,12271.8,0,0.0009869735801038004,12194.420000000002,12058.994999999999,12111.971388149164,12019.40211821154,63.94188801596198,0.004415716692254108,185.09999999999854
2019-12-23,12235.45,12287.15,12213.25,12262.75,0,-0.0007374631268436405,12236.179999999998,12068.445,12135.168097664678,12037.427887232907,67.73895237466141,0.0038203489887598087,208.79999999999927
2019-12-24,12269.25,12283.7,12202.1,12214.55,0,-0.003930602841940134,12246.09,12077.2875,12147.380698023959,12050.548043734172,61.330423857700076,0.003354183141208538,49.54999999999927
2019-12-26,12211.85,12221.55,12118.85,12126.55,1,-0.0072045224752447234,12227.070000000002,12078.58,12144.175975251042,12056.177818272381,56.59974369927378,0.004076882086547175,-95.10000000000036
2019-12-27,12172.9,12258.45,12157.9,12245.8,1,0.009833794442772215,12224.289999999999,12083.3125,12159.810440597037,12070.223905807761,69.26458358084822,0.006429521743716204,-13.900000000001455
2019-12-30,12274.9,12286.45,12213.8,12255.85,0,0.0008206895425371119,12221.099999999999,12093.3025,12174.585757428262,12083.973986859039,69.04576727490276,0.006422206074128365,-15.949999999998909
2019-12-31,12247.1,12247.1,12151.8,12168.45,1,-0.0071312883235352675,12202.240000000002,12099.315,12173.64179474699,12090.231469313925,68.49664668526329,0.007141407525882196,-94.29999999999927
2020-01-01,12202.15,12222.2,12165.3,12182.5,1,0.0011546252809520041,12195.83,12108.73,12175.004595555147,12097.06617529067,66.95511423768913,0.00707449251060016,-32.04999999999927
2020-01-02,12198.55,12289.9,12195.25,12282.2,0,0.008183870305766616,12226.960000000001,12120.68,12191.496196238972,12110.779791935805,68.44983357108899,0.006772307398295441,155.65000000000146
2020-01-03,12261.1,12265.6,12191.35,12226.65,0,-0.004522805360603233,12223.130000000001,12131.092499999999,12196.904473740668,12119.36277031093,58.94992645648135,0.005912835935742909,-19.149999999999636
2020-01-06,12170.6,12179.1,11974.2,11993.05,1,-0.0191058057603678,12170.570000000002,12134.67,12165.542247011335,12110.006268806417,46.90139411824558,0.010159680596720662,-262.8000000000011
2020-01-07,12079.1,12152.15,12005.35,12052.95,0,0.004994559348956429,12147.47,12140.4425,12148.220362855744,12105.77987852446,43.98583006816602,0.010740817298223583,-115.5
2020-01-08,11939.1,12044.95,11929.6,12025.35,1,-0.002289895834629685,12116.039999999999,12148.869999999999,12129.317230108707,12099.82210974487,39.12465373961227,0.010608848280582204,-157.14999999999964
2020-01-09,12153.15,12224.05,12132.55,12215.9,1,0.015845692640962472,12102.78,12164.1575,12142.637656245828,12108.42047198599,47.9241706161137,0.01286084239736131,-66.30000000000109
2020-01-10,12271.0,12311.2,12213.2,12256.8,1,0.003348095514861704,12108.810000000001,12178.4075,12160.20109374647,12119.411548135175,49.307990404133605,0.012805828793850177,30.149999999999636
2020-01-13,12296.7,12337.75,12285.8,12329.55,1,0.005935480712747188,12176.109999999999,12190.55,12186.254771631628,12134.97735938442,52.91067538126357,0.006572087525749254,336.5
2020-01-14,12333.1,12374.25,12308.7,12362.3,0,0.002656220218904881,12237.98,12205.967499999999,12213.338652919068,12151.816073504093,56.52577182986616,0.006704843843478695,309.34999999999854
2020-01-15,12349.4,12355.15,12278.75,12343.3,1,-0.0015369308300234863,12301.57,12214.8825,12233.332706316136,12166.000068059344,60.194722731762354,0.006502806129827716,317.9499999999989
2020-01-16,12347.1,12389.05,12315.8,12355.5,0,0.0009883904628422702,12329.49,12221.575,12252.127674575193,12180.03710005495,55.73744769874478,0.0027785837125088304,139.60000000000036
2020-01-17,12328.4,12385.45,12321.4,12352.35,0,-0.0002549471895106903,12348.599999999999,12226.2075,12267.546493871318,12192.801018569398,55.08376356548308,0.0028964743128795547,95.55000000000109
2020-01-20,12430.5,12430.5,12216.9,12224.55,0,-0.01034620942573694,12327.6,12223.845,12260.931648660346,12195.152794971666,52.83476503284479,0.005076312539106909,-105.0
2020-01-21,12195.3,12230.05,12162.3,12169.85,0,-0.004474602337100286,12289.109999999999,12219.2,12246.919087327984,12193.278513862653,49.38601174586227,0.00451792097827909,-192.4499999999989
2020-01-22,12218.35,12225.05,12087.9,12106.9,1,-0.005172619218807184,12241.83,12213.817500000001,12225.377689277526,12186.880105428381,41.176766659955675,0.004490951837048841,-236.39999999999964
2020-01-23,12123.75,12189.0,12094.1,12180.35,1,0.0060667883603564565,12206.8,12216.5075,12218.450352465597,12186.396393915167,47.71086720063289,0.006133301034223149,-175.14999999999964
2020-01-24,12174.55,12272.15,12149.65,12248.25,0,0.005574552455389181,12185.98,12216.630000000001,12223.034913624737,12190.978142514043,65.08987701040681,0.007206805450380669,-104.10000000000036
2020-01-27,12197.1,12216.6,12107.0,12119.0,0,-0.010552527912150667,12164.869999999999,12209.7875,12207.029542297854,12185.646428253744,53.60948685720527,0.00726921910094066,-105.54999999999927
2020-01-28,12148.1,12163.55,12024.5,12055.8,1,-0.0052149517286905755,12142.060000000001,12204.154999999999,12183.763458867415,12176.028174309022,51.60170427647146,0.007346695384788622,-114.05000000000109
2020-01-29,12114.9,12169.6,12103.8,12129.5,0,0.006113240100200867,12146.579999999998,12201.505,12175.415234426275,12172.581642878724,44.81827995681904,0.007794471008088559,22.600000000000364
2020-01-30,12147.75,12150.3,12010.6,12035.8,0,-0.00772496805309375,12117.67,12189.185000000001,12153.935967591462,12162.44966933215,37.53525098702769,0.007726643212031817,-144.5500000000011
2020-01-31,12100.4,12103.55,11945.85,11962.1,0,-0.0061233985277254765,12060.439999999999,12175.9575,12124.422741808161,12147.608953085326,29.297425207054033,0.006376125654395687,-286.14999999999964
2020-02-01,11939.0,12017.35,11633.3,11661.85,1,-0.025100107840596575,11969.01,12159.3975,12053.257704606905,12111.62680841234,19.67617645785542,0.011204805318802283,-457.14999999999964
2020-02-03,11627.45,11749.85,11614.5,11707.9,1,0.00394877313633768,11899.429999999998,12142.145,12000.125750051997,12081.721118900316,23.121827411167573,0.012382099381850899,-347.89999999999964
2020-02-04,11786.25,11986.15,11783.4,11979.65,1,0.023210823461081942,11869.46,12139.86,11996.975634659382,12074.16029527807,36.963684922479274,0.017703997864283363,-149.85000000000036
2020-02-05,12005.85,12098.15,11953.35,12089.15,1,0.009140500765882242,11880.130000000001,12133.522500000001,12011.156306250246,12075.270643775992,41.49815879578782,0.01802942703740009,53.350000000000364
2020-02-06,12120.0,12160.6,12084.65,12137.95,0,0.004036677516616294,11915.3,12127.579999999998,12030.663028365592,12079.913559051844,47.052215943903654,0.01759092709157316,175.85000000000036
2020-02-07,12151.15,12154.7,12073.95,12098.35,0,-0.0032624949023517535,12002.6,12116.02,12041.076408617038,12081.279221344299,47.54092722520292,0.009873222377533299,436.5
2020-02-10,12102.35,12103.55,11990.75,12031.5,1,-0.005525546872094167,12067.320000000002,12099.48,12039.603114983647,12077.591871615092,47.41373396446458,0.011482702518677551,323.60000000000036
2020-02-11,12108.4,12172.3,12099.0,12107.9,1,0.006349997922121098,12092.97,12087.71,12050.110328063085,12079.836918162122,47.51993975284974,0.006290384185343997,128.25
2020-02-12,12151.0,12231.75,12144.3,12201.2,0,0.00770571279908161,12115.380000000001,12079.994999999999,12073.354892976457,12088.82677607604,48.41694424817472,0.005913049495131755,112.05000000000109
2020-02-13,12219.55,12225.65,12139.8,12174.65,0,-0.0021760154738879045,12122.720000000001,12071.109999999999,12088.938755595464,12095.184051922259,52.01142154913794,0.005993734305084604,36.69999999999891
2020-02-14,12190.15,12246.7,12091.2,12113.45,0,-0.005026838553880308,12125.74,12065.555,12092.709716273084,12096.537085113201,52.08672675281432,0.006322261274765414,15.100000000000364
2020-02-17,12131.8,12159.6,12037.0,12045.8,0,-0.005584701303097073,12128.6,12059.352499999999,12085.492836846457,12092.778782512223,46.95702755762377,0.006335847961564715,14.299999999999272
2020-02-18,12028.25,12030.75,11908.05,11992.5,1,-0.004424778761061843,12105.52,12053.6325,12071.186246562387,12085.350724548356,48.37815566709119,0.005524367497264928,-115.39999999999964
2020-02-19,12090.6,12134.7,12042.1,12125.9,0,0.011123618928496892,12090.46,12050.91,12079.60374709125,12088.354374581811,55.87265165638889,0.0070194749183374195,-75.30000000000109
2020-02-20,12119.0,12152.0,12071.45,12080.85,0,-0.0037151881509825957,12071.7,12042.539999999999,12079.795478307982,12087.798494983159,68.38687028260486,0.007105231313230165,-93.79999999999927
2020-02-24,12012.55,12012.55,11813.4,11829.4,0,-0.020813932794463974,12014.89,12028.06,12041.27309702983,12068.657865725147,54.517400356930395,0.011312300804804366,-284.0500000000011
2020-02-25,11877.5,11883.05,11779.9,11797.9,0,-0.002662856949633974,11965.31,12015.165,12003.831082102166,12048.601727523283,41.77266760219096,0.011329530604462257,-247.89999999999964
2020-02-26,11738.55,11783.25,11639.6,11678.5,0,-0.010120445163969816,11902.51,11992.615000000002,11953.780146394141,12021.18678474378,31.576113778096882,0.011652262060749347,-314.0
2020-02-27,11661.25,11663.85,11536.7,11633.3,0,-0.0038703600633643864,11803.99,11972.49,11904.47550848735,11992.454430318316,27.28541207183686,0.007620892347673523,-492.60000000000036
2020-02-28,11382.0,11384.8,11175.05,11201.75,0,-0.03709609483121723,11628.169999999998,11934.4725,11796.36389179699,11933.883731776217,20.16901783337771,0.014334270012571293,-879.1000000000004
2020-03-02,11387.35,11433.0,11036.25,11132.75,1,-0.006159751824491688,11488.84,11908.0175,11694.269446905146,11874.540492385386,20.14020399348817,0.014324165324921105,-696.6499999999996
2020-03-03,11217.55,11342.25,11152.55,11303.3,0,0.015319664952504919,11389.92,11887.7875,11634.12030122743,11832.22638183832,24.842098680507775,0.018805475128571603,-494.60000000000036
2020-03-04,11351.35,11356.6,11082.15,11251.0,1,-0.004626967345819244,11304.42,11851.355,11575.17871642321,11789.172575776221,19.50773377831969,0.018839209943054113,-427.5
2020-03-05,11306.05,11389.5,11244.6,11269.0,0,0.0015998577904186018,11231.560000000001,11810.3475,11528.074298511947,11750.641273866871,20.77699977412793,0.019241739910795506,-364.2999999999993
2020-03-06,10942.65,11035.1,10827.4,10989.45,0,-0.02480699263466135,11189.1,11752.9225,11445.209021817802,11694.256735061917,18.21087165563658,0.014510727624039838,-212.29999999999927
2020-03-09,10742.05,10751.55,10294.45,10451.45,1,-0.048956044206033944,11052.84,11670.577500000001,11292.323018461217,11602.196976909183,14.384005361331376,0.025074975753347044,-681.2999999999993
2020-03-11,10334.3,10545.1,10334.0,10458.4,0,0.0006649795004520787,10883.86,11591.9225,11164.027169467183,11517.471274915912,15.00524658971662,0.021664968903775454,-844.8999999999996
2020-03-12,10039.95,10040.75,9508.0,9590.15,1,-0.08301939111145107,10551.689999999999,11466.035,10921.892220318385,11374.706736033251,6.679764243614883,0.03581956527628389,-1660.8500000000004
2020-03-13,9107.6,10159.4,8555.15,9955.2,0,0.038065098043305046,10288.93,11353.735,10773.170340269404,11269.558088919677,17.26495726495726,0.04627748601585008,-1313.7999999999993
2020-03-16,9587.8,9602.2,9165.1,9197.4,0,-0.07612102217936367,9930.52,11204.872500000001,10530.744134074112,11116.06489714785,14.935653193360153,0.05195123515747692,-1792.050000000001
2020-03-17,9285.4,9403.8,8915.6,8967.05,0,-0.025045121447365593,9633.64,11047.5525,10290.175805755016,10956.878608470231,14.184136945052416,0.05131233601122459,-1484.4000000000015
2020-03-18,9088.45,9127.55,8407.05,8468.8,0,-0.0555645390624564,9235.72,10868.702500000001,10009.964143331166,10772.576489324289,12.94333610418397,0.049282073889709455,-1989.6000000000004
2020-03-19,8063.3,8575.45,7832.55,8263.45,1,-0.02424782731910058,8970.38,10682.25,9741.269659741756,10586.71526789286,12.481768890769203,0.04318896352662499,-1326.699999999999
2020-03-20,8284.45,8883.0,8178.2,8745.45,0,0.058329148237116435,8728.43,10513.2275,9588.066635166102,10450.325248048943,22.956577266922082,0.05121220460582877,-1209.75
2020-03-23,7945.7,8159.25,7583.6,7610.25,1,-0.12980464127060365,8411.0,10289.6975,9283.787152832856,10239.949303749021,18.5917326485484,0.06770432711564023,-1587.1499999999996
2020-03-24,7848.3,8036.95,7511.1,7801.05,1,0.02507144968956343,8177.8,10088.28,9055.673744704724,10059.290096063909,18.88465399753015,0.07309133110895571,-1165.999999999999
2020-03-25,7735.15,8376.75,7714.75,8317.85,1,0.06624749232475113,8147.610000000001,9914.2775,8942.162399365536,9930.294533392509,25.927597725015815,0.08039421570968192,-150.9499999999989
2020-03-26,8451.0,8749.05,8304.9,8641.45,1,0.03890428415996916,8223.210000000001,9762.425,8895.898953309299,9834.824567956028,29.465688228260632,0.08076528702740282,378.0
2020-03-27,8949.1,9038.9,8522.9,8660.25,0,0.0021755608144464755,8206.17,9613.772500000001,8859.645268184791,9747.81904440373,31.023919702796064,0.07645829450867311,-85.20000000000073
2020-03-30,8385.95,8576.0,8244.0,8281.1,1,-0.043780491325308146,8340.34,9467.74,8770.63830384867,9639.173189262712,31.84825244423628,0.04147793140676947,670.8500000000004
2020-03-31,8529.35,8678.3,8358.0,8597.75,0,0.038237673738996,8499.68,9340.99,8744.040103256566,9562.030730798808,35.2048727347906,0.042467163942259335,796.6999999999998
2020-04-01,8584.1,8588.1,8198.35,8253.8,0,-0.040004652379983185,8486.87,9188.515000000001,8668.618548909402,9465.124750739637,38.407286922576446,0.04029115219853469,-64.05000000000109
2020-04-03,8356.55,8356.55,8055.8,8083.8,1,-0.020596573699386833,8375.34,9030.155,8578.646464461803,9362.804398832996,33.197155530015976,0.033873964482521245,-557.6500000000005
2020-04-07,8446.3,8819.4,8360.95,8792.2,0,0.08763205423192066,8401.73,8906.315,8611.500854544602,9320.537406326848,46.32924465058976,0.05698787630527255,131.95000000000073
2020-04-08,8688.9,9131.7,8653.9,8748.75,1,-0.004941880302995916,8495.26,8794.28,8632.616107691587,9278.18278363597,47.953079288875564,0.05114354702341551,467.64999999999964
2020-04-09,8973.05,9128.35,8904.55,9111.9,0,0.041508786969566946,8598.09,8727.3025,8706.35209112365,9265.865540403676,56.18686625747984,0.05158108953602379,514.1499999999996
2020-04-13,9103.95,9112.05,8912.4,8993.85,0,-0.012955585552958171,8746.1,8654.075,8750.582538643088,9245.716241114516,57.14677103718199,0.04575881341599514,740.0500000000011
2020-04-15,9196.4,9261.2,8874.1,8925.3,1,-0.007621874947881135,8914.4,8620.8325,8777.462148082614,9221.981704735663,51.91470334607317,0.043316381460509056,841.4999999999991
2020-04-16,8851.25,9053.75,8821.9,8992.8,1,0.007562770999294033,8954.52,8572.7125,8810.591048377595,9205.00528216265,69.0494233710404,0.02190659643729052,200.59999999999854
2020-04-17,9323.45,9324.0,9091.35,9266.75,0,0.030463259496486206,9058.119999999999,8576.18,8880.769348627196,9209.578964965416,69.74272629310344,0.02365867318086531,518.0
2020-04-20,9390.2,9390.85,9230.8,9261.85,0,-0.000528772223271301,9088.109999999999,8590.92,8939.39714114609,9213.450893486497,64.74953907690383,0.016986535460596704,149.95000000000073
2020-04-21,9016.95,9044.4,8909.4,8981.45,1,-0.030274729130789213,9085.630000000001,8616.5525,8945.866811738999,9196.265642117127,55.385029617662894,0.022136539875573007,-12.399999999999636
2020-04-22,9026.75,9209.75,8946.25,9187.3,1,0.022919461779556505,9138.03,8662.744999999999,8983.010379163768,9195.60152047882,57.88065012933805,0.02369408319216882,262.0
2020-04-23,9232.35,9343.6,9170.15,9313.9,0,0.013779891807168543,9202.25,8691.1675,9033.916474677035,9204.364370813722,66.70440577084815,0.023956414321076213,321.10000000000036
2020-04-24,9163.9,9296.9,9141.3,9154.4,1,-0.017124942290554945,9179.78,8768.375,9052.4524016498,9200.663306309003,59.48538808894947,0.02179490265083658,-112.35000000000036
2020-04-27,9259.7,9377.1,9250.35,9282.3,1,0.013971423577733066,9183.869999999999,8842.4375,9087.813570626753,9206.710468804633,68.91876977411523,0.023011250884682595,20.44999999999891
2020-04-28,9389.8,9404.4,9260.0,9380.9,1,0.010622367301207802,9263.759999999998,8895.59,9132.90379053033,9219.613397041327,74.50317364364514,0.015217753958210815,399.4499999999989
2020-04-29,9408.6,9599.85,9392.35,9553.35,1,0.01838309757059564,9336.97,8941.185,9197.587822756434,9244.334626890117,68.02946680247292,0.014273981493589235,366.0500000000011
2020-04-30,9753.5,9889.05,9731.5,9859.9,0,0.032088220362490594,9446.17,9001.1675,9299.482003870828,9289.932061935293,73.40297815876494,0.01801026509618645,546.0
2020-05-04,9533.5,9533.5,9266.95,9293.5,0,-0.05744480167141652,9473.99,9051.7875,9298.561695583008,9290.196353643789,53.52320347664132,0.03504795900089791,139.10000000000036
2020-05-05,9429.4,9450.9,9190.75,9205.6,1,-0.009458223489535622,9458.65,9082.18,9284.259896262545,9283.929957077582,54.15676959619952,0.03486775155488682,-76.69999999999891
2020-05-06,9226.8,9346.9,9116.5,9270.9,0,0.007093508299296003,9436.65,9133.035,9282.20452760677,9282.964775071836,56.79298687003697,0.03460430920100287,-110.0
2020-05-07,9234.05,9277.85,9175.9,9199.05,1,-0.0077500566288063455,9365.789999999999,9188.7975,9269.411523359573,9276.748865807254,54.047053744873736,0.03270227429351881,-354.3000000000011
2020-05-08,9376.95,9382.65,9238.2,9251.5,0,0.005701675716514254,9244.11,9211.7625,9266.655904381178,9274.87857945116,49.672275589366684,0.026301015526791493,-608.3999999999996
2020-05-11,9348.15,9439.9,9219.95,9239.2,0,-0.0013295141328432125,9233.25,9236.285,9262.431919091765,9272.235721714038,49.5147918853495,0.007541890158682337,-54.29999999999927
2020-05-12,9168.85,9240.85,9043.95,9196.55,1,-0.004616200536843196,9231.439999999999,9240.5175,9252.296239231493,9266.629371957442,55.130467967371054,0.006438265439021726,-9.050000000001091
2020-05-13,9584.2,9584.5,9351.1,9383.55,0,0.02033371209855872,9253.97,9260.002499999999,9272.48912550357,9275.290159219854,54.72333870851284,0.011165303617721197,112.64999999999964
2020-05-14,9213.95,9281.1,9119.75,9142.75,0,-0.025661929653489235,9242.710000000001,9270.875,9252.529260041483,9265.472369648014,46.09540756963933,0.016743435235423994,-56.29999999999927
2020-05-15,9182.4,9182.4,9050.0,9136.85,0,-0.0006453200623444122,9219.78,9278.0775,9234.732450804331,9255.944786711123,49.569441377787605,0.01633305023135834,-114.64999999999964
2020-05-18,9158.3,9158.3,8806.75,8823.25,1,-0.03432255098857928,9136.59,9255.9025,9171.427458372895,9223.893321028818,39.67847105115234,0.02161212038291876,-415.9500000000007
2020-05-19,8961.7,9030.35,8855.3,8879.1,1,0.0063298671124585315,9073.1,9236.765000000001,9126.454003238603,9198.353075026684,38.49610270518112,0.022692370979846346,-317.4499999999989
2020-05-20,8889.15,9093.8,8875.35,9066.55,1,0.02111137390050777,9009.7,9241.02,9117.238002740356,9188.589884283967,38.91621129326044,0.022926239359285453,-317.0
2020-05-21,9079.45,9178.55,9056.1,9106.25,0,0.004378732814576791,9002.4,9236.9675,9115.5475407803,9182.490633596266,30.46678589015889,0.020502455460569644,-36.5
2020-05-22,9067.9,9149.6,8968.55,9039.25,0,-0.0073575840768702605,8982.880000000001,9223.234999999999,9103.809457583331,9171.88021629284,41.10858541703095,0.020722316596933667,-97.60000000000036
2020-05-26,9099.75,9161.65,8996.65,9029.05,1,-0.0011284122023398346,9024.039999999999,9216.967499999999,9092.308002570511,9161.300200271147,43.47102547982689,0.010623594996413107,205.79999999999927
2020-05-27,9082.2,9334.0,9004.25,9314.95,1,0.03166446082367491,9111.21,9218.6,9126.560617559664,9172.68166691773,51.400502336820054,0.016195546302455864,435.85000000000036
2020-05-28,9364.95,9511.25,9336.5,9490.1,1,0.018803106833638283,9195.92,9224.060000000001,9182.489753319716,9196.194136034936,58.683134938393174,0.015818659894976456,423.5500000000011
2020-05-29,9422.2,9598.85,9376.9,9580.3,1,0.009504641679223491,9290.73,9225.4075,9243.691329732068,9224.64642225457,59.593277703215236,0.01558664853208832,474.0499999999993
2020-06-01,9726.85,9931.6,9706.95,9826.15,1,0.02566203563562741,9448.11,9223.720000000001,9333.300355927135,9269.202242828305,65.07125433303372,0.013020170428415904,786.8999999999996
2020-06-02,9880.85,9995.6,9824.05,9979.1,1,0.015565608096762329,9638.119999999999,9258.0,9432.654147322959,9321.787261878062,69.01654880804843,0.008646954600514397,950.0500000000011
2020-06-03,10108.3,10176.2,10035.55,10061.55,0,0.00826226814041342,9787.439999999999,9300.7975,9529.407355427118,9376.584501738946,67.357910906298,0.007115004409016274,746.5999999999985
2020-06-04,10054.25,10123.85,9944.25,10029.1,1,-0.0032251492066330822,9895.24,9338.7075,9606.28314689987,9424.918983091617,75.4019430831399,0.010580498710573231,539.0
2020-06-05,10093.8,10177.8,10040.75,10142.15,1,0.011272197904099057,10007.609999999999,9385.8625,9688.724201222967,9478.04720656631,77.14386002808078,0.010541074066142044,561.8500000000004
2020-06-08,10326.75,10328.5,10120.25,10167.45,0,0.002494540112303767,10075.869999999999,9431.66,9762.37432411174,9529.114080153991,92.9868883914295,0.007382207801355076,341.3000000000011
2020-06-09,10181.15,10291.15,10021.45,10046.65,1,-0.01188105178781318,10089.38,9472.032500000001,9806.109043479166,9567.45007421666,85.84850624827286,0.009267229676549402,67.54999999999927
2020-06-10,10072.6,10148.75,10036.85,10116.15,0,0.006917728795170497,10100.3,9518.0125,9853.807652174679,9608.094513163574,84.74346242965902,0.00903434719181516,54.600000000000364
2020-06-11,10094.1,10112.05,9885.05,9902.0,1,-0.021169120663493524,10074.88,9543.935000000001,9861.221859532421,9629.865289966274,73.61346034006942,0.013600083397732676,-127.10000000000036
2020-06-12,9544.95,9996.05,9544.35,9972.9,0,0.007160169662694393,10041.03,9585.442500000001,9878.403111912048,9655.27526848729,77.64159043135861,0.0126524073809366,-169.25
2020-06-15,9919.35,9943.35,9726.35,9813.7,1,-0.01596326043578089,9970.279999999999,9619.285,9868.448787002504,9667.01043378453,71.34695432162587,0.013220641371562038,-353.75
2020-06-16,10014.8,10046.15,9728.5,9914.0,0,0.010220406166889129,9943.75,9673.8225,9875.456665925196,9685.305957207898,68.12830988046605,0.014778314798325538,-132.64999999999964
2020-06-17,9876.7,10003.6,9833.8,9881.15,1,-0.0033134960661690416,9896.75,9723.925,9876.332563475165,9699.812923340645,62.94910427497599,0.013813577706902913,-235.0
2020-06-18,9863.25,10111.2,9845.05,10091.65,1,0.021303188394063532,9934.68,9775.18,9909.458322940525,9728.837891982079,65.68317742677507,0.01414239298834179,189.64999999999964
2020-06-19,10119.0,10272.4,10072.65,10244.4,1,0.015136276030183415,9988.98,9832.0875,9960.987811718907,9767.027677761185,63.60472302638001,0.015026870453523057,271.5
2020-06-22,10318.75,10393.65,10277.6,10311.2,1,0.006520635664363006,10088.48,9895.685000000001,10014.866609915998,9807.336738667764,61.4438318401103,0.009267464521571952,497.5
2020-06-23,10347.95,10484.7,10301.75,10471.0,0,0.015497711226627242,10199.88,9967.782500000001,10085.04097762123,9856.49698024793,63.39516472012304,0.009597272866144698,557.0
2020-06-24,10529.25,10553.15,10281.95,10305.3,0,-0.015824658580842366,10284.710000000001,10017.3,10118.926981064116,9889.741648377712,58.31126624939814,0.01459908479435898,424.14999999999964
2020-06-25,10235.55,10361.8,10194.5,10288.9,1,-0.0015914141267114879,10324.16,10057.24,10145.076676285022,9919.308933683067,54.68864819962299,0.013103767969643292,197.25
2020-06-26,10378.9,10409.85,10311.25,10383.0,0,0.009145778460282417,10351.88,10097.375,10181.680264548864,9953.656420076913,56.59678653404742,0.012057089555525872,138.60000000000036
2020-06-29,10311.95,10337.95,10223.6,10312.4,0,-0.006799576230376636,10352.119999999999,10121.687499999998,10201.790993079807,9980.230018589735,58.39095702693316,0.012479727184546345,1.1999999999989086
2020-06-30,10382.6,10401.05,10267.35,10302.1,1,-0.0009987975640974867,10318.34,10137.8375,10217.223147990606,10004.07223943494,56.09932102207502,0.009113027717601243,-168.89999999999964
2020-07-01,10323.8,10447.05,10299.6,10430.05,1,0.01241979790528136,10343.289999999999,10156.2625,10249.965740607435,10035.626147624944,68.35865521677155,0.008031362138728229,124.75
2020-07-02,10493.05,10598.2,10485.55,10551.7,1,0.011663414844607756,10395.85,10182.3925,10296.386395898598,10073.853840393467,69.43716837934049,0.008541376682772581,262.8000000000011
2020-07-03,10614.95,10631.3,10562.65,10607.35,1,0.005274031672621415,10440.720000000001,10205.6525,10344.226950375736,10113.372074438395,78.64438589526111,0.008251922334594604,224.35000000000036
2020-07-06,10723.85,10811.4,10695.1,10763.65,1,0.014735065779860168,10530.970000000001,10235.4625,10408.753573394853,10161.54080966518,79.47410413848127,0.0064189490911501085,451.25
2020-07-07,10802.85,10813.8,10689.7,10799.65,0,0.003344590357360122,10630.48,10273.1125,10468.89148518026,10208.80815709739,81.79300796123226,0.0049081202405261756,497.5499999999993
2020-07-08,10818.65,10847.85,10676.55,10705.75,1,-0.008694726217979287,10685.619999999999,10302.592499999999,10505.331256690988,10245.618663979065,73.12297612772048,0.009071712460576925,275.7000000000007
2020-07-09,10755.55,10836.85,10733.0,10813.45,0,0.01006001447820104,10737.97,10348.164999999999,10552.73414027699,10287.68024442506,72.17913240051452,0.008813632310176076,261.75
2020-07-10,10764.1,10819.4,10713.0,10768.05,1,-0.004198475047279215,10770.109999999999,10387.922499999999,10585.859657157454,10323.263189282463,68.10812953347332,0.009698541523034718,160.6999999999989
2020-07-13,10851.85,10894.05,10756.05,10802.7,0,0.0032178528145765384,10777.92,10437.372500000001,10619.219709902462,10358.777027113392,64.59561735457186,0.0073004920859460745,39.05000000000109
2020-07-14,10750.85,10755.65,10562.9,10607.35,1,-0.018083442102437397,10739.460000000001,10472.04,10617.393600686697,10377.189839919807,62.952956816330044,0.010829883057174682,-192.29999999999927
2020-07-15,10701.0,10827.45,10577.75,10618.2,1,0.0010228756475463285,10721.95,10508.892499999998,10617.517662119513,10395.042444370192,64.18907273354017,0.010541619719840599,-87.54999999999927
2020-07-16,10706.2,10755.3,10595.2,10739.95,1,0.011466161873010527,10707.25,10541.307499999999,10636.35340640882,10420.591152194622,65.02251588737847,0.010941498924930623,-73.5
2020-07-17,10752.0,10933.45,10749.65,10901.7,1,0.015060591529755696,10733.980000000001,10574.1725,10677.175959269001,10456.22884462465,73.03392745465916,0.012889230407436676,133.65000000000146
2020-07-20,10999.45,11037.9,10953.0,11022.2,1,0.011053321958960582,10777.880000000001,10609.7225,10730.256580919924,10498.152633911714,75.9140636245861,0.013456571957222906,219.5
2020-07-21,11126.1,11179.55,11113.25,11162.25,0,0.012706174810836135,10888.86,10644.285,10796.717106932243,10547.345031399735,76.12201212986082,0.005395324042209457,554.8999999999996
2020-07-22,11231.2,11238.1,11056.55,11132.6,1,-0.0026562744966291962,10991.740000000002,10685.65,10848.391398173437,10590.697251296051,72.18022145857194,0.006986593726552763,514.3999999999996
2020-07-23,11135.0,11239.8,11103.15,11215.45,0,0.007442106965129369,11086.84,10731.9775,10904.8619523006,10636.975232681529,72.74631555322807,0.006938834681595402,475.5
2020-07-24,11149.95,11225.4,11090.3,11194.15,0,-0.0018991658827778313,11145.329999999998,10772.535,10949.367805792814,10678.247437668084,67.91212449030533,0.007205324102188914,292.4499999999989
2020-07-27,11225.0,11225.0,11087.85,11131.8,1,-0.005569873550023918,11167.25,10813.505000000001,10977.434297209304,10711.843923766744,63.52347217132846,0.007720524174698607,109.59999999999854
2020-07-28,11154.1,11317.75,11151.4,11300.55,0,0.015159273432868048,11194.91,10863.427500000002,11027.144405330948,10755.451781265505,72.8260035305855,0.008598607398908704,138.29999999999927
2020-07-29,11276.9,11341.4,11149.75,11202.85,0,-0.008645596895726193,11208.960000000001,10902.067500000001,11054.176035280032,10788.592390060654,65.05916930930461,0.009825345101639892,70.25
2020-07-30,11254.3,11299.95,11084.95,11102.15,0,-0.008988784104045022,11186.3,10929.59,11061.55664523695,10811.81887968579,62.39059486723037,0.01000251551946051,-113.30000000000109
2020-07-31,11139.5,11150.4,11026.65,11073.45,0,-0.0025850848709483287,11162.16,10952.895,11063.386392123573,10831.198962672028,60.08567703482957,0.010005681522726512,-120.69999999999891
2020-08-03,11057.55,11058.05,10882.25,10891.6,1,-0.01642216292122156,11114.119999999999,10959.2925,11036.957716412255,10835.67311358521,60.6961429915334,0.011931260796867087,-240.1999999999989
2020-08-04,10946.65,11112.25,10908.1,11095.25,1,0.018697895625986893,11073.060000000001,10974.0725,11045.925760041138,10854.901031097417,65.6764483585817,0.013389645934525083,-205.29999999999927
2020-08-05,11155.75,11225.65,11064.05,11101.65,1,0.0005768234154255314,11052.82,10993.8675,11054.49872003481,10873.178732497609,62.86090172095005,0.013151997043993863,-101.20000000000073
2020-08-06,11185.7,11256.8,11127.3,11200.15,1,0.008872554980565939,11072.42,11013.202500000001,11076.906609260224,10897.398826386674,61.111731635578366,0.013118006144998534,98.0
2020-08-07,11186.65,11231.9,11142.05,11214.05,1,0.0012410548073016336,11100.539999999999,11035.5025,11098.00559245096,10920.854468876549,57.758725280058194,0.01290609951099533,140.59999999999854
2020-08-10,11270.25,11337.3,11238.0,11270.15,1,0.0050026529220041915,11176.25,11058.875,11124.489347458504,10946.728211922731,54.68153418951751,0.007394002402376112,378.5499999999993
2020-08-11,11322.25,11373.6,11299.15,11322.5,0,0.004645013597867065,11221.7,11094.6325,11154.95252477258,10974.563159187715,58.08016339034974,0.003334299089876392,227.25
2020-08-12,11289.0,11322.0,11242.65,11308.4,0,-0.0012453080150144347,11263.05,11129.1425,11178.55982865372,10999.291814062699,54.20075021466981,0.0038680651555111772,206.75
2020-08-13,11334.85,11359.3,11269.95,11300.45,0,-0.0007030172261326406,11283.109999999999,11157.1675,11197.312162706994,11021.599827835833,54.8627630375115,0.002924114971005019,100.30000000000109
2020-08-14,11353.3,11366.25,11111.45,11178.4,1,-0.01080045484914327,11275.98,11171.002499999999,11194.40259921361,11033.214655403548,52.02134119892428,0.006390895021981595,-35.649999999999636
2020-08-17,11248.9,11267.1,11144.5,11247.1,1,0.006145781149359486,11271.369999999999,11182.247500000001,11202.509891642287,11049.058014262544,47.46116942953503,0.006657230771130343,-23.049999999999272
2020-08-18,11259.8,11401.7,11253.15,11385.35,1,0.012292057508157761,11283.939999999999,11193.4025,11230.639139081935,11073.968531724578,58.347054518843755,0.008675930446705546,62.850000000000364
2020-08-19,11452.15,11460.35,11394.1,11408.4,0,0.002024531525161688,11303.939999999999,11207.192500000001,11257.98696383856,11098.741233078312,65.07803653192852,0.008574026456760342,100.0
2020-08-20,11317.45,11361.45,11289.8,11312.2,1,-0.008432383156270706,11306.29,11212.03,11266.32743094032,11114.55299359103,61.02211347583215,0.00975213556591073,11.75
2020-08-21,11409.65,11418.5,11362.2,11371.6,1,0.005250967981471399,11344.93,11220.9025,11282.523210795656,11133.593512584288,74.98438475952534,0.007614386069404626,193.20000000000073
2020-08-24,11412.0,11497.25,11410.65,11466.45,1,0.008340954658974997,11388.8,11237.635,11310.819639904017,11158.249548689155,71.78915238318861,0.007867317909140028,219.35000000000036
2020-08-25,11513.1,11525.9,11423.35,11472.25,1,0.0005058235112000986,11406.179999999998,11246.22,11335.655079918784,11181.508841378847,71.76926691729328,0.006339892838864199,86.89999999999964
2020-08-26,11512.85,11561.75,11461.85,11549.6,1,0.006742356556037388,11434.420000000002,11263.557499999999,11368.569683008202,11208.774853128562,71.04993675079821,0.006767093237121593,141.20000000000073
2020-08-27,11609.3,11617.35,11540.6,11559.25,1,0.0008355267714899028,11483.83,11286.4125,11397.905116391556,11234.735975119038,70.90094453862928,0.0035210417862091632,247.04999999999927
2020-08-28,11602.95,11686.05,11589.4,11647.6,0,0.007643229448277333,11539.03,11315.12,11436.319713869778,11265.318495480591,71.99463900705094,0.0038259358477263777,276.0
2020-08-31,11777.55,11794.25,11325.85,11387.5,1,-0.022330780589992827,11523.24,11339.915,11428.808988659042,11274.368977296843,53.04935259898668,0.01219399340434552,-78.95000000000073
2020-09-01,11464.3,11553.55,11366.9,11470.25,1,0.007266739846322645,11522.84,11358.665,11435.184528865342,11288.878682682262,57.133412666931136,0.012806646406666193,-2.0
2020-09-02,11478.55,11554.75,11430.4,11535.0,0,0.005645038251127943,11519.92,11380.3325,11450.540755193751,11307.109891372464,59.844700944386126,0.012671582136649553,-14.600000000000364
2020-09-03,11566.2,11584.95,11507.65,11527.45,0,-0.0006545296922408905,11513.560000000001,11396.697499999998,11462.372946702406,11323.431380900429,66.20849779428845,0.012659006851329735,-31.799999999999272
2020-09-04,11354.4,11452.05,11303.65,11333.85,1,-0.016794694403359012,11450.810000000001,11402.6875,11442.600185671268,11324.20313046336,53.609620105688016,0.013429869469126662,-313.75
2020-09-07,11359.6,11381.15,11251.7,11355.05,0,0.001870502962364906,11444.32,11406.932499999999,11429.130926337228,11326.488083762371,48.60317167619394,0.00960778848606773,-32.45000000000073
2020-09-08,11378.55,11437.25,11290.45,11317.35,0,-0.0033201086741140307,11413.74,11406.675,11411.933860746885,11325.811188668864,45.85853991357747,0.008569508896283514,-152.89999999999964
2020-09-09,11218.6,11298.15,11185.15,11278.0,1,-0.003476962363097358,11362.34,11405.155,11391.32865140121,11322.269619137836,48.35955487336911,0.007227830317318207,-257.0
2020-09-10,11363.3,11464.05,11327.4,11449.25,1,0.015184429863450921,11346.7,11412.595,11400.239628108717,11331.675573275776,53.36365605371452,0.011518396204204709,-78.20000000000073
2020-09-11,11447.8,11493.5,11419.9,11464.45,0,0.001327597877590403,11372.82,11426.897500000001,11410.118146861221,11341.51071599609,49.9069421179974,0.00761734897260477,130.60000000000036
2020-09-14,11540.15,11568.9,11383.55,11440.05,1,-0.0021283184103905173,11389.820000000002,11436.545,11414.72304734411,11348.809922218601,48.52725942188069,0.007881309193621837,85.0
2020-09-15,11487.2,11535.95,11442.25,11521.8,1,0.0071459477886897105,11430.71,11443.3675,11431.196424675787,11361.624002054261,48.73360058309033,0.007662131641053008,204.4499999999989
2020-09-16,11538.45,11618.1,11516.75,11604.55,0,0.007182037528858265,11496.02,11453.175,11457.866205494898,11379.618520420612,51.934739899205574,0.006607441195519108,326.5499999999993
2020-09-17,11539.4,11587.2,11498.5,11516.1,0,-0.00762201033215415,11509.390000000001,11463.369999999999,11466.825250803377,11389.728259648715,44.38418175606422,0.006325723747498831,66.85000000000036
2020-09-18,11584.1,11584.1,11446.1,11504.95,0,-0.0009682097237779796,11517.49,11470.0375,11472.690596833627,11398.26320337844,56.37034224656944,0.006395365946897212,40.5
2020-09-21,11503.8,11535.25,11218.5,11250.55,0,-0.022112221261283316,11479.59,11459.2425,11438.515120397684,11387.321484609665,39.9542752629172,0.012216837476288902,-189.5
2020-09-22,11301.75,11302.2,11084.65,11153.65,0,-0.008612912257622951,11405.960000000001,11443.3125,11394.68971725958,11370.012485749688,33.060898147736836,0.010807829584170692,-368.14999999999964
2020-09-23,11258.75,11259.55,11024.4,11131.85,0,-0.001954517131163236,11311.42,11422.425,11354.252837681184,11352.370820138602,32.64760066672514,0.008446075269557655,-472.6999999999989
2020-09-24,11011.0,11015.3,10790.2,10805.55,1,-0.029312288613303372,11169.31,11384.74,11269.837016499463,11311.86557420241,29.24328147100421,0.012592699726462906,-710.5500000000011
2020-09-25,10910.4,11072.6,10854.85,11050.25,1,0.022645769997825305,11078.369999999999,11354.8725,11236.054398576469,11292.486642780008,39.81351513936238,0.020182725777573036,-454.7000000000007
2020-09-28,11140.85,11239.35,11099.85,11227.55,0,0.016044885862310787,11073.77,11346.875,11234.746029564703,11287.676521092599,47.25499786024329,0.020659133245955724,-23.0
2020-09-29,11288.6,11305.4,11181.0,11222.4,1,-0.00045869312539237317,11087.519999999999,11334.4825,11232.846640400903,11282.841223233887,48.2641273805807,0.02014824669231809,68.75
2020-09-30,11244.45,11295.4,11184.55,11247.55,1,0.002241053607071608,11110.66,11320.109999999999,11235.10869572384,11280.227058549895,43.07063350281708,0.02006115572970331,115.69999999999891
2020-10-01,11364.45,11428.6,11347.05,11416.95,1,0.015061057741463824,11232.939999999999,11314.585000000001,11263.084280997096,11290.354683842497,48.524478131212724,0.009817468681084636,611.4000000000015
2020-10-05,11487.8,11578.05,11452.3,11503.35,1,0.007567695400260144,11323.560000000001,11323.060000000001,11300.048237766774,11306.132114668979,51.89339554917448,0.007406736428293407,453.10000000000036
2020-10-06,11603.45,11680.3,11564.3,11662.4,1,0.013826407090108406,11410.529999999999,11338.427500000002,11355.794662725732,11332.522328397203,54.01966950654699,0.0068572248317746234,434.85000000000036
2020-10-07,11679.25,11763.05,11629.35,11738.85,1,0.006555254493071816,11513.820000000002,11359.5025,11414.72625307562,11362.620674441854,53.85343739240219,0.005332204339739946,516.4500000000007
2020-10-08,11835.4,11905.7,11791.15,11834.6,1,0.008156676335416169,11631.23,11387.3325,11479.32221414091,11397.58210596468,59.10052002971597,0.003910354708299299,587.0500000000011
2020-10-09,11852.05,11938.6,11805.2,11914.2,1,0.00672604059283799,11730.679999999998,11410.58,11546.226488888462,11435.850098115445,61.253334066598825,0.0030110043151464344,497.25
2020-10-12,11973.55,12022.05,11867.2,11930.95,1,0.0014058854140437393,11816.2,11433.905,11605.41472136716,11472.524164921708,71.52211045739233,0.004442599124165731,427.60000000000036
2020-10-13,11934.65,11988.2,11888.9,11934.5,1,0.0002975454594982274,11870.62,11458.6275,11656.043225772213,11506.744597149729,76.24970585269104,0.0035249999797688416,272.10000000000036
2020-10-14,11917.4,11997.2,11822.15,11971.05,0,0.0030625497507226207,11917.060000000001,11481.09,11704.505806422643,11541.137589953452,77.93422541774845,0.003391201330970597,232.1999999999989
2020-10-15,12023.45,12025.45,11661.3,11680.35,1,-0.02428358414675391,11886.210000000001,11484.880000000001,11700.789528511468,11551.449620327272,79.82611660415964,0.012385995344600617,-154.25
2020-10-16,11727.4,11789.75,11667.85,11762.45,1,0.007028898962788022,11855.86,11497.197499999998,11710.27575489432,11567.079278080806,77.31037656261991,0.012443357559348642,-151.75
2020-10-19,11879.2,11898.25,11820.4,11873.05,1,0.009402802987472647,11844.28,11515.6025,11735.317946449039,11589.743776000747,76.087132234077,0.013536460928478416,-57.900000000001455
2020-10-20,11861.0,11949.25,11837.25,11896.8,1,0.0020003284749916528,11836.74,11547.914999999999,11760.161339303033,11612.488681482173,76.85140946010516,0.013595361341432695,-37.70000000000073
2020-10-21,11958.55,12018.65,11775.75,11937.65,0,0.0034336964561898498,11830.06,11587.115,11787.467287102565,11636.574705076086,77.13723948092809,0.013621058716862007,-33.399999999999636
2020-10-22,11890.0,11939.55,11823.45,11896.45,1,-0.003451265533836123,11873.279999999999,11625.345,11804.233858317555,11655.824726922301,70.96999912533902,0.0049422278997423175,216.10000000000036
2020-10-23,11957.9,11974.55,11908.75,11930.35,0,0.002849589583447054,11906.86,11681.585000000001,11823.636341653317,11676.159932335464,69.57279061239466,0.004574597623003256,167.89999999999964
2020-10-26,11937.4,11942.85,11711.7,11767.75,1,-0.01362910560042252,11885.8,11717.460000000001,11815.03844293742,11682.944381792095,54.81335952848726,0.0071780727567138745,-105.29999999999927
2020-10-27,11807.1,11899.05,11723.0,11889.4,0,0.01033757515242928,11884.320000000002,11750.5525,11826.47868248551,11698.237390548235,56.60567767978588,0.009005517968925757,-7.399999999999636
2020-10-28,11922.6,11929.4,11684.85,11729.6,0,-0.013440543677561423,11842.710000000001,11775.9125,11811.57426979543,11700.560546803921,45.63808574277167,0.010406798380002656,-208.04999999999927
2020-10-29,11633.3,11744.15,11606.45,11670.8,0,-0.0050129586686673555,11797.58,11797.075,11789.916689826901,11698.356061855482,39.71085559688864,0.010429627922768352,-225.65000000000146
2020-10-30,11678.45,11748.95,11535.45,11642.4,1,-0.0024334235870719922,11739.99,11808.3475,11767.221814468916,11694.211168384705,37.92121897107446,0.00984121369826256,-287.9500000000007
2020-11-02,11697.35,11725.65,11557.4,11669.15,1,0.002297636226207711,11720.27,11816.6375,11752.13384301216,11692.354785541394,39.10401182605833,0.008806616162835944,-98.60000000000036
2020-11-03,11734.45,11836.2,11723.3,11813.5,1,0.01237022405230892,11705.09,11824.192500000001,11761.574790241059,11701.328505130921,44.056735448338316,0.009516639889227171,-75.89999999999964
2020-11-04,11783.35,11929.65,11756.4,11908.5,1,0.008041647267956087,11740.869999999999,11832.675,11784.178668665512,11716.67454178789,60.09736667404293,0.0072011869222074415,178.89999999999964
2020-11-05,12062.4,12131.1,12027.6,12120.3,1,0.01778561531679057,11830.77,11846.960000000001,11835.889642716971,11746.572723877676,64.2065981182262,0.007991882417604351,449.5
2020-11-06,12156.65,12280.4,12131.85,12263.55,1,0.011819014380832105,11955.0,11864.4275,11901.683543837438,11784.867336923773,65.1110595155174,0.005736573195882848,621.1499999999996
2020-11-09,12399.4,12474.05,12367.35,12461.05,1,0.016104635280974833,12113.38,11890.932499999999,11987.739921708602,11834.954941596086,69.24651226250982,0.0038296896564990143,791.8999999999996
2020-11-10,12556.4,12643.9,12475.25,12631.1,1,0.013646522564310537,12276.9,11925.7625,12086.718395291895,11893.928649626007,71.73756308579672,0.0038009642108257015,817.6000000000004
2020-11-11,12680.6,12769.75,12571.1,12749.15,0,0.009345979368384327,12445.029999999999,11964.6675,12188.630949862372,11957.27837928334,75.5009270889407,0.003352791514923715,840.6499999999996
2020-11-12,12702.15,12741.15,12624.85,12690.8,1,-0.004576775706615743,12559.130000000001,12015.189999999999,12265.887726806624,12011.61331415124,72.41430129395462,0.008125617072766557,570.5
2020-11-13,12659.7,12735.95,12607.7,12719.95,1,0.00229693951523946,12650.41,12063.065,12335.743461144066,12064.082698288186,80.46260157399705,0.008486080692490197,456.40000000000146
2020-11-14,12823.35,12828.7,12749.45,12780.25,1,0.004740584672109582,12714.25,12108.425,12404.129082506517,12117.132128044615,79.66434684159701,0.006940772060252703,319.2000000000007
2020-11-17,12932.5,12934.05,12797.1,12874.2,1,0.007351186400892162,12762.869999999999,12157.295,12476.447685197822,12173.21122967094,89.86208817998184,0.005400881553310397,243.10000000000036
2020-11-18,12860.1,12948.85,12819.35,12938.25,0,0.004975066411893492,12800.69,12207.325,12547.494195167388,12229.880768213834,93.9796661924425,0.004575917828460179,189.10000000000036
2020-11-19,12839.5,12963.0,12745.75,12771.7,1,-0.012872683709156951,12816.869999999999,12251.0875,12581.987395910866,12270.01552612392,85.75771008802485,0.008121259584065097,80.90000000000146
2020-11-20,12813.4,12892.45,12730.25,12859.05,1,0.006839340103510061,12844.69,12297.5225,12624.61241192458,12313.647709374,86.28407635543088,0.00850587049965555,139.09999999999854
2020-11-23,12960.3,12968.85,12825.7,12926.45,1,0.005241444741252321,12873.93,12355.4575,12671.048963936184,12359.040471642593,85.60870260758281,0.008546026342767916,146.20000000000073
2020-11-24,13002.6,13079.1,12978.0,13055.15,0,0.009956329850809631,12910.119999999999,12413.744999999999,12730.141431022925,12410.604140409807,85.91249334460836,0.008997916626483487,180.9499999999989
2020-11-25,13130.0,13145.85,12833.65,12858.4,1,-0.015070680919024304,12894.15,12470.185,12749.873518557859,12443.774204083154,73.3369166561275,0.01182404828845593,-79.85000000000036
2020-11-26,12906.45,13018.0,12790.4,12987.0,0,0.01000124432277727,12937.210000000001,12535.994999999999,12786.354515702804,12484.013151928846,73.08760172331262,0.010523161495905906,215.29999999999927
2020-11-27,13012.05,13035.3,12914.3,12968.95,1,-0.001389851389851371,12959.189999999999,12602.3225,12814.446128671603,12519.934399934116,68.30534131045923,0.010492985939354908,109.90000000000146
2020-12-01,13062.2,13128.4,12962.8,13109.05,1,0.010802724970024435,12995.710000000001,12674.3175,12859.769801183664,12563.57259253159,67.60599697940842,0.011225113616611488,182.59999999999854
2020-12-02,13121.4,13128.5,12983.55,13113.75,1,0.00035853093855009455,13007.43,12739.329999999998,12898.843677924639,12604.326474566285,64.65434083601289,0.010505804455108183,58.600000000000364
2020-12-03,13215.3,13216.6,13107.9,13133.9,1,0.00153655514250306,13062.529999999999,12800.6,12935.006189013156,12643.554143116931,68.37369381323607,0.00570807657887527,275.5
2020-12-04,13177.4,13280.05,13152.85,13258.55,1,0.00949070725374801,13116.84,12857.5125,12984.78215993421,12689.109391774937,70.69468992545917,0.005582936388945415,271.5499999999993
2020-12-07,13264.85,13366.65,13241.95,13355.75,1,0.007331118410384363,13194.2,12912.122500000001,13041.854135328947,12738.490177569387,71.50276490808554,0.004709709223552511,386.7999999999993
2020-12-08,13393.85,13435.45,13311.05,13392.95,1,0.002785317185481917,13250.98,12958.717499999999,13095.868883739879,12786.96868293462,70.2407429084241,0.003924193850004165,283.90000000000146
2020-12-09,13458.1,13548.9,13449.6,13529.1,0,0.01016579618381308,13334.05,13003.6175,13162.519824702973,12841.94137308761,71.82593919692665,0.0039122992534255,415.35000000000036
2020-12-10,13488.5,13503.55,13399.3,13478.3,1,-0.0037548691339409634,13402.930000000002,13040.075,13211.101390133284,12889.079049155194,78.54257553724345,0.005779949721928754,344.39999999999964
2020-12-11,13512.3,13579.35,13402.85,13513.85,1,0.0026375729876915166,13453.99,13081.227499999999,13257.67809934355,12935.358378847402,77.60539629005059,0.00530197092913008,255.3000000000011
2020-12-14,13571.45,13597.5,13472.45,13558.15,1,0.003278118374852479,13494.470000000001,13123.1375,13303.904545598389,12981.491091525371,77.16054690859056,0.004930242842130845,202.39999999999964
2020-12-15,13547.2,13589.65,13447.05,13567.85,1,0.0007154368405719591,13529.45,13162.517499999998,13344.511538583252,13024.925084745713,74.55694989941566,0.005040786507015577,174.89999999999964
2020-12-16,13663.1,13692.35,13606.45,13682.7,1,0.008464863629830788,13560.170000000002,13202.942500000001,13396.540532647366,13073.649152542326,92.84303534303533,0.00442276629745634,153.60000000000036
2020-12-17,13713.55,13773.25,13673.55,13740.7,1,0.004238929451058526,13612.65,13243.064999999999,13449.48814300931,13123.06032642808,92.2761947498317,0.002875295818204455,262.40000000000146
2020-12-18,13764.4,13772.85,13658.6,13760.55,0,0.0014446134476409078,13661.99,13292.507500000002,13497.34381331557,13170.281783729703,94.31258396775627,0.0030471750008964956,246.6999999999989
2020-12-21,13741.9,13777.5,13131.45,13328.4,1,-0.031404994713147394,13616.039999999999,13315.975,13471.352457420868,13181.99424419417,59.25332208394853,0.015998226092477617,-229.75
2020-12-22,13373.65,13492.05,13192.9,13466.3,1,0.010346328141412231,13595.73,13342.967499999999,13470.575156279196,13203.053929809415,63.369866130683725,0.01714263112349907,-101.55000000000109
2020-12-23,13473.5,13619.45,13432.2,13601.1,1,0.010010173544329204,13579.41,13370.265,13490.655901467011,13232.538823897607,66.30032796036565,0.017376871598892833,-81.60000000000036
2020-12-24,13672.15,13771.75,13626.9,13749.25,1,0.010892501341803307,13581.12,13414.8075,13530.439608933624,13270.813725831118,66.84402032129617,0.018124052786389632,8.549999999999272
2020-12-28,13815.15,13885.3,13811.55,13873.2,1,0.009015037183846442,13603.65,13459.117500000002,13583.17197678999,13315.43493132511,67.44193885461961,0.01855899186923625,112.65000000000146
2020-12-29,13910.35,13967.6,13859.9,13932.6,1,0.004281636536631828,13724.49,13507.3,13636.930134206916,13361.150862338063,67.92202185247913,0.0026756545623749786,604.2000000000007
2020-12-30,13980.9,13997.0,13864.95,13981.95,0,0.0035420524525213715,13827.62,13550.945000000002,13690.010113559698,13407.135983646356,65.95947136563876,0.003395472409028144,515.6500000000015
2020-12-31,13970.0,14024.85,13936.45,13981.75,1,-1.430415643033367e-05,13903.75,13594.345000000001,13734.893173012051,13449.699984857736,68.39893286554837,0.004391772547436303,380.64999999999964
2021-01-01,13996.1,14049.85,13991.35,14018.5,1,0.0026284263414808606,13957.6,13638.575,13778.524992548657,13491.833319312718,68.42662577135135,0.003293008131920784,269.25
2021-01-04,14104.35,14147.95,13953.75,14132.9,1,0.008160644862146516,14009.539999999999,13682.2925,13833.044224464247,13539.319740104369,69.96422244607314,0.0029666052917677833,259.6999999999989
2021-01-05,14075.15,14215.6,14048.15,14199.5,0,0.0047124086351704175,14062.920000000002,13724.48,13889.422036085132,13588.22198157812,71.10635880642896,0.0029931413367425617,266.89999999999964
2021-01-06,14240.95,14244.15,14039.9,14146.25,0,-0.0037501320469031096,14095.779999999999,13762.144999999999,13928.934030533574,13629.557390350112,66.15438229656732,0.0045338615181056054,164.29999999999927
2021-01-07,14253.75,14256.25,14123.1,14137.35,1,-0.0006291419987628499,14126.9,13792.5575,13960.998025836101,13667.171657731586,64.31277739688954,0.004621421924753121,155.60000000000036
2021-01-08,14258.4,14367.3,14221.65,14347.25,1,0.014847195549378078,14192.65,13836.005000000001,14020.4214064767,13717.547831232949,68.61712254870852,0.0073270257031154765,328.75
2021-01-11,14474.05,14498.2,14383.1,14484.75,1,0.009583718134137165,14263.02,13884.55,14091.856574711055,13774.37762151199,95.13289879395806,0.0075216580078964835,351.85000000000036
2021-01-12,14473.8,14590.65,14432.85,14563.45,1,0.005433300540223396,14335.810000000001,13934.815000000002,14164.409409370892,13832.827427325918,94.89708229324383,0.007522806965559427,363.9500000000007
2021-01-13,14639.8,14653.35,14435.7,14564.85,1,9.613106784445158e-05,14419.530000000002,13984.664999999999,14226.015654083063,13887.051321598072,94.27167072442461,0.006522054646204516,418.60000000000036
2021-01-14,14550.05,14617.8,14471.5,14595.6,0,0.0021112472837001572,14511.179999999998,14030.309999999998,14282.87478422413,13939.536408887103,93.57911539055658,0.005927833076441016,458.25
2021-01-15,14594.35,14617.45,14357.85,14433.7,0,-0.011092384006138767,14528.470000000001,14064.960000000001,14306.078663574264,13976.141119339909,77.77502477700693,0.007767813085335533,86.45000000000073
2021-01-18,14453.3,14459.15,14222.8,14281.3,1,-0.010558623222042929,14487.779999999999,14090.997499999998,14302.266561485916,13998.745480870286,65.82123411978213,0.007570584658753384,-203.45000000000073
2021-01-19,14371.65,14546.05,14350.85,14521.15,1,0.016794689559073817,14479.320000000002,14150.635,14335.940936641928,14037.442111916931,70.85880077369433,0.011397920150666482,-42.30000000000109
2021-01-20,14538.3,14666.45,14517.55,14644.7,0,0.008508279302947841,14495.289999999999,14209.555000000002,14383.44233100471,14082.424177700861,73.41173146872902,0.012111898809175478,79.85000000000036
2021-01-21,14730.95,14753.55,14517.25,14590.35,0,-0.003711240243910785,14494.24,14259.017499999998,14415.274280080906,14120.048312685982,69.94663225086327,0.0122754890200415,-5.25
2021-01-22,14583.4,14619.9,14357.75,14371.9,0,-0.014972224792414224,14481.88,14290.15,14408.601313914613,14138.703993227762,57.772357723577215,0.013236072165549773,-61.80000000000109
2021-01-25,14477.8,14491.1,14218.6,14238.9,0,-0.009254169594834383,14473.4,14308.434999999998,14382.493419466211,14146.125919655336,51.22825612569361,0.013006196557912117,-42.399999999999636
2021-01-27,14237.95,14237.95,13929.3,13967.5,0,-0.019060461131126694,14362.670000000002,14310.179999999998,14318.64827800987,14132.894370051237,45.09481079004419,0.010758476603195422,-553.6499999999996
2021-01-28,13810.4,13898.25,13713.25,13817.55,0,-0.010735636298550233,14197.24,14301.960000000001,14241.55623523912,14109.53552782522,41.85471957618052,0.005820197075787326,-827.1500000000015
2021-01-29,13946.6,13966.85,13596.75,13634.6,1,-0.013240408031814588,14006.09,14284.602499999999,14148.17835289464,14074.355118356685,31.59620897141238,0.0038344198070597952,-955.75
2021-02-01,13758.6,14336.35,13661.75,14281.2,1,0.04742346676836884,13987.95,14297.7375,14168.64322168008,14089.676961441375,45.83784889070649,0.027311858148209845,-90.69999999999891
2021-02-02,14481.1,14731.7,14469.15,14647.85,1,0.025673612861664363,14069.74,14323.485,14242.367341421606,14131.023112445717,51.543977755012435,0.02907428177938192,408.9500000000007
2021-02-03,14754.9,14868.85,14574.15,14789.95,1,0.009701082411411877,14234.23,14353.007500000002,14326.610827356744,14179.832511523811,53.91628101186541,0.025498944011638276,822.4500000000007
2021-02-04,14789.05,14913.7,14714.75,14895.65,1,0.007146744918001602,14449.85,14390.477500000003,14414.155315455706,14232.856029188713,55.08757651287788,0.022648945528866787,1078.1000000000004
2021-02-05,14952.6,15014.65,14864.75,14924.25,1,0.0019200236310601415,14707.779999999999,14429.8225,14492.631420770213,14284.070397396958,58.71144181421034,0.01850108075789955,1289.6499999999996
2021-02-08,15064.3,15159.9,15041.05,15115.8,0,0.012834815819890322,14874.7,14468.25,14588.503509882486,14345.679997589774,64.61624689109189,0.008896992556400307,834.5999999999985
2021-02-09,15164.15,15257.1,15064.3,15109.3,0,-0.00043001362812422617,14966.99,14499.477499999999,14668.626046823641,14402.244442212754,61.21845613901233,0.005464521972705438,461.4499999999989
2021-02-10,15119.05,15168.25,14977.2,15106.5,1,-0.0001853163283540571,15030.3,14526.63,14735.991270389235,14454.411520567364,59.23378389186594,0.005680961170363873,316.5499999999993
2021-02-11,15073.25,15188.5,15065.4,15173.3,0,0.004421937576539747,15085.829999999998,14557.0525,14803.2695364832,14507.662519043857,61.59845605937008,0.005460913618458848,277.64999999999964
2021-02-12,15186.2,15243.5,15081.0,15163.3,1,-0.0006590524144385324,15133.64,14585.4375,14858.658838562707,14556.228258373943,67.17000781046605,0.0057847298184268625,239.04999999999927
2021-02-15,15270.3,15340.15,15243.4,15314.7,0,0.009984633951712452,15173.420000000002,14629.4875,14928.819017245369,14612.411350346243,73.15540249677146,0.00462085415844829,198.90000000000146
2021-02-16,15371.45,15431.75,15242.2,15313.45,0,-8.162092629959705e-05,15214.25,14681.095000000001,14987.993014592234,14664.340139209486,82.78247314708824,0.004565538955871953,204.15000000000146
2021-02-17,15279.9,15314.3,15170.75,15208.9,0,-0.006827331528819536,15234.73,14715.482500000002,15021.978704654968,14704.67790667545,84.65466138633593,0.006263918824434456,102.39999999999964
2021-02-18,15238.7,15250.75,15078.05,15118.95,0,-0.0059143001795001204,15223.86,14739.194999999998,15036.89736547728,14735.364728403194,88.76700880148348,0.006694747736227243,-54.349999999998545
2021-02-19,15074.8,15144.05,14898.2,14981.75,0,-0.00907470426187007,15187.55,14758.765,15028.413155403852,14753.615489262216,74.92971780363686,0.007669025105351338,-181.54999999999927
2021-02-22,14999.05,15010.1,14635.05,14675.7,1,-0.020428187628281025,15059.75,14773.954999999998,14974.149593034028,14747.84397153909,51.03573952173752,0.007465900306452697,-639.0
2021-02-23,14782.25,14854.5,14651.85,14707.8,1,0.0021872891923382376,14938.62,14797.4,14933.172732567255,14744.877751425085,46.67260723399078,0.008141258164308076,-605.6500000000015
2021-02-24,14729.15,15008.8,14723.05,14982.0,1,0.01864316893077156,14893.24,14848.125,14940.684619864602,14762.442362430635,53.07744395737554,0.01452960317917059,-226.89999999999964
2021-02-25,15079.85,15176.5,15065.35,15097.35,0,0.007699239086904397,14888.920000000002,14912.115,14964.786986039278,14787.250335583922,55.80989460965296,0.015092232687288891,-21.600000000000364
2021-02-26,14888.6,14919.45,14467.75,14529.15,1,-0.037635744021301765,14798.4,14956.842499999999,14897.765911264005,14768.131792207336,34.28349452139203,0.022753769695022207,-452.60000000000036
2021-03-01,14702.5,14806.8,14638.55,14761.55,1,0.015995429877177836,14815.570000000002,14980.86,14876.809617223389,14767.644252043829,41.68956864619429,0.022773013357351657,85.84999999999854
2021-03-02,14865.3,14959.1,14760.8,14919.1,1,0.010672998431736636,14857.829999999998,14994.4225,14883.315829958252,14778.863196336879,45.829995549621735,0.02316129982392982,211.3000000000011
2021-03-03,15064.4,15273.15,14995.8,15245.6,0,0.02188469813862759,14910.55,15017.204999999998,14939.051856118522,14813.436292904516,51.44213507799101,0.02374404386546204,263.60000000000036
2021-03-04,15026.75,15202.35,14980.2,15080.75,0,-0.010812955869234475,14907.23,15026.459999999997,14960.851570561827,14833.237308244923,48.449211925381846,0.024403246437637215,-16.600000000000364
2021-03-05,14977.95,15092.35,14862.1,14938.1,1,-0.009459078626726125,14989.02,15027.1525,14957.35132893693,14841.004915041594,42.90183956574185,0.014959418737038623,408.9500000000007
2021-03-08,15002.45,15111.15,14919.9,14956.2,1,0.0012116668117096996,15027.95,15019.1725,14957.174201408172,14849.537884297773,43.30904800254715,0.013822804077772298,194.65000000000146
2021-03-09,15049.9,15126.85,14925.45,15098.4,1,0.009507762666987496,15063.810000000001,15018.627499999999,14978.901247345377,14867.97211509053,47.959221364459054,0.013663672447030893,179.29999999999927
2021-03-10,15202.15,15218.45,15100.85,15174.8,0,0.005060138822656768,15049.65,15022.0425,15009.03951698455,14890.700106565304,51.0366589327146,0.008941873753492277,-70.80000000000109
2021-03-12,15321.15,15336.3,14953.6,15030.95,0,-0.009479531855444479,15039.689999999999,15014.925,15012.41036052539,14901.088987560466,50.91097615168125,0.008585022939163463,-49.79999999999927
2021-03-15,15048.4,15048.4,14745.85,14929.5,0,-0.00674940705677296,15037.970000000001,15003.235,14999.65492044456,14903.193507000431,55.084542030611416,0.007950571132411422,-8.600000000000364
2021-03-16,14996.1,15051.6,14890.65,14910.45,0,-0.0012759971867778441,15028.820000000002,14983.022500000001,14985.931086530014,14903.7310250004,54.081160004027815,0.007926561518307892,-45.75
2021-03-17,14946.55,14956.55,14696.05,14721.3,0,-0.012685733830971047,14953.4,14953.414999999999,14945.218611679244,14890.21761574111,44.563540059223406,0.007022612007379714,-377.10000000000036
2021-03-18,14855.5,14875.2,14478.6,14557.85,1,-0.011102959657095401,14830.01,14920.8625,14885.623440651667,14865.59779235288,38.97088887071714,0.00447814067777308,-616.9499999999989
2021-03-19,14471.15,14788.25,14350.1,14744.0,0,0.012786915650319308,14772.62,14902.115000000002,14863.835219012948,14856.59054847489,55.20533010296791,0.010277216314175453,-286.9500000000007
2021-03-22,14736.3,14763.9,14597.85,14736.4,1,-0.0005154639175257714,14734.0,14889.8475,14844.229800703264,14847.687544884157,49.316185866934944,0.010208688054433868,-193.10000000000036
2021-03-23,14768.55,14878.6,14707.0,14814.75,0,0.005316766645856452,14714.86,14896.8,14839.694446748916,14845.247726744588,47.03509021167778,0.010823046014477297,-95.70000000000073
2021-03-24,14712.45,14752.35,14535.0,14549.4,0,-0.01791120336151475,14680.48,14888.880000000001,14795.033762633699,14823.333080319064,29.506652537383687,0.012349244908967891,-171.89999999999964
2021-03-25,14570.9,14575.6,14264.4,14324.9,1,-0.015430189561081553,14633.89,14856.025,14722.705491459285,14786.41211140654,28.505616379923183,0.013241113780297891,-232.95000000000073
2021-03-26,14506.3,14572.9,14414.25,14507.3,1,0.012733073180266397,14586.55,14826.522500000001,14689.566185080932,14765.73714019124,38.020022246941004,0.01322492402249492,-236.70000000000073
2021-03-30,14628.5,14876.3,14617.6,14845.1,0,0.023284829017115705,14608.289999999999,14842.320000000002,14713.49446429925,14771.615870547445,47.3768711337772,0.017879498638780137,108.70000000000073
2021-03-31,14811.85,14813.75,14670.25,14690.7,1,-0.010400738290749056,14583.48,14838.7775,14709.987623637828,14765.622102358746,40.42912812808115,0.018435420967075986,-124.04999999999927
2021-04-01,14798.4,14883.2,14692.45,14867.35,0,0.012024614211712192,14647.070000000002,14836.189999999999,14734.197220001239,14773.157502184024,43.10696589915479,0.016556727752993407,317.9500000000007
2021-04-05,14837.7,14849.85,14459.5,14637.8,1,-0.015439873279367244,14709.65,14805.8,14719.366878462586,14763.131020540763,41.51175594274239,0.01655963382815728,312.89999999999964
2021-04-06,14737.0,14779.1,14573.9,14683.5,1,0.0031220538605529757,14744.89,14785.9375,14713.84889716065,14757.232426426632,44.55776293084378,0.01590110683135564,176.20000000000073
2021-04-07,14716.45,14879.8,14649.85,14819.05,1,0.009231450267306762,14739.679999999998,14779.985,14730.033682212857,14761.811505950585,48.077084911217675,0.01210057341484436,-26.05000000000109
2021-04-08,14875.65,14984.15,14821.1,14873.8,0,0.0036945688151399647,14776.3,14775.865,14752.151577257033,14770.106949954246,53.400677905628406,0.010720076604406341,183.09999999999854
2021-04-09,14882.65,14918.45,14785.65,14834.85,0,-0.0026186986513196953,14769.8,14762.6875,14764.874411525183,14774.902731439117,56.5401142749209,0.009394886659098071,-32.5
2021-04-12,14644.65,14652.5,14248.7,14310.8,1,-0.035325601539617946,14704.4,14719.4875,14695.016809752076,14740.524751332516,41.17934517022316,0.017800867157946022,-327.0
2021-04-13,14364.9,14528.9,14274.9,14504.8,1,0.013556195321016373,14668.659999999998,14693.180000000002,14665.752685174833,14723.063658641218,45.616956850870544,0.019436561996605137,-178.70000000000073
2021-04-15,14522.4,14597.55,14353.2,14581.45,1,0.005284457558877076,14621.14,14675.7775,14652.783041301784,14712.573758001128,45.581941446047814,0.018924940744600847,-237.59999999999854
2021-04-16,14599.6,14697.7,14559.0,14617.85,0,0.002496322382204763,14569.95,14661.147500000001,14647.408727255355,14705.557183334377,51.419329421278555,0.018825000711904915,-255.9499999999989
2021-04-19,14306.6,14382.3,14191.4,14359.45,0,-0.017677018166146197,14474.87,14643.055000000002,14603.107384600684,14679.919614198496,50.70647173090688,0.0198605138181556,-475.39999999999964
2021-04-20,14526.7,14526.95,14207.3,14296.4,1,-0.00439083669639162,14471.99,14629.982499999998,14555.921633123657,14651.510753887496,45.466271120856455,0.011721530721833915,-14.399999999999636
2021-04-22,14219.15,14424.75,14151.4,14406.15,0,0.0076767577851766244,14452.26,14613.09,14532.879843412325,14633.335883229163,39.53809852944681,0.010199349082563296,-98.64999999999964
2021-04-23,14326.35,14461.15,14273.3,14341.35,1,-0.00449807894545029,14404.240000000002,14593.3375,14503.413713656582,14611.707299286263,41.30212871903398,0.009531634667933886,-240.10000000000036
2021-04-26,14449.45,14557.5,14421.3,14485.0,1,0.010016490776670217,14377.670000000002,14576.85,14500.580834632494,14602.321573413206,40.321478293886855,0.011129992376638352,-132.85000000000036
2021-04-27,14493.8,14667.55,14484.85,14653.05,1,0.011601656886434109,14436.39,14582.032499999998,14524.037629304417,14606.079234641857,50.39843239712606,0.007907155259315955,293.59999999999854
2021-04-28,14710.5,14890.25,14694.95,14864.55,1,0.014433855067716328,14550.02,14609.015000000003,14576.42414787297,14625.225217260977,54.35310523911421,0.007324970155218046,568.1499999999996
2021-04-29,14979.0,15044.35,14814.45,14894.9,0,0.0020417705211392967,14647.769999999999,14628.394999999999,14625.420432815588,14645.201127093496,51.92088535467369,0.007777083450412273,488.75
2021-04-30,14747.35,14855.45,14601.7,14631.1,1,-0.017710760058812003,14705.720000000001,14617.695000000002,14626.294212382421,14644.156599160644,44.442154438032446,0.013019323191518961,289.75
2021-05-03,14481.05,14673.85,14416.25,14634.15,0,0.0002084600611027554,14735.55,14614.867499999998,14627.502795092818,14643.41536959319,45.32712456344585,0.012633802555693905,149.14999999999964
2021-05-04,14687.25,14723.4,14461.5,14496.5,1,-0.009406080981813059,14704.24,14596.325,14607.348518924693,14632.532749623322,55.272273011186215,0.012175029351739189,-156.54999999999927
2021-05-05,14604.15,14637.9,14506.6,14617.85,1,0.008370986100093125,14654.9,14595.327500000003,14608.964131397817,14631.445138540112,53.3477449732003,0.010271440349937428,-246.6999999999989
2021-05-06,14668.35,14743.9,14611.5,14724.8,1,0.007316397418224874,14620.88,14597.392500000002,14626.785034259692,14638.360313463067,54.17018181818178,0.011187155129419583,-170.10000000000036
2021-05-07,14816.85,14863.05,14765.5,14823.15,1,0.006679207866999937,14659.289999999999,14597.597499999998,14656.995028988971,14652.048438391728,55.76458696018418,0.007450643522775523,192.04999999999927
2021-05-10,14928.25,14966.9,14892.5,14942.35,0,0.008041475664754216,14720.929999999998,14601.025,14700.895793759899,14673.55225777012,67.75510204081633,0.007634427020755035,308.2000000000007
2021-05-11,14789.7,14900.0,14771.4,14850.75,0,-0.006130227173101965,14791.779999999999,14601.820000000002,14723.950287027606,14686.678016453814,66.59680847878809,0.006176107419772177,354.25
2021-05-12,14823.55,14824.05,14649.7,14696.5,0,-0.0103866808073666,14807.51,14621.105000000001,14719.727165946437,14687.405570790568,58.46723630107028,0.00869159337009221,78.64999999999964
2021-05-14,14749.4,14749.65,14591.9,14677.8,1,-0.001272411798727613,14798.109999999997,14629.755,14713.276832723908,14686.694047028304,60.08271149869637,0.007976147222925004,-47.0
2021-05-17,14756.25,14938.0,14725.35,14923.15,1,0.01671572033956048,14818.11,14646.840000000002,14745.565012304845,14704.209302803985,62.37606982459113,0.010971009897600671,100.0
2021-05-18,15067.2,15137.25,15043.7,15108.1,0,0.012393496011230853,14851.259999999998,14671.352499999999,14801.339625796409,14734.127132225913,62.73187655633588,0.011773570967913264,165.75
2021-05-19,15058.6,15133.4,15008.85,15030.15,0,-0.0051594839854118835,14887.14,14704.8875,14836.54122182773,14756.05475206103,55.007559721802245,0.01160737405367448,179.39999999999964
2021-05-20,15042.6,15069.8,14884.9,14906.05,1,-0.008256737291377658,14929.05,14735.37,14847.23488000808,14767.165511167621,50.31907282873085,0.01104350966553491,209.54999999999927
2021-05-21,14987.8,15190.0,14985.85,15175.3,1,0.018063135438295186,15028.55,14773.8275,14897.706436929913,14797.397695525575,65.52461915901176,0.012511890624271016,497.5
2021-05-24,15211.35,15256.25,15145.45,15197.7,1,0.0014760828451498842,15083.460000000001,14816.645,14943.85929278685,14827.049718079235,65.9010750260997,0.011272492057732758,274.5500000000011
2021-05-25,15291.75,15293.85,15163.4,15208.45,1,0.0007073438744020777,15103.529999999999,14852.817500000001,14984.565555435027,14855.301590814106,71.6378445734431,0.010178645442405994,100.35000000000036
2021-05-26,15257.05,15319.9,15194.95,15301.45,1,0.006115021583396052,15157.789999999999,14885.2375,15033.317008445023,14888.349621124173,71.14052449282528,0.009604245473411413,271.3000000000011
2021-05-27,15323.95,15384.55,15272.5,15337.85,1,0.0023788595198495077,15244.15,14908.9025,15080.168237915019,14921.645945485345,69.82376717865802,0.007190373140462712,431.8000000000011
2021-05-28,15421.2,15469.65,15394.75,15435.65,1,0.0063763826090357245,15296.220000000001,14935.939999999999,15134.857739774247,14959.720319893837,69.81302969528363,0.002656322703043917,260.35000000000036
2021-05-31,15437.75,15606.35,15374.0,15582.8,0,0.00953312623699043,15373.24,14983.525,15203.771933655133,15005.874370272071,70.34918819305429,0.003499348415482399,385.09999999999854
2021-06-01,15629.65,15660.75,15528.3,15574.85,1,-0.000510177888440988,15446.52,15030.560000000001,15260.860866938958,15048.020713214883,74.29865771812078,0.0038946879710982725,366.39999999999964
2021-06-02,15520.35,15597.45,15459.85,15576.2,1,8.667820235830348e-05,15501.470000000001,15084.545000000002,15309.37457971758,15087.145104828594,82.89581931044796,0.004290536436209076,274.75
2021-06-03,15655.55,15705.1,15611.0,15690.35,0,0.007328488334767069,15571.969999999998,15138.169999999998,15367.98618283795,15131.826948915364,85.3408258001466,0.0045114584033715726,352.5
2021-06-04,15712.5,15733.6,15622.35,15670.25,1,-0.0012810421692314167,15618.89,15185.4425,15414.488308555188,15171.710137884596,80.94094259918826,0.005013699484533953,234.60000000000036
2021-06-07,15725.1,15773.45,15678.1,15751.65,0,0.005194556564189989,15652.66,15231.867500000002,15466.359338008237,15214.66864618944,79.15288788221967,0.0038467850595752797,168.85000000000036
2021-06-08,15773.9,15778.8,15680.0,15740.1,0,-0.0007332565159839932,15685.710000000001,15271.755,15508.47328600697,15253.589487212445,84.21940521521192,0.003886637451842859,165.25
2021-06-09,15766.3,15800.45,15566.9,15635.35,1,-0.0066549767790548,15697.540000000003,15310.985,15527.992780467437,15281.868043715225,85.82023575638519,0.005571967818634118,59.149999999999636
2021-06-10,15692.1,15751.25,15648.5,15737.75,1,0.006549261769004167,15707.02,15363.0475,15560.263121933986,15315.637077514097,83.04059214004594,0.005349138597341507,47.399999999999636
2021-06-11,15796.45,15835.55,15749.8,15799.35,1,0.003914155454242119,15732.84,15419.125,15597.045718559526,15351.467664364904,83.78727466726579,0.005393179025935196,129.10000000000036
2021-06-14,15791.4,15823.05,15606.5,15811.85,1,0.0007911717887127967,15744.880000000001,15463.559999999998,15630.09253108883,15385.570059597134,83.81907857863479,0.005016872411677476,60.20000000000073
2021-06-15,15866.95,15901.6,15842.4,15869.25,0,0.0036301887508418673,15770.710000000001,15501.617499999998,15666.885987844395,15421.39820333068,83.14652656158796,0.005068541626746462,129.14999999999964
2021-06-16,15847.5,15880.85,15742.6,15767.55,0,-0.00640862044520063,15797.15,15538.4875,15682.372758945256,15447.039077158037,73.307658928184,0.004967872614132823,132.1999999999989
2021-06-17,15648.3,15769.35,15616.75,15691.4,0,-0.0048295391484409755,15787.88,15577.755,15683.761565261371,15465.139886257442,64.20596567238798,0.00479151939653243,-46.350000000000364
2021-06-18,15756.5,15761.5,15450.9,15683.35,1,-0.0005130198707571365,15764.679999999998,15603.157500000001,15683.698247528853,15481.303598386521,56.60600486170432,0.004114517828875821,-116.0
2021-06-21,15525.85,15765.15,15505.65,15746.5,1,0.004026563202377043,15751.609999999997,15630.5975,15693.360055601337,15500.947776283816,60.5145482388974,0.00476173991428997,-65.35000000000036
2021-06-22,15840.5,15895.75,15752.1,15772.75,0,0.0016670371193598932,15732.309999999998,15658.8125,15705.573893201132,15521.081274336868,61.683409617785166,0.004367820530622021,-96.5
2021-06-23,15862.8,15862.95,15673.95,15686.95,1,-0.005439761614176253,15716.189999999999,15678.0875,15702.708678862497,15533.367846608211,49.79084645669294,0.004092427558650941,-80.59999999999854
2021-06-24,15737.3,15821.4,15702.7,15790.45,1,0.006597840880476991,15736.0,15700.717499999999,15716.20734365288,15552.410969081677,56.70609239009156,0.004591900550662853,99.05000000000109
2021-06-25,15839.35,15870.8,15772.3,15860.35,0,0.004426726280758242,15771.4,15721.952500000003,15738.383136937053,15575.22126766822,56.14332542104674,0.004644086359546735,177.0
2021-06-28,15915.35,15915.65,15792.15,15814.7,0,-0.002878246696951803,15785.039999999999,15733.547499999997,15750.12419279289,15592.96043302613,54.059643012625195,0.004998901497652252,68.20000000000073
2021-06-29,15807.5,15835.9,15724.05,15748.45,0,-0.004189140483221276,15780.180000000002,15742.227499999999,15749.866624670907,15604.478178727897,56.42394638191529,0.00543396744204494,-24.299999999999272
2021-06-30,15776.9,15839.1,15708.75,15721.5,0,-0.0017112795227467448,15787.090000000002,15749.492499999998,15745.50252856769,15613.146461785089,48.9904951233149,0.004766557345631166,34.54999999999927
2021-07-01,15755.05,15755.55,15667.05,15680.0,1,-0.002639697229908089,15765.0,15748.975,15735.425216480351,15618.098575726934,42.39566741000315,0.0033744994910511377,-110.45000000000073
2021-07-02,15705.85,15738.35,15635.95,15722.2,1,0.0026913265306123257,15737.37,15751.5725,15733.390567791066,15625.809792339754,44.49628583706797,0.002633471247122008,-138.14999999999964
2021-07-05,15793.4,15845.95,15762.05,15834.35,0,0.007133225630000961,15741.3,15755.707499999999,15748.922788130902,15641.257215129403,47.99240681086059,0.004616318035686527,19.649999999999636
2021-07-06,15813.75,15914.2,15801.0,15818.25,1,-0.0010167768174885738,15755.26,15759.615,15759.588513033841,15654.367791786484,53.23506891271062,0.004033728108549573,69.79999999999927
2021-07-07,15819.6,15893.55,15779.7,15879.65,0,0.0038815924644002298,15786.89,15771.829999999998,15778.059511028634,15671.055362765263,62.242309943422015,0.0039049829468580004,158.14999999999964
2021-07-08,15855.4,15885.75,15682.9,15727.9,0,-0.009556255962820392,15796.470000000001,15771.3375,15770.342663178075,15675.266076634502,52.44096213906084,0.006395027200876498,47.899999999999636
2021-07-09,15688.25,15730.85,15632.75,15689.8,1,-0.0024224467347834233,15789.99,15765.86,15757.9514842276,15676.342663550466,46.80563380281686,0.006391188765047725,-32.400000000001455
2021-07-12,15766.8,15789.2,15644.75,15692.6,1,0.00017845989113962624,15761.64,15759.897500000001,15747.897409731046,15677.546910694875,45.361958220010436,0.004933415338132428,-141.75
2021-07-13,15794.0,15820.8,15744.6,15812.35,1,0.007630985305175697,15760.460000000001,15757.052500000002,15757.813192849346,15687.532324717477,56.982182628062326,0.006528864194776733,-5.899999999999636
2021-07-14,15808.7,15877.35,15764.2,15853.95,1,0.0026308549962530403,15755.320000000002,15761.372499999998,15772.603470872524,15699.859559923589,53.79739265638081,0.0063620382431293435,-25.69999999999891
2021-07-15,15872.15,15952.35,15855.0,15924.2,0,0.004431072382592438,15794.580000000002,15773.0125,15795.926013815213,15716.47737029962,53.81672544682887,0.003863051979932799,196.3000000000011
2021-07-16,15958.35,15962.25,15882.6,15923.4,0,-5.023800253711741e-05,15841.3,15785.015,15815.53739630518,15731.804972499649,56.86584133400697,0.0031972215666327304,233.60000000000036
2021-07-19,15754.5,15836.9,15707.5,15752.4,0,-0.010738912543803436,15853.26,15785.309999999998,15805.823950719769,15733.330530092268,50.22033803759686,0.007019021155291628,59.79999999999927
2021-07-20,15703.95,15728.45,15578.55,15632.1,1,-0.00763693151519762,15817.210000000001,15778.2775,15779.097189070573,15725.831972307657,45.48347984237651,0.006602584486184589,-180.25
2021-07-22,15736.6,15834.8,15726.4,15824.05,1,0.012279220322285456,15811.23,15785.132500000002,15786.01300613664,15733.10738176635,56.317151252028204,0.009266530594131326,-29.900000000001455
2021-07-23,15856.8,15899.8,15768.4,15856.05,0,0.002022238301825352,15797.6,15788.4125,15796.787928269465,15742.214242376249,55.922828443736385,0.009015482311288929,-68.15000000000146
2021-07-26,15849.3,15893.35,15797.0,15824.45,0,-0.001992930143383642,15777.810000000001,15786.617499999998,15801.043631612625,15748.305779978007,49.52830188679247,0.00901561107128913,-98.94999999999891
2021-07-27,15860.5,15881.55,15701.0,15746.45,0,-0.004929081263487789,15776.62,15783.205000000002,15792.644611364529,15748.168314794451,46.76954917664,0.0077692627620988925,-5.949999999998909
2021-07-28,15761.55,15767.5,15513.45,15709.4,1,-0.0023529112911164773,15792.079999999998,15781.252499999999,15779.837748077678,15745.29658777264,42.16845301071807,0.0067753097898105175,77.29999999999927
2021-07-29,15762.7,15817.35,15737.8,15778.45,0,0.004395457496785493,15782.960000000001,15784.1,15779.62424837342,15747.752396085778,52.5168035847648,0.0037276181888320063,-45.599999999998545
2021-07-30,15800.6,15862.8,15744.85,15763.05,1,-0.0009760147543010911,15764.36,15788.252499999999,15777.07436400828,15748.885551931276,53.731343283582085,0.0034358087296564154,-93.0
2021-08-02,15874.9,15892.9,15834.65,15885.15,1,0.007745962868860978,15776.5,15796.4,15793.701384930084,15758.979214751182,58.745514829449924,0.005174177384486006,60.69999999999891
2021-08-03,15951.55,16146.9,15914.35,16130.75,1,0.015460980853186701,15853.36,15811.220000000001,15845.555018017763,15786.51779143628,62.97790820901602,0.00719392787807908,384.2999999999993
2021-08-04,16195.25,16290.2,16176.15,16258.8,1,0.007938254575887704,15963.24,15833.247500000001,15909.131169091954,15821.501658737296,65.41522293721198,0.005987226502647581,549.3999999999996
2021-08-05,16288.95,16349.45,16210.3,16294.6,0,0.002201884517922581,16066.470000000001,15853.995,15968.43406615473,15856.54598031231,64.4834597638226,0.006290497718020144,516.1499999999996
2021-08-06,16304.4,16336.75,16223.3,16238.2,1,-0.0034612693775851744,16161.5,15879.509999999998,16009.93651751554,15884.816648437325,61.79644757550779,0.007075557709131527,475.15000000000146
2021-08-09,16281.35,16320.75,16179.05,16258.25,1,0.0012347427670553746,16236.12,15907.932499999999,16048.138591743918,15912.47837818271,71.37364262475177,0.007265272926057752,373.10000000000036
2021-08-10,16274.8,16359.25,16202.25,16280.1,1,0.0013439330801285898,16265.99,15937.3075,16083.824962244853,15939.709609428435,79.86450364088853,0.004063092501377913,149.35000000000036
2021-08-11,16327.3,16338.75,16162.55,16282.25,1,0.00013206307086566227,16270.680000000002,15960.8025,16114.35189113026,15965.082971692997,75.59490559713996,0.0022223625881737856,23.450000000000728
2021-08-12,16303.65,16375.5,16286.9,16364.4,1,0.005045371493497486,16284.64,15986.325,16152.820830956374,15994.662010826847,76.88971171647708,0.003045292013483536,69.79999999999927
2021-08-13,16385.7,16543.6,16376.3,16529.1,1,0.01006453032191823,16342.820000000002,16016.570000000002,16210.709933886163,16034.250010024858,82.67260165994327,0.0040799412789064935,290.8999999999978
2021-08-16,16518.4,16589.4,16480.75,16563.05,1,0.0020539533307923907,16403.78,16048.5525,16264.916097903675,16073.420379652645,89.47597408875549,0.0039781922369169056,304.7999999999993
2021-08-17,16545.25,16628.55,16495.4,16614.6,0,0.0031123494766964743,16470.68,16091.6625,16318.71362130311,16113.507758937636,93.1540808543096,0.003787279705175558,334.4999999999982
2021-08-18,16691.95,16701.85,16535.85,16568.85,0,-0.002753602253439791,16527.999999999996,16138.5,16357.196141102631,16147.236813831143,88.5372988785957,0.004659130666466748,286.59999999999854
2021-08-20,16382.5,16509.55,16376.05,16450.5,1,-0.007142921808091618,16545.219999999998,16169.8225,16371.550580932995,16169.700753547353,80.45992290309728,0.006482917954735121,86.10000000000036
2021-08-23,16592.25,16592.5,16395.7,16496.45,1,0.0027932281693565653,16538.690000000002,16201.842500000002,16390.76587617407,16193.904401432736,79.0458994583295,0.004459844056715538,-32.64999999999782
2021-08-24,16561.4,16647.1,16495.3,16624.6,1,0.007768338036365341,16551.0,16241.85,16426.740356762675,16225.807779104383,76.41332834144521,0.00577896700443872,61.54999999999927
2021-08-25,16654.0,16712.45,16617.5,16634.65,1,0.0006045258231779371,16555.01,16286.26,16458.726455722262,16256.092388059615,73.00605986411232,0.005630185336339242,20.05000000000291
2021-08-26,16627.95,16683.7,16603.4,16636.9,1,0.00013525983414131026,16568.620000000003,16332.635,16486.13777022653,16284.300359314459,71.84986595174277,0.005387387353789241,68.05000000000291
2021-08-27,16642.55,16722.05,16565.6,16705.2,1,0.004105332123171879,16619.56,16378.9725,16519.83965173014,16315.47811047635,79.36368209255544,0.003078697602001687,254.70000000000073
2021-08-30,16775.85,16951.5,16764.85,16931.05,1,0.013519742355673658,16706.480000000003,16437.3725,16583.102782233196,16361.076028218842,83.6063936063937,0.005562805011890428,434.59999999999854
2021-08-31,16947.5,17153.5,16915.85,17132.2,0,0.01188053900968944,16808.0,16499.725,16667.579277274242,16418.196322424854,86.0967550622724,0.006289103774809721,507.6000000000022
2021-09-01,17185.6,17225.75,17055.05,17076.25,1,-0.0032657802267076486,16896.32,16547.0,16730.451696155127,16466.941039282272,82.16919212381497,0.007285926518188587,441.59999999999854
2021-09-02,17095.4,17245.5,17059.7,17234.15,1,0.009246760852060776,17015.77,16595.7675,16807.943742900494,16523.77133266877,83.2003664541742,0.006802437554834319,597.25
2021-09-03,17262.45,17340.1,17212.2,17323.6,1,0.005190276282845296,17139.45,16647.2175,16887.275474761955,16583.01790061923,82.1764134132513,0.006699664783074097,618.3999999999978
2021-09-06,17399.35,17429.55,17345.55,17377.8,0,0.0031286799510494845,17228.8,16704.197500000002,16962.74078633704,16641.89064872151,82.4640395266367,0.005851479656648157,446.75
2021-09-07,17401.55,17436.5,17287.0,17362.1,0,-0.0009034515301131751,17274.78,16759.390000000003,17024.18066536211,16695.239489556952,80.66037735849056,0.004945163639993075,229.89999999999782
2021-09-08,17375.75,17383.4,17254.2,17353.5,1,-0.0004953317859014428,17330.23,16813.06,17074.845178383322,16743.99952736755,83.19583703515684,0.004213603598009099,277.25
2021-09-09,17312.85,17379.65,17302.7,17369.25,0,0.0009075978909154347,17357.25,16867.41,17120.13822786281,16790.314377192175,92.56428075052119,0.0025670079440048644,135.09999999999854
2021-09-13,17363.55,17378.35,17269.15,17355.3,1,-0.0008031434863337017,17363.59,16916.955,17156.316962037763,16832.165164066828,91.00501312962514,0.0017063133596593777,31.700000000000728
2021-09-14,17420.35,17438.55,17367.05,17380.0,1,0.0014231963722897145,17364.03,16959.5,17190.729737108875,16872.7455222841,90.0190718372536,0.0010668315455383392,2.2000000000007276
2021-09-15,17387.65,17532.7,17386.9,17519.45,1,0.008023590333716912,17395.5,17007.32,17241.30208524597,16920.649557670466,91.22251211330594,0.003595682062814286,157.35000000000218
2021-09-16,17539.2,17644.6,17510.45,17629.5,0,0.006281589890093642,17450.7,17058.065000000002,17301.024841361977,16973.156997843023,92.02370872142247,0.003781366393142124,276.0
2021-09-17,17709.65,17792.95,17537.65,17585.15,0,-0.0025156697580758225,17493.879999999997,17108.879999999997,17344.736404229367,17018.489812817614,88.02558229981423,0.004528687519032089,215.90000000000146
2021-09-20,17443.85,17622.75,17361.8,17396.9,1,-0.010705055117528173,17502.2,17156.2,17352.761572809464,17046.520197053345,70.80709276877046,0.0075088447392972464,41.60000000000218
2021-09-21,17450.5,17578.35,17326.1,17562.0,0,0.009490196529266637,17538.6,17209.4775,17384.952100069546,17084.703886160507,69.83570241831272,0.008550765323785433,182.0
2021-09-22,17580.9,17610.45,17524.0,17546.65,1,-0.0008740462361916945,17544.04,17255.579999999998,17409.828700058846,17118.922116815284,72.55466052934423,0.007915972490273692,27.200000000000728
2021-09-23,17670.85,17843.9,17646.55,17822.95,1,0.01574659550398505,17582.730000000003,17314.995,17473.385823126715,17171.072330384523,75.35308301756814,0.01042689947097654,193.45000000000073
2021-09-24,17897.45,17947.65,17819.4,17853.2,1,0.0016972498940972525,17636.340000000004,17375.81,17531.818773414914,17221.600305911594,74.02903811252287,0.010113197803138428,268.0499999999993
2021-09-27,17932.2,17943.5,17802.9,17855.1,0,0.00010642349830836118,17727.980000000003,17433.305,17581.554346735695,17268.526209177402,72.7350671620464,0.007154347305615321,458.1999999999971
2021-09-28,17906.45,17912.85,17576.1,17748.6,0,-0.005964682359661966,17765.3,17474.182500000003,17607.253678007128,17304.087230719815,66.94432266549771,0.00812774917309184,186.59999999999854
2021-09-29,17657.95,17781.75,17608.15,17711.3,0,-0.002101574208669965,17798.23,17503.1375,17623.26080446757,17334.251139555385,65.30106055422516,0.008259116250673828,164.64999999999782
2021-09-30,17718.9,17742.15,17585.35,17618.15,0,-0.005259354197602484,17757.27,17530.232500000002,17622.47452685717,17355.280684773505,59.983154179368015,0.003316467675786436,-204.79999999999927
2021-10-01,17531.9,17557.15,17452.9,17532.05,1,-0.004887005729886651,17693.039999999997,17545.1275,17608.56306118684,17368.374708123614,56.701421800947905,0.0025486350451930846,-321.15000000000146
2021-10-04,17615.55,17750.9,17581.35,17691.25,1,0.009080512547021025,17660.27,17563.510000000002,17621.284128696556,17392.291396410754,60.708756236022765,0.0062712503736547034,-163.84999999999854
2021-10-05,17661.35,17833.45,17640.9,17822.3,0,0.007407616759697477,17675.01,17585.735,17652.209647358624,17424.143885565514,60.480326677509794,0.0068864520780405475,73.70000000000073
2021-10-06,17861.5,17884.6,17613.15,17646.0,1,-0.00989210146838504,17661.95,17599.93,17651.25431699576,17440.57767181992,50.545959896763954,0.008429187766729131,-65.29999999999927
2021-10-07,17810.55,17857.55,17763.8,17790.35,1,0.00818032415278247,17696.39,17621.7725,17672.653652842568,17466.486733166592,56.36831978151568,0.008752469080059937,172.1999999999971
2021-10-08,17886.85,17941.85,17840.35,17895.2,1,0.005893644588217839,17769.019999999997,17648.07,17706.89155240525,17498.24327145055,66.30883026772275,0.007927565258244,363.15000000000146
2021-10-11,17867.55,18041.95,17839.1,17945.95,1,0.0028359560105504222,17819.96,17677.6025,17743.669775112136,17531.40673282458,63.58297661584187,0.007429723913173456,254.70000000000073
2021-10-12,17915.8,18008.65,17864.95,17991.95,1,0.0025632524330001516,17853.890000000003,17708.2,17781.86673278719,17565.521048911647,65.41897506925208,0.006995711693439842,169.65000000000146
2021-10-13,18097.85,18197.8,18050.75,18161.75,1,0.009437554017213134,17957.04,17740.315,17840.310312358393,17609.68615639967,62.66542056074767,0.0030889727017879226,515.75
2021-10-14,18272.85,18350.75,18248.7,18338.55,1,0.009734744724489541,18066.68,17775.767499999998,17916.962571995562,17663.676070740436,66.35221185270038,0.003448026327623862,548.2000000000007
2021-10-18,18500.1,18543.15,18445.3,18477.05,0,0.007552396454463484,18183.05,17820.3625,18003.129868611628,17723.92599142633,69.18828864961594,0.0035033999701174876,581.8499999999985
2021-10-19,18602.35,18604.45,18377.7,18418.75,0,-0.0031552655862272516,18277.61,17871.454999999998,18067.071427286763,17775.39443650586,71.30910362809637,0.005495769343040636,472.7999999999993
2021-10-20,18439.9,18458.3,18209.35,18266.6,0,-0.008260604004072025,18332.54,17906.685,18097.768130781107,17811.780033801722,66.4552835891661,0.008249130621309919,274.6499999999978
2021-10-21,18382.7,18384.2,18048.0,18178.1,0,-0.004844908193095576,18335.81,17938.2575,18110.126879891708,17838.914846112704,66.63893263602046,0.007957067260047225,16.349999999998545
2021-10-22,18230.7,18314.25,18034.35,18114.9,1,-0.0034767109873967694,18291.079999999998,17952.855000000003,18110.861206062214,17859.358190845094,67.55836722397962,0.0059392198851160385,-223.64999999999782
2021-10-25,18229.5,18241.4,17968.5,18125.4,1,0.0005796333405096998,18220.75,17966.465,18113.097943591107,17879.064991523235,64.36583832434408,0.003189248500549948,-351.6499999999978
2021-10-26,18154.5,18310.45,18099.3,18268.4,0,0.00788948105972831,18190.68,17987.13,18136.990567654015,17907.904621780774,64.64543663821416,0.006188974320787646,-150.34999999999854
2021-10-27,18295.85,18342.05,18167.9,18210.95,0,-0.0031447745834337626,18179.55,18010.2475,18148.36894186109,17930.35242757479,70.11715272584843,0.005153479682565469,-55.64999999999782
2021-10-28,18187.65,18190.7,17799.45,17857.25,0,-0.019422380490858537,18115.38,18017.545000000002,18103.581412344,17924.937432939623,52.073132940811945,0.01000014371660579,-320.84999999999854
2021-10-29,17833.05,17915.85,17613.1,17671.65,1,-0.010393537638774042,18026.73,18020.219999999998,18037.13042582954,17906.175400870023,43.40268555407999,0.010461315647559146,-443.25
2021-11-01,17783.15,17954.1,17697.1,17929.65,0,0.014599655380227672,17987.58,18040.1,18020.59497570192,17907.914260064834,49.57139100709968,0.013680343985239742,-195.75
2021-11-02,17970.9,18012.25,17847.6,17888.95,0,-0.0022699829611844136,17911.69,18049.985,18000.341902517008,17906.50950006003,47.28404176774602,0.012533146611604581,-379.4500000000007
2021-11-03,17947.95,17988.75,17757.95,17829.2,1,-0.0033400507016901892,17835.34,18050.329999999998,17974.012379052852,17900.782870425955,40.69087142737173,0.012529627515265616,-381.75
2021-11-04,17935.05,17947.55,17900.6,17916.8,1,0.004913288313552977,17847.25,18063.870000000003,17965.210474583182,17901.96932446848,37.573293261439616,0.009475779471087218,59.54999999999927
2021-11-08,18040.2,18087.8,17836.1,18068.55,0,0.008469704411502077,17926.63,18077.780000000002,17981.108863108846,17914.308633767112,38.05695240322766,0.007503802669778812,396.8999999999978
2021-11-09,18084.35,18112.6,17983.05,18044.25,0,-0.0013448782553109329,17949.55,18085.232500000002,17990.822884169025,17923.933920154734,38.828898699439186,0.005141247639287497,114.59999999999854
2021-11-10,17973.45,18061.25,17915.0,18017.2,0,-0.0014990925086938445,17975.2,18088.795000000002,17994.880901989174,17930.84251866179,41.96054412997231,0.005018046731368238,128.25
2021-11-11,17967.45,17971.35,17798.2,17873.6,1,-0.007970161845347934,17984.079999999998,18082.8775,17976.22230168315,17926.60233209425,40.52110571535298,0.006366630626237281,44.39999999999782
2021-11-12,17977.6,18123.0,17905.9,18102.75,1,0.012820584549279479,18021.27,18079.927499999998,17995.688101424203,17939.650307494678,49.657196061281454,0.008392448485629655,185.95000000000073
2021-11-15,18140.95,18210.15,18071.3,18109.45,0,0.00037010951374805146,18029.45,18068.4725,18013.189931974324,17952.228062495073,49.54901461814684,0.007598588949289157,40.900000000001455
2021-11-16,18127.05,18132.65,17958.8,17999.2,0,-0.0060879816891180605,18020.44,18044.58,18011.037634747503,17955.707465273215,42.24475685641852,0.008158102479840805,-45.04999999999927
2021-11-17,17939.35,18022.65,17879.25,17898.65,0,-0.005586359393750739,17996.73,18018.575,17993.747229401735,17951.480986364088,41.2211165457919,0.00848481661009728,-118.54999999999927
2021-11-18,17890.55,17945.6,17688.5,17764.8,0,-0.00747821763093881,17974.969999999998,17993.484999999997,17958.524578724544,17937.652765151935,47.034672996118914,0.008390325894645117,-108.79999999999927
2021-11-22,17796.25,17805.25,17280.45,17416.55,1,-0.019603372962262444,17837.730000000003,17955.4075,17875.143874305384,17899.052560325865,42.59076386871909,0.00731316646865622,-686.2000000000007
2021-11-23,17281.75,17553.7,17216.1,17503.35,0,0.004983765441491039,17716.51,17924.829999999998,17817.94481671994,17869.741259560986,36.25104818422234,0.008735172841693213,-606.1000000000022
2021-11-24,17550.05,17600.6,17354.0,17415.05,1,-0.005044748576701008,17599.68,17889.3125,17755.960998763025,17836.06042551943,35.17116215032226,0.008767470775889795,-584.1500000000015
2021-11-25,17417.3,17564.35,17351.7,17536.25,0,0.006959497675860904,17527.2,17852.704999999998,17722.159306645637,17813.852245851325,41.17274836532376,0.010694235277976593,-362.40000000000146
2021-11-26,17338.75,17355.4,16985.7,17026.45,1,-0.02907120963718013,17379.53,17793.48,17615.127105623233,17755.526153566043,28.613292978789914,0.015645298837463247,-738.3499999999985
2021-11-29,17055.8,17160.7,16782.4,17053.95,0,0.0016151341001793273,17307.010000000002,17753.315,17528.792166296582,17703.557549598187,24.081643079752794,0.014679434927688325,-362.59999999999854
2021-11-30,17051.15,17324.65,16931.4,16983.2,1,-0.004148599004922593,17202.980000000003,17718.8925,17444.85490994326,17650.19773110943,23.523393636930834,0.013807068146217233,-520.1499999999978
2021-12-01,17104.4,17213.05,17064.25,17166.9,1,0.010816571670827724,17153.35,17680.754999999997,17402.092616105834,17614.397899175397,30.32077393075363,0.0157491390869105,-248.14999999999782
2021-12-02,17183.2,17420.35,17149.3,17401.65,0,0.013674571413592407,17126.43,17656.39,17402.02452132032,17598.638795532777,39.51944216206622,0.017020769824910173,-134.59999999999854
2021-12-03,17424.9,17489.8,17180.8,17196.7,0,-0.011777618789022948,17160.480000000003,17624.765,17370.436133424886,17568.86555141924,29.66080768626398,0.010509486671822882,170.25
2021-12-06,17209.05,17216.75,16891.7,16912.25,1,-0.016540964254769808,17132.14,17574.5375,17299.945959051827,17520.22736242522,26.10474631751228,0.013423816177454523,-141.70000000000073
2021-12-07,17044.1,17251.65,16987.75,17176.7,1,0.01563659477597601,17170.840000000004,17529.945,17280.985042274624,17494.780891134462,34.53540405369836,0.015271867907727298,193.5
2021-12-08,17315.25,17484.6,17308.95,17469.75,1,0.017060902268771105,17231.410000000003,17501.22,17310.025805001605,17492.92675105043,42.48018795146923,0.01635314588582684,302.84999999999854
2021-12-09,17524.4,17543.25,17379.6,17516.85,0,0.002696088953762832,17254.45,17476.2025,17341.844911924436,17494.698843565213,45.51635594293049,0.015371654493860635,115.19999999999709
2021-12-10,17476.05,17534.35,17405.25,17511.3,0,-0.0003168377876159312,17317.370000000003,17458.0875,17367.914925474524,17495.928558856678,51.95574545379487,0.013673287875880909,314.59999999999854
2021-12-13,17619.1,17639.5,17355.95,17368.25,0,-0.008169010867268511,17408.57,17421.3625,17367.96647540152,17486.47088783026,47.2746711853466,0.010780471197978087,456.0
2021-12-14,17283.2,17376.2,17225.8,17324.9,0,-0.0024959336720740133,17438.21,17382.135000000002,17361.340863801288,17474.502673916908,48.14784377375552,0.009434050472458311,148.20000000000073
2021-12-15,17323.65,17351.2,17192.2,17221.4,1,-0.0059740604563374156,17388.54,17343.245,17339.811500139553,17455.75432770084,43.48392971708854,0.0043403049361594535,-248.34999999999854
2021-12-16,17373.0,17379.35,17184.95,17248.4,0,0.001567816786091747,17334.85,17310.732500000002,17325.748192425774,17440.39474787115,55.7406305770375,0.003995371967076408,-268.4499999999971
2021-12-17,17276.0,17298.15,16966.45,16985.2,0,-0.015259386377866946,17229.629999999997,17271.7525,17273.35616282181,17406.67661839921,48.41505867164626,0.006323962225607858,-526.0999999999985
2021-12-20,16824.25,16840.1,16410.2,16614.2,1,-0.021842545274709746,17078.82,17231.635000000002,17171.947522387683,17347.974646665938,42.52764165080393,0.009579280606156532,-754.0499999999993
2021-12-21,16773.15,16936.4,16688.25,16770.85,1,0.009428681489328294,16968.010000000002,17195.010000000002,17110.24021125112,17305.22467283883,41.89103417210942,0.012561591800226422,-554.0500000000029
2021-12-22,16865.55,16971.0,16819.5,16955.45,1,0.011007194030117962,16914.82,17172.030000000002,17086.4263325971,17279.315437813733,40.67268698524184,0.014806001274392891,-265.9500000000007
2021-12-23,17066.8,17118.65,17015.55,17072.6,0,0.006909282855954713,16879.66,17148.8475,17084.299204505238,17264.003183160865,47.30697452367513,0.015400513598398152,-175.8000000000029
2021-12-24,17149.5,17155.6,16909.6,17003.75,1,-0.004032777667139054,16883.370000000003,17147.7125,17071.90701919674,17244.725169593396,52.190567392865695,0.013699676466776748,18.549999999999272
2021-12-27,16937.75,17112.05,16833.2,17086.25,1,0.004851870910828504,16977.78,17149.3275,17074.11363162801,17232.986268142035,47.627914295455106,0.005893968905217485,472.0499999999993
2021-12-28,17177.6,17250.25,17161.15,17233.25,0,0.008603409174043453,17070.260000000002,17161.829999999998,17098.596149839086,17233.005803835218,43.283158193694945,0.005771376538344231,462.40000000000146
2021-12-29,17220.1,17285.95,17176.65,17213.6,0,-0.0011402376220388533,17121.890000000003,17164.165,17116.289049863844,17231.568336884462,41.250973716857544,0.005401488310451307,258.1499999999978
2021-12-30,17201.45,17264.05,17146.35,17203.95,1,-0.000560603243946467,17148.16,17154.28,17129.775349884792,17229.52253415228,41.15361367757536,0.005087047347720921,131.35000000000218
2021-12-31,17244.5,17400.8,17238.5,17354.05,1,0.008724740539236553,17218.22,17162.1475,17164.27914221021,17238.746790881738,49.59293658984059,0.004780571496878868,350.2999999999993
2022-01-03,17387.15,17646.65,17383.3,17625.7,1,0.015653406553513438,17326.11,17197.82,17235.26696648556,17267.409991557164,57.62484157160963,0.0070902515868118115,539.4500000000007
2022-01-04,17681.4,17827.6,17593.55,17805.25,1,0.01018682945925553,17440.510000000002,17229.247499999998,17322.95666394932,17307.24999218256,64.25032339947768,0.00725475470971508,572.0
2022-01-05,17820.1,17944.7,17748.85,17925.25,0,0.0067395852346920915,17582.840000000004,17252.0225,17415.617177187887,17353.027770539407,65.80280637855759,0.0058873589627405016,711.6500000000015
2022-01-06,17768.5,17797.95,17655.55,17745.9,1,-0.010005439254682558,17691.23,17263.475,17466.42991915898,17382.129417166117,68.48422996549553,0.009676331151300703,541.9500000000007
2022-01-07,17797.6,17905.0,17704.55,17812.7,1,0.0037642497703693767,17782.960000000003,17278.545000000002,17519.70223928837,17414.02353441307,84.17450812660408,0.009614524516052988,458.65000000000146
2022-01-10,17913.3,18017.45,17879.15,18003.3,1,0.010700230734251415,17858.48,17310.2975,17594.101894782467,17457.673642975064,84.47509021231377,0.008463144911336757,377.59999999999854
2022-01-11,17997.75,18081.25,17964.4,18055.75,1,0.002913354773847132,17908.579999999998,17346.84,17665.124680200548,17501.97559534728,83.23566725064957,0.007791876714648651,250.5
2022-01-12,18170.4,18227.95,18128.8,18212.35,1,0.008673137366213002,17966.0,17396.3875,17749.313190938927,17554.595921617853,83.62590352559388,0.00807763034925264,287.09999999999854
2022-01-13,18257.0,18272.25,18163.8,18257.8,0,0.002495559331991748,18068.379999999997,17446.857500000002,17827.541930794476,17606.685112609124,87.51607981571793,0.00372902067277351,511.8999999999978
2022-01-14,18185.0,18286.95,18119.65,18255.75,1,-0.00011228077862612817,18156.989999999998,17510.385000000002,17893.420095287634,17654.763993156597,86.75592431956767,0.004547650900248727,443.0499999999993
2022-01-17,18235.65,18321.55,18228.75,18308.1,0,0.002867589663530623,18217.95,17595.079999999998,17957.21700370492,17703.159252922775,85.91812865497089,0.003220058263627345,304.7999999999993
2022-01-18,18337.2,18350.95,18085.9,18113.05,0,-0.010653754349167821,18229.41,17662.19,17981.191310827242,17733.521530484053,76.90305985104555,0.007089611743778989,57.29999999999927
2022-01-19,18129.2,18129.2,17884.9,17938.4,0,-0.00964221928388631,18174.62,17711.3375,17974.608032238437,17748.69771341116,69.99428306971944,0.006626977608333672,-273.9499999999971
2022-01-20,17921.0,17943.7,17648.45,17757.0,0,-0.010112384605093117,18074.46,17745.557500000003,17941.129873432525,17749.312697602923,60.78588827324077,0.006403761523459117,-500.7999999999993
2022-01-21,17613.7,17707.6,17485.85,17617.15,0,-0.007875767303035297,17946.739999999998,17776.2275,17891.286815981366,17739.522868150856,49.75376551565247,0.005659500314242142,-638.5999999999985
2022-01-24,17575.15,17599.4,16997.85,17149.1,1,-0.026567861430481288,17714.94,17779.370000000003,17777.10422890731,17695.78784088042,33.79596473464541,0.007672322425747726,-1159.0
2022-01-25,17001.55,17309.15,16836.8,17277.95,0,0.0075135138287141245,17547.920000000002,17781.605000000003,17700.311270613878,17664.836889704093,34.08409146791246,0.012079652137003618,-835.0999999999985
2022-01-27,17062.0,17182.5,16866.75,17110.15,0,-0.009711800300382767,17382.27,17776.4325,17609.517228980974,17623.748971948233,34.27879027671305,0.01208013181820722,-828.25
2022-01-28,17208.3,17373.5,17077.1,17101.95,1,-0.0004792476980038929,17251.260000000002,17771.3325,17531.4299629839,17585.097196248364,31.899559426490427,0.012681526505399747,-655.0499999999993
2022-01-31,17301.05,17410.0,17264.15,17339.85,1,0.013910694394498657,17195.8,17770.622499999998,17501.95612252484,17566.930737267005,33.50160395891872,0.015837690020942746,-277.3000000000029
2022-02-01,17529.45,17622.4,17244.55,17576.85,1,0.013667938303964622,17281.35,17768.18,17513.47825752102,17567.665497469447,39.09211005830899,0.010090944553346337,427.75
2022-02-02,17706.2,17794.6,17674.8,17780.0,0,0.011557816104706076,17381.76,17766.917500000003,17554.481602517786,17583.39397913838,40.356864057098285,0.010498625707788745,502.0499999999993
2022-02-03,17767.75,17781.15,17511.15,17560.2,0,-0.012362204724409409,17471.77,17748.665,17555.361355976587,17581.67590660961,35.56351144406277,0.011496428643276296,450.0499999999993
2022-02-04,17590.2,17617.8,17462.55,17516.3,0,-0.0024999715265202616,17554.64,17737.185,17549.351916595573,17576.833246860748,34.95799344982606,0.01178058753651379,414.34999999999854
2022-02-07,17456.3,17536.75,17119.4,17213.6,1,-0.017281046796412514,17529.39,17707.23,17497.69777558087,17549.92708042662,29.793597459661058,0.013861222148310032,-126.25
2022-02-08,17279.85,17306.45,17043.65,17266.75,1,0.003087674861737222,17467.370000000003,17670.4025,17462.16734856843,17528.95100039502,33.51192331670828,0.011614551920203813,-310.09999999999854
2022-02-09,17370.1,17477.15,17339.0,17463.8,1,0.011412107084425305,17404.129999999997,17640.805,17462.41852571175,17524.12500036576,40.8335908529048,0.01156741396165811,-316.2000000000007
2022-02-10,17554.1,17639.45,17427.15,17605.85,0,0.008133968552090476,17413.26,17610.480000000003,17484.48490637148,17530.17870404237,47.035635136990315,0.01128259930606613,45.64999999999782
2022-02-11,17451.0,17454.75,17303.0,17374.75,0,-0.013126318808804993,17384.95,17566.3275,17467.60261308356,17518.665466705897,45.41030787291246,0.012891667600125747,-141.54999999999927
2022-02-14,17076.15,17099.5,16809.65,16842.8,1,-0.030616267859969293,17310.79,17495.68,17371.479134147627,17468.601358061016,44.337425127560465,0.01751050312536437,-370.7999999999993
2022-02-15,16933.25,17375.0,16839.25,17352.45,0,0.030259220557152133,17327.93,17447.8975,17368.55157504799,17459.9975537602,51.207298891553776,0.023528296129481464,85.70000000000073
2022-02-16,17408.45,17490.6,17257.7,17322.2,0,-0.001743269682379145,17299.61,17408.355,17361.420563502146,17449.79032755574,53.596689112403936,0.022827701262617062,-141.59999999999854
2022-02-17,17396.55,17442.9,17235.85,17304.6,0,-0.0010160372239093052,17239.36,17376.665,17352.67893834797,17439.035488477537,53.42632513314731,0.022229389146705483,-301.25
2022-02-18,17236.05,17380.8,17219.2,17276.3,0,-0.001635403303167915,17219.670000000002,17352.629999999997,17340.928332448282,17426.981007849572,48.843557221625765,0.02153605297691848,-98.45000000000073
2022-02-21,17192.25,17351.05,17070.7,17206.65,0,-0.004031534529962855,17292.44,17332.105000000003,17320.27012745624,17410.660192453306,42.826415533077615,0.014519674562219004,363.8500000000022
2022-02-22,16847.95,17148.55,16843.8,17092.2,0,-0.006651498112648313,17240.39,17329.26,17285.182415539894,17387.070548567877,36.197624016696125,0.002333125408980008,-260.25
2022-02-23,17194.5,17220.7,17027.85,17063.25,0,-0.001693755046161427,17188.6,17318.525,17251.038966995293,17363.083841266554,39.20026078452679,0.0023399706679833264,-258.9500000000007
2022-02-24,16548.9,16705.25,16203.25,16247.95,1,-0.047781049917219764,16977.27,17275.415,17096.717587457555,17280.48133450607,29.357290496883323,0.0199084583450703,-1056.6499999999978
2022-02-25,16515.65,16748.8,16478.3,16658.4,1,0.025261648392566505,16853.690000000002,17253.2375,17029.284112464084,17234.401235653768,41.270165728482084,0.026177257831669944,-617.8999999999978
2022-02-28,16481.6,16815.9,16356.3,16793.9,0,0.008134034481102725,16771.140000000003,17225.940000000002,16993.071172084994,17201.77151449423,42.7527013564258,0.02706989629636324,-412.75
2022-03-02,16593.1,16678.5,16478.65,16605.95,0,-0.011191563603451304,16673.890000000003,17177.394999999997,16933.514068687302,17157.636587494657,36.815086915758606,0.027233820747614088,-486.25
2022-03-03,16723.2,16768.95,16442.95,16498.05,0,-0.006497671015509576,16560.85,17113.2975,16866.519596581562,17108.77832175431,32.792792792792824,0.027152610085383146,-565.2000000000007
2022-03-04,16339.45,16456.0,16133.8,16245.35,0,-0.015316961701534404,16560.329999999998,17047.555,16770.95504326132,17044.820668291028,32.57421465160775,0.01663101918687308,-2.600000000000364
2022-03-07,15867.95,15944.6,15711.45,15863.15,1,-0.023526732264925077,16401.28,16964.8975,16631.292728913424,16957.289507676876,34.15241761974863,0.011760731250470804,-795.2500000000018
2022-03-08,15747.75,16028.75,15671.45,16013.45,1,0.009474789055137212,16245.189999999999,16904.89,16536.24000138828,16887.375470071183,25.489657697235984,0.01227258326287352,-780.4500000000007
2022-03-09,16078.0,16418.05,15990.0,16345.35,1,0.02072632693142329,16193.070000000002,16858.82,16506.872308867005,16847.225435251097,33.89710367110101,0.018054383146735617,-260.60000000000036
2022-03-10,16757.1,16757.3,16447.9,16594.9,1,0.015267339029142901,16212.440000000002,16815.375,16520.415030579774,16828.534662269536,39.13203270956484,0.019568998772153613,96.85000000000218
2022-03-11,16528.8,16694.4,16470.9,16630.45,1,0.0021422244183453287,16289.460000000001,16766.605,16537.343487413655,16813.861724323644,40.13170962763766,0.01728100728410651,385.10000000000036
2022-03-14,16633.7,16887.95,16606.5,16871.3,0,0.014482470408196946,16491.09,16741.4325,16588.721412426938,16818.11641141078,45.13075169519824,0.006993981695981821,1008.1499999999996
2022-03-15,16900.65,16927.75,16555.0,16663.0,1,-0.012346410768583338,16621.0,16732.442499999997,16600.14888743818,16806.626306861835,43.9333974105275,0.013276588519736121,649.5499999999993
2022-03-16,16876.65,16987.9,16837.85,16975.35,1,0.018745123927264018,16747.0,16713.5875,16657.872135524613,16819.124358205405,48.8497173366834,0.012825755183858407,629.9999999999982
2022-03-17,17202.9,17344.6,17175.75,17287.05,0,0.01836191890005212,16885.43,16711.83,16754.66873005929,16853.785516856857,65.66230555890508,0.0133487416439697,692.1499999999978
2022-03-21,17329.5,17353.35,17096.4,17117.6,1,-0.009802135124269418,16982.86,16702.48,16810.504310050168,16873.327330423013,57.46375398218577,0.01560002633100006,487.1499999999978
2022-03-22,17120.4,17334.4,17006.3,17315.5,0,0.01156120016824791,17071.7,16704.44,16888.195954657833,16906.080861502793,58.30943732874527,0.015248425583055976,444.2000000000007
2022-03-23,17405.05,17442.4,17199.6,17245.65,0,-0.0040339580144955756,17188.23,16706.39,16943.188884710475,16931.234131021105,60.589306406224146,0.013151996270516463,582.6500000000015
2022-03-24,17094.95,17291.75,17091.15,17222.75,0,-0.001327871086332033,17237.71,16712.9175,16986.19828706271,16952.827899093616,62.34372338613525,0.011633709603607953,247.40000000000146
2022-03-25,17289.0,17294.9,17076.55,17153.0,1,-0.004049875890900112,17210.9,16717.405,17011.86008905306,16967.65546212372,66.48743892027392,0.0079446235956632,-134.04999999999927
2022-03-28,17181.85,17235.1,17003.9,17222.0,1,0.004022619949862971,17231.78,16766.107500000002,17044.18930612182,16986.495798262702,77.8527066636604,0.006645701113896577,104.40000000000146
2022-03-29,17297.2,17343.65,17235.7,17325.3,1,0.005998141911508492,17233.739999999998,16799.4525,17087.437105180004,17011.592405798798,77.41760193951552,0.004650874681548024,9.799999999999272
2022-03-30,17468.15,17522.5,17387.2,17498.25,0,0.009982511125348426,17284.260000000002,16834.67,17150.639088998465,17047.64111648037,75.81042356944569,0.005638999028242976,252.59999999999854
2022-03-31,17519.2,17559.8,17435.2,17464.75,1,-0.001914477162001882,17332.66,16877.61,17198.963844537164,17078.538070815157,71.55922373410661,0.005754523633047781,242.0
2022-04-01,17436.9,17703.7,17422.7,17670.45,1,0.011778009991554539,17436.15,16936.23,17271.50017614683,17122.383398902923,73.77142857142857,0.005380316678666077,517.4500000000007
2022-04-04,17809.1,18114.65,17791.4,18053.4,0,0.021671774063478866,17602.43,17026.6325,17391.792456739626,17191.34759157678,75.3713083791209,0.008604177450082056,831.4000000000015
2022-04-05,18080.6,18095.45,17921.55,17957.4,0,-0.005317557911529103,17728.85,17131.344999999998,17478.809001856607,17248.092214422944,79.18865286609841,0.010930321557174048,632.1000000000022
2022-04-06,17842.75,17901.0,17779.85,17807.65,0,-0.008339180504972843,17790.730000000003,17221.055,17529.3999246479,17289.540939280505,70.25356499732324,0.012707696926532844,309.40000000000146
2022-04-07,17723.3,17787.5,17623.7,17639.55,1,-0.009439763247817812,17825.690000000002,17285.765,17546.346090086685,17315.467536370837,59.22243733975195,0.01390931974414182,174.79999999999927
2022-04-08,17698.15,17842.75,17600.55,17784.35,0,0.008208826188876639,17848.47,17345.2375,17582.962076227195,17350.19957071374,67.67208248297061,0.01336762229735581,113.89999999999782
2022-04-11,17740.9,17779.05,17650.95,17674.95,0,-0.006151475876261858,17772.78,17397.4625,17597.114064499932,17374.255158068278,59.99610667704888,0.00713484037570676,-378.4500000000007
2022-04-12,17584.85,17595.3,17442.35,17530.3,0,-0.008183898681467405,17687.36,17430.4125,17586.834977653787,17385.814035248404,57.59978641035903,0.007357958810664134,-427.1000000000022
2022-04-13,17599.9,17663.65,17457.4,17475.65,0,-0.0031174594844354253,17620.96,17471.045000000002,17569.72959647628,17392.46855115593,56.639537936466304,0.007092473189659991,-332.0
2022-04-18,17183.45,17237.75,17067.85,17173.65,0,-0.017281188396425895,17527.780000000002,17480.96,17508.79427394147,17376.259769588825,50.48321048321051,0.009217408791203637,-465.8999999999978
2022-04-19,17258.95,17275.65,16824.7,16958.65,1,-0.01251917909122402,17362.640000000003,17464.54,17424.156693335088,17345.325712582246,44.23173803526451,0.00555274061318597,-825.6999999999971
2022-04-20,17045.25,17186.9,16978.95,17136.55,1,0.010490221804211775,17254.96,17465.4875,17379.909509745074,17329.86084498356,45.99656393832057,0.01066180084102164,-538.4000000000015
2022-04-21,17234.6,17414.7,17215.5,17392.6,0,0.014941747317867238,17227.420000000002,17469.342500000002,17381.861892861216,17334.50818979959,47.83544018521171,0.014028371466517867,-137.70000000000073
2022-04-22,17242.75,17315.3,17149.2,17171.95,0,-0.012686429860975235,17166.68,17465.6575,17349.567755497952,17322.46684240703,44.42837570406454,0.01492851259648378,-303.7000000000007
2022-04-25,17009.05,17054.3,16888.7,16953.95,1,-0.012695121986728397,17122.739999999998,17452.2175,17288.703485421345,17295.169298525027,36.42941020493197,0.013973618287302933,-219.70000000000073
2022-04-26,17121.3,17223.85,17064.45,17200.8,0,0.014560028783852541,17171.17,17454.607500000002,17275.1798722796,17288.178980115765,32.97387970285156,0.014358913631177361,242.14999999999782
2022-04-27,17073.35,17110.7,16958.45,17038.4,1,-0.009441421329240418,17151.54,17445.427499999998,17238.7521996212,17269.67683344052,32.12201385106211,0.014498614459893425,-98.14999999999782
2022-04-28,17189.5,17322.5,17071.05,17245.05,0,0.012128486242839465,17122.03,17441.415,17239.72109198717,17267.85262355604,39.29237562331079,0.013757841368119045,-147.54999999999927
2022-04-29,17329.25,17377.65,17053.25,17102.55,0,-0.008263240756043011,17108.15,17421.63,17218.617847066067,17255.60798477411,39.679031328079894,0.012989684560358728,-69.40000000000146
2022-05-02,16924.45,17092.25,16917.25,17069.1,0,-0.0019558486892305993,17131.18,17401.8475,17195.615101363597,17241.792578494544,35.63841535650455,0.01129671386487417,115.14999999999782
2022-05-04,17096.6,17132.85,16623.95,16677.6,1,-0.02293618292704358,17026.54,17352.204999999998,17115.920470384583,17200.000535643096,32.011903688339686,0.012735317636986737,-523.2000000000007
2022-05-05,16854.75,16945.7,16651.85,16682.65,0,0.0003028013623065373,16955.389999999996,17283.6675,17049.2634749408,17161.678273743608,33.90120221070022,0.012840075325247018,-355.75
2022-05-06,16415.55,16484.2,16340.9,16411.25,0,-0.016268398605737144,16788.629999999997,17206.36,16951.107555719136,17106.090994207047,31.322383659717772,0.00975135240170567,-833.7999999999993
2022-05-09,16227.7,16403.7,16142.1,16301.85,0,-0.0066661588849112885,16628.489999999998,17131.07,16851.221777916195,17046.517587228747,33.59304426377591,0.009841009947890892,-800.6999999999989
2022-05-10,16248.9,16404.55,16197.3,16240.05,0,-0.0037909807782553484,16462.68,17061.095,16757.195350544473,16986.779247434024,35.64866592107359,0.009518003798515138,-829.0499999999993
2022-05-11,16270.05,16318.75,15992.6,16167.1,0,-0.004491981243900045,16360.579999999998,16980.232500000002,16666.411450460706,16926.062266142613,29.79175786379838,0.0061764801309232235,-510.4999999999982
2022-05-12,16021.1,16041.95,15735.75,15808.0,0,-0.022211775766835085,16185.65,16886.885000000002,16534.34815038983,16843.24283902094,18.329535915577395,0.008155871537289467,-874.6500000000015
2022-05-13,15977.0,16083.6,15740.85,15782.15,1,-0.0016352479757085758,16059.829999999998,16799.4775,16418.625358022164,16764.643369463833,19.877324548094805,0.00827641159801537,-629.1000000000004
2022-05-16,15845.1,15977.95,15739.65,15842.3,1,0.003811267793044637,15967.920000000002,16717.81,16329.959918326445,16696.321638392437,24.136246248342246,0.009807168986174708,-459.5500000000011
2022-05-17,15912.6,16284.25,15900.8,16259.3,0,0.02632193557753615,15971.769999999999,16672.0925,16319.089161660839,16663.949665178185,29.70205243187307,0.01748528766794889,19.25
2022-05-18,16318.15,16399.8,16211.2,16240.3,0,-0.0011685619922137125,15986.41,16636.175,16306.967752174556,16632.56820849832,31.65961945031711,0.017317149075936462,73.19999999999891
2022-05-19,15917.4,15984.75,15775.2,15809.4,1,-0.026532761094314794,15986.689999999999,16569.8175,16230.418867224626,16571.592785646593,20.091248098997994,0.01881003797504812,1.3999999999996362
2022-05-20,16043.8,16283.05,16003.85,16266.15,0,0.02889103950814076,16083.49,16513.495,16235.915964574684,16548.967394117215,34.59271266993335,0.022645033153846385,484.0
2022-05-23,16290.95,16414.7,16185.75,16214.7,0,-0.00316301030053201,16157.970000000001,16465.6325,16232.651970024734,16524.206846404828,34.36482084690559,0.023045188046934503,372.40000000000146
2022-05-24,16225.55,16262.8,16078.6,16125.15,0,-0.005522766378656452,16131.14,16424.1925,16216.113205405545,16494.64708000447,38.63435307671738,0.01980727461714524,-134.14999999999964
2022-05-25,16196.35,16223.35,16006.95,16025.8,1,-0.006161182996747394,16088.24,16365.4425,16186.834250727768,16459.917666670804,36.99126611609526,0.019912005811629798,-214.5
2022-05-26,16105.0,16204.45,15903.7,16170.15,1,0.00900735064708158,16160.39,16322.030000000002,16184.267442923498,16438.45339506556,44.97205538872205,0.014899803678790959,360.75
2022-05-27,16296.6,16370.6,16221.95,16352.45,1,0.011273859549849607,16177.65,16277.4,16210.141682473728,16432.08277320885,51.02408419348311,0.008378421952225306,86.30000000000109
2022-05-30,16527.9,16695.5,16506.15,16661.4,0,0.018893193374693196,16266.990000000002,16255.342499999999,16279.56603901623,16449.06923445264,57.75210199988964,0.010982954301239833,446.7000000000007
2022-05-31,16578.45,16690.75,16521.9,16584.55,0,-0.004612457536581682,16358.87,16231.115,16326.48664839835,16459.104846715407,57.66934283772112,0.010759871083538375,459.39999999999964
2022-06-01,16594.4,16649.2,16438.85,16522.75,1,-0.0037263597746094446,16458.260000000002,16223.372500000001,16356.68101018322,16463.819302514265,64.74167268227285,0.010126436643933976,496.9500000000007
2022-06-02,16481.65,16646.4,16443.05,16628.0,0,0.006370004993115463,16549.83,16220.64,16398.422393231955,16475.980835661358,66.89233718770593,0.010009520414237536,457.85000000000036
2022-06-03,16761.65,16793.85,16567.9,16584.3,0,-0.0026280971854703017,16596.2,16229.2925,16427.018948119345,16484.00447746422,64.9163718237375,0.009983992056209924,231.84999999999854
2022-06-06,16530.7,16610.95,16444.55,16569.55,0,-0.0008893953920273701,16577.829999999998,16242.677500000002,16448.94680225483,16490.34118283724,57.44022638432575,0.004399303808760738,-91.85000000000218
2022-06-07,16469.6,16487.25,16347.1,16416.35,0,-0.009245875717807661,16544.19,16251.492499999998,16443.93190960024,16484.860354478926,53.96660883671674,0.00563837517642939,-168.20000000000073
2022-06-08,16474.95,16514.3,16293.35,16356.25,1,-0.0036609843235554385,16510.89,16260.95,16430.442385046357,16475.33366155456,64.79292341818376,0.005633514120035266,-166.5
2022-06-09,16263.85,16492.8,16243.85,16478.1,0,0.007449751623996859,16480.909999999996,16294.454999999998,16437.774325808456,16475.53857551348,57.00221348574444,0.00604104812184811,-149.90000000000146
2022-06-10,16283.95,16324.7,16172.6,16201.8,0,-0.016767709869463077,16404.41,16315.4375,16401.470583376384,16455.261643993967,49.62894782258524,0.009075813557158174,-382.5
2022-06-13,15877.55,15886.15,15684.0,15774.4,0,-0.026379784962164643,16245.38,16312.0425,16304.998185933864,16404.82744814256,41.55287431062303,0.012835064090060277,-795.1499999999996
2022-06-14,15674.25,15858.0,15659.45,15732.1,0,-0.0026815599959427727,16108.529999999999,16285.6825,16216.860003482501,16354.995785317187,42.726957555346466,0.013225584706660425,-684.2499999999982
2022-06-15,15729.25,15783.65,15678.9,15692.15,0,-0.002539393977917803,15975.709999999997,16258.275,16136.135387562117,16305.896097515913,37.51762678226355,0.013335284756582673,-664.1000000000004
2022-06-16,15832.25,15863.15,15335.1,15360.6,0,-0.02112839859420146,15752.210000000001,16235.834999999997,16016.822251014099,16235.874164366585,25.972043896412202,0.010852825693797004,-1117.4999999999982
2022-06-17,15272.65,15400.4,15183.4,15293.5,1,-0.0043683189458745275,15570.55,16187.202500000003,15905.541904704238,16166.068670709801,12.463640853959646,0.011434595213618812,-908.2999999999993
2022-06-20,15334.5,15382.5,15191.1,15350.15,1,0.0037041880537482808,15485.7,16143.975,15820.0969962882,16105.630250657223,15.74726677396076,0.009312707377046984,-424.25
2022-06-21,15455.95,15707.25,15419.85,15638.8,0,0.018804376504464093,15467.039999999999,16119.657499999998,15792.2051507054,16071.05023209002,28.21441774491676,0.014432210408701062,-93.30000000000109
2022-06-22,15545.65,15565.4,15385.95,15413.3,1,-0.014419264905235707,15411.269999999999,16089.032499999998,15733.912050596877,16022.327992675944,21.73801768264302,0.015653502669815234,-278.85000000000036
2022-06-23,15451.55,15628.45,15367.5,15556.65,1,0.009300409386698627,15450.48,16058.357499999998,15706.640965889665,15987.833326551801,27.149623107197613,0.012717205770575375,196.04999999999927
2022-06-24,15657.4,15749.25,15619.45,15699.25,1,0.00916649792853863,15531.63,16025.6975,15705.503894214331,15966.45678384426,31.689459288870182,0.012295493672408021,405.75
2022-06-27,15926.2,15927.45,15815.5,15832.05,1,0.00845900281860601,15628.009999999998,15984.23,15724.972525873665,15956.500725781721,37.600271635329555,0.012323968389428192,481.89999999999964
2022-06-28,15757.45,15892.1,15710.15,15850.2,0,0.0011464087089165798,15670.289999999999,15947.5125,15744.238291123871,15948.626597946039,39.06617980684053,0.010173805884357246,211.40000000000146
2022-06-29,15701.7,15861.6,15687.8,15799.1,0,-0.00322393408285071,15747.45,15911.329999999998,15752.67855402789,15937.550553653738,34.866720156904734,0.005707376511638786,385.8000000000011
2022-06-30,15774.5,15890.0,15728.85,15780.25,0,-0.001193105936414085,15792.170000000002,15868.9425,15756.920314946678,15925.898660790499,39.38669150784262,0.005645760872626951,223.60000000000036
2022-07-01,15703.7,15793.95,15511.05,15752.05,1,-0.0017870439314966458,15802.730000000001,15827.330000000002,15756.171035724112,15913.020982213424,49.29573026626752,0.004625093364337232,52.79999999999927
2022-07-04,15710.5,15852.35,15661.8,15835.35,0,0.00528820058341628,15803.39,15790.619999999999,15768.352414843479,15907.26757612354,53.17155582859775,0.0033271409915598313,3.3000000000010914
2022-07-05,15909.15,16025.75,15785.45,15810.85,1,-0.0015471713602793757,15795.52,15760.344999999998,15774.890504867559,15900.125533447723,53.6810767226943,0.0033225086782966633,-39.350000000000364
2022-07-06,15818.2,16011.35,15800.9,15989.8,1,0.011318177074603808,15833.66,15742.022500000001,15807.953504118705,15906.768086525668,71.55237377543324,0.005785677226181011,190.6999999999989
2022-07-07,16113.75,16150.5,16045.95,16132.9,1,0.008949455277739604,15904.189999999999,15724.7625,15857.945272715828,15923.518598634877,77.3295565540144,0.005978840911056152,352.64999999999964
2022-07-08,16273.65,16275.5,16157.9,16220.6,0,0.005436096424077608,15997.9,15725.7025,15913.738307682625,15945.524628365627,77.7788415509813,0.004865826658704061,468.5500000000011
2022-07-11,16136.15,16248.55,16115.5,16216.0,0,-0.0002835900028359539,16074.029999999999,15747.782500000001,15960.240106500682,15965.559841079285,72.49941529586025,0.005617728061161376,380.64999999999964
2022-07-12,16126.2,16158.75,16031.15,16058.3,0,-0.009724962999506759,16123.519999999999,15764.092500000002,15975.326243962116,15972.429482480818,76.54539468268982,0.008413272943805146,247.4499999999989
2022-07-13,16128.2,16140.0,15950.15,15966.65,0,-0.005707328920246835,16118.89,15777.8175,15973.991437198712,15972.001372667424,67.6237964236588,0.007689585008897371,-23.149999999999636
2022-07-14,16018.85,16070.85,15858.2,15938.65,1,-0.0017536552752143164,16080.039999999999,15806.720000000001,15968.554293014295,15969.530900617985,61.41522029372491,0.005720459855216344,-194.25
2022-07-15,16010.8,16066.95,15927.3,16049.2,1,0.006935970110392153,16045.76,15844.505000000001,15980.96132485825,15975.432315387025,60.57874993910461,0.006249414234848455,-171.39999999999964
2022-07-18,16151.4,16287.95,16142.2,16278.5,1,0.014287316501756964,16058.26,15890.9225,16026.736505649289,15997.881773506506,67.30505050505042,0.0097365148776355,62.5
2022-07-19,16187.05,16359.5,16187.05,16340.55,1,0.0038117762693121726,16114.710000000001,15926.01,16075.015504780167,16023.264605098617,71.68488926268564,0.007756352145447394,282.25
2022-07-20,16562.8,16588.0,16490.95,16520.85,1,0.011033900327712232,16225.55,15981.3875,16143.60542712168,16060.12278249872,76.26427406199014,0.0062465775442758185,554.1999999999989
2022-07-21,16523.55,16626.95,16483.9,16605.25,1,0.005108695981139055,16358.87,16033.8175,16214.62766910296,16100.502576387704,79.09760589318599,0.004344264618776256,666.6000000000004
2022-07-22,16661.25,16752.25,16610.9,16719.45,0,0.006877343008988124,16492.920000000002,16084.8275,16292.29264308712,16146.350533692319,79.52905811623245,0.004348725936863518,670.25
2022-07-25,16662.55,16706.05,16564.25,16631.0,0,-0.005290245791578108,16563.420000000002,16124.775,16344.401467227563,16182.250494159554,76.2708606938082,0.006017743194187265,352.5
2022-07-26,16632.9,16636.1,16463.3,16483.85,1,-0.008847934580001326,16592.079999999998,16156.4575,16365.855087654092,16204.591198295884,66.15439950299178,0.008450430409219813,143.29999999999927
2022-07-27,16475.35,16653.45,16438.75,16641.8,1,0.009582106122052902,16616.269999999997,16198.592500000002,16408.308151091926,16236.977035459153,66.47992227979267,0.008069156568118557,120.95000000000073
2022-07-28,16774.85,16947.65,16746.25,16929.6,1,0.017293802353110843,16681.140000000003,16256.060000000001,16488.506897077783,16288.282440239956,70.32566939969028,0.010811020399840365,324.34999999999854
2022-07-29,17079.5,17172.8,17018.15,17158.25,1,0.013505930441357172,16768.9,16326.369999999999,16591.544297527355,16352.724481703664,73.9374539542209,0.011638612876456941,438.7999999999993
2022-08-01,17243.2,17356.25,17154.8,17340.05,1,0.010595486136406596,16910.71,16401.605,16706.699020984684,16425.85970528117,82.16840255991963,0.010110337273358277,709.0499999999993
2022-08-02,17310.15,17390.15,17215.85,17345.45,1,0.00031141778714594004,17083.03,16478.335,16804.968402371658,16493.977504889972,86.16998950682049,0.006315789612776413,861.6000000000022
2022-08-03,17349.25,17407.5,17225.85,17388.15,0,0.0024617406870390823,17232.3,16548.2525,16894.688648160634,16560.212504527753,87.73363877752895,0.007241169089160233,746.3500000000022
2022-08-04,17463.1,17490.7,17161.25,17382.0,1,-0.00035368915036970705,17322.78,16610.7075,16969.65962536669,16621.085652340513,86.68997412321738,0.006330190558271274,452.40000000000146
2022-08-05,17423.65,17474.4,17348.75,17397.5,1,0.0008917270739845495,17370.629999999997,16669.552499999998,17035.481221464124,16678.597826241214,84.91419656786256,0.004490617554504077,239.25
2022-08-08,17401.5,17548.8,17359.75,17525.1,1,0.007334387124586783,17407.640000000003,16735.0075,17110.807187392722,16741.301690964086,85.50702916579223,0.003090508300620602,185.04999999999927
2022-08-10,17566.1,17566.1,17442.8,17534.75,1,0.000550638798066938,17445.5,16808.829999999998,17176.029158563073,16800.07563978156,83.85534927207144,0.0030570035996611198,189.29999999999927
2022-08-11,17711.65,17719.3,17631.95,17659.0,1,0.007085929368824795,17499.670000000002,16893.447500000002,17250.332364937985,16863.699666464407,84.27386566921435,0.003778932775255958,270.84999999999854
2022-08-12,17659.65,17724.65,17597.85,17698.15,1,0.0022169998301151406,17562.9,16981.4225,17319.227385716757,16925.510802281857,83.46669402270535,0.003340737806301062,316.15000000000146
2022-08-16,17797.2,17839.1,17764.05,17825.25,1,0.007181541573554107,17648.45,17070.225,17397.07701868341,16992.15815026098,89.78578805343624,0.003241218381398565,427.75
2022-08-17,17868.15,17965.95,17833.35,17944.25,1,0.006675923198833145,17732.28,17153.5125,17481.2574773475,17062.683472463872,99.58239967406794,0.003127641335087236,419.15000000000146
2022-08-18,17898.65,17968.45,17852.05,17956.5,0,0.0006826699360520383,17816.629999999997,17234.31,17554.37171160173,17128.892104133214,99.53654860587781,0.003083653358413531,421.75
2022-08-19,17966.55,17992.2,17710.75,17758.45,0,-0.011029432239022086,17836.519999999997,17296.190000000002,17585.76837135531,17175.52602234557,83.49565568801778,0.0073588497267998145,99.45000000000073
2022-08-22,17682.9,17690.05,17467.35,17490.7,1,-0.015077329384039717,17795.03,17340.4625,17571.142468069876,17198.872242912563,63.0234653504133,0.010232612000420319,-207.45000000000073
2022-08-23,17357.35,17625.55,17345.2,17577.5,1,0.004962637287243998,17745.48,17383.364999999998,17572.12054990528,17226.91874343756,60.04994286197995,0.009754842648842148,-247.75
2022-08-24,17525.45,17623.65,17499.25,17604.95,0,0.0015616555255297815,17677.620000000003,17432.0625,17577.17123453524,17254.92105873848,60.78195113844107,0.008733074092772844,-339.2999999999993
2022-08-25,17679.0,17726.5,17487.45,17522.45,1,-0.0046861820113093255,17590.81,17483.9925,17568.75258306828,17274.738017350446,55.40138352638349,0.0083697012043167,-434.0499999999993
2022-08-26,17619.3,17685.85,17519.35,17558.9,0,0.002080188558106988,17550.9,17529.8475,17567.236801057774,17295.787053102267,56.94542599136244,0.007996485075378238,-199.54999999999927
2022-08-29,17188.65,17380.15,17166.2,17312.9,1,-0.01400998923622776,17515.34,17549.0125,17528.1080624335,17297.054678798395,47.18750000000005,0.007570755916542502,-177.79999999999927
2022-08-30,17414.95,17777.65,17401.5,17759.3,0,0.025784241808131325,17551.700000000004,17579.065,17563.676052828345,17331.295072961475,56.42418257625633,0.014720792816843464,181.79999999999927
2022-09-01,17485.7,17695.6,17468.45,17542.8,0,-0.012190795808393329,17539.27,17589.202500000003,17560.464352393214,17346.962104593957,50.19831005345747,0.016079356074899527,-62.150000000001455
2022-09-02,17598.4,17643.85,17476.45,17539.45,1,-0.00019096153407660577,17542.670000000002,17598.9025,17557.23137510195,17361.220467216626,46.868369351669955,0.01591895346511903,17.0
2022-09-05,17546.45,17683.15,17540.35,17665.8,0,0.007203760665243086,17564.05,17612.785,17573.93424047088,17383.781914089468,49.189608958140184,0.016224602785009333,106.89999999999782
2022-09-06,17695.7,17764.65,17587.65,17655.6,0,-0.0005773868152022521,17632.59,17626.465,17586.498203475363,17403.91658711988,45.48575077831878,0.014013168847016713,342.6999999999971
2022-09-07,17519.4,17650.75,17484.3,17624.4,1,-0.0017671447019640407,17605.609999999997,17637.81,17592.32924909454,17420.248691777666,41.07187718073971,0.006940544400774664,-134.89999999999782
2022-09-08,17748.15,17807.65,17691.95,17798.75,1,0.009892535348720921,17656.8,17651.4925,17624.08628769538,17448.28582572006,45.96206517009239,0.0052641634901354675,255.95000000000073
2022-09-09,17923.35,17925.95,17786.0,17833.35,1,0.0019439567385348688,17715.579999999998,17666.4225,17656.280704973015,17476.809097888945,52.09229565897532,0.005030957800646651,293.8999999999978
2022-09-12,17890.85,17980.55,17889.15,17936.35,1,0.005775695536733183,17769.690000000002,17680.29,17699.36828882332,17510.849164711984,63.71104205765623,0.004791549689109798,270.5499999999993
2022-09-13,18044.45,18088.3,18015.45,18070.05,0,0.007454136432440306,17852.579999999998,17698.885000000002,17756.39624438896,17552.271448807394,64.72892557040764,0.004612929681688994,414.4500000000007
2022-09-14,17771.15,18091.55,17771.15,18003.75,0,-0.0036690545958644183,17928.45,17707.81,17794.450668329122,17585.71430445129,61.654684668887754,0.005302295867529628,379.34999999999854
2022-09-15,18046.35,18096.15,17861.5,17877.4,0,-0.007017982364785014,17944.18,17704.4675,17807.212103970796,17607.32065226971,60.11397634990748,0.0061520245964171195,78.65000000000146
2022-09-16,17796.8,17820.05,17497.25,17530.85,1,-0.019384809871681674,17883.68,17683.185,17764.694857206057,17601.65615950899,49.3207739060948,0.010847545895471244,-302.5
2022-09-19,17540.65,17667.2,17429.7,17622.25,1,0.005213666194166411,17820.859999999997,17676.375,17742.78026378974,17603.181629174993,58.097107708415116,0.010731393269932112,-314.09999999999854
2022-09-20,17770.4,17919.3,17744.4,17816.25,0,0.011008809885230342,17770.1,17692.652500000004,17754.08330012978,17618.964471458326,51.71758603009925,0.011710039368892013,-253.79999999999927
2022-09-21,17766.35,17838.7,17663.6,17718.35,0,-0.00549498351224309,17713.02,17699.695,17748.585869340583,17626.326362461412,55.702452493097276,0.011773391401400518,-285.40000000000146
2022-09-22,17609.65,17722.75,17532.45,17629.8,0,-0.004997643685783371,17663.5,17700.9375,17730.311120211263,17626.583668945754,52.78094124165098,0.011640734065288488,-247.60000000000218
2022-09-23,17593.85,17642.15,17291.65,17327.35,0,-0.017155611521401326,17622.8,17691.182500000003,17668.31710171722,17604.41821198681,40.60148288023102,0.010859936610947384,-203.5
2022-09-26,17156.3,17196.4,16978.3,17016.3,0,-0.01795138898908366,17501.61,17664.052499999998,17568.00677837611,17560.853899987786,34.788712287046735,0.011764646393676303,-605.9500000000007
2022-09-27,17110.9,17176.45,16942.35,17007.4,0,-0.0005230279202880217,17339.84,17648.7775,17481.759581702863,17519.857314803507,35.16184887691789,0.007850992696394164,-808.8499999999985
2022-09-28,16870.55,17037.6,16820.4,16858.6,0,-0.00874913273045863,17167.89,17603.7425,17385.8888768255,17470.87529148473,27.109152443329847,0.007595244006633717,-859.75
2022-09-29,16993.6,17026.05,16788.6,16818.1,1,-0.0024023347134399797,17005.549999999996,17567.5075,17298.536741929267,17422.521566189564,25.351428779528575,0.008084828320258683,-811.7000000000007
2022-09-30,16798.05,17187.1,16747.7,17094.35,0,0.016425755584756896,16958.95,17545.2525,17267.123397017072,17398.212561286633,31.14390648094239,0.012647146190766494,-233.0
2022-10-03,17102.1,17114.65,16855.55,16887.35,1,-0.012109264172080247,16933.159999999996,17506.329999999998,17208.696720552907,17360.370890080216,24.356027753686064,0.011047666888367082,-128.95000000000073
2022-10-04,17147.45,17287.3,17117.3,17274.3,1,0.022913601009039386,16986.54,17487.265,17218.789532775536,17353.995268592793,36.11444235052254,0.015589154370073827,266.8999999999978
2022-10-06,17379.25,17428.8,17315.65,17331.8,0,0.0033286442865991805,17081.18,17472.635,17236.175758502377,17352.351174622956,39.33458440847601,0.014140078913531126,473.2000000000007
2022-10-07,17287.2,17337.35,17216.95,17314.65,0,-0.0009895106105538565,17180.489999999998,17448.43,17248.248718732782,17349.558495021254,45.14898581942207,0.013952275926814294,496.5500000000029
2022-10-10,17094.35,17280.15,17064.7,17241.0,0,-0.00425362337673596,17209.82,17418.8125,17247.13353123543,17341.51712501968,41.376970574265485,0.013095932855620208,146.65000000000146
2022-10-11,17256.05,17261.8,16950.3,16983.55,1,-0.014932428513427354,17229.06,17371.1725,17206.582218737673,17315.00104168489,31.691658238423997,0.01388165984626342,96.20000000000073
2022-10-12,17025.55,17142.35,16960.05,17123.6,0,0.008246214719537459,17198.920000000002,17323.85,17193.81572354726,17300.823186745267,37.16135995682677,0.008751219547229051,-150.70000000000073
2022-10-13,17087.35,17112.35,16956.95,17014.35,1,-0.006380083627274602,17135.43,17274.379999999997,17166.205612232297,17279.602950690063,36.83219581077899,0.008421821848324787,-317.4500000000007
2022-10-14,17322.3,17348.55,17169.75,17185.7,1,0.010070910731235783,17109.64,17239.795000000002,17169.204748811942,17272.647176564875,46.78921957522049,0.010496307338758016,-128.95000000000073
2022-10-17,17144.8,17328.55,17098.55,17311.8,1,0.007337495708641395,17123.8,17228.8425,17191.142479763952,17275.547385708218,57.31109901529022,0.010990612467978316,70.79999999999927
2022-10-18,17438.75,17527.8,17434.05,17486.95,1,0.010117376587067906,17224.48,17222.0775,17236.651329031036,17291.20683861872,60.962896920650124,0.006956148295014832,503.40000000000146
2022-10-19,17568.15,17607.6,17472.85,17512.25,1,0.0014467931800570266,17302.21,17206.8775,17279.05112456472,17307.580406128443,65.83723015046158,0.007041624965859529,388.65000000000146
2022-10-20,17423.1,17584.15,17421.0,17563.95,1,0.002952219160873071,17412.129999999997,17199.157499999998,17322.881720785535,17326.570746415226,67.9735884521773,0.004018510042880973,549.6000000000022
2022-10-21,17622.85,17670.15,17520.75,17576.3,1,0.0007031447937393409,17490.25,17196.482500000002,17361.869148356993,17345.069209643727,63.30655180982359,0.0040539936487040224,390.59999999999854
2022-10-24,17736.35,17777.55,17707.4,17730.75,0,0.008787401216410862,17574.04,17216.652500000004,17418.620048609762,17373.638157077527,73.98202911737945,0.004347883542554835,418.9500000000007
2022-10-25,17808.3,17811.5,17637.0,17656.35,1,-0.004196099995770197,17607.920000000002,17248.655,17455.193887285182,17394.579775071783,63.21195144724552,0.00467269380058494,169.39999999999782
2022-10-27,17771.4,17783.9,17654.5,17736.95,1,0.004564929897742376,17652.86,17285.1325,17498.540981549002,17419.940532473873,63.7904625753089,0.004797053189091413,224.70000000000073
2022-10-28,17756.4,17838.9,17723.7,17786.8,1,0.0028105170280121605,17697.43,17331.5425,17542.888522849156,17447.11530784618,65.72104018912518,0.0047945917820705715,222.84999999999854
2022-10-31,17910.2,18022.8,17899.9,18012.2,1,0.01267231879821007,17784.61,17391.2475,17615.090288564672,17488.973433190906,73.32164025644123,0.006378365895588896,435.90000000000146
2022-11-01,18130.7,18175.8,18060.15,18145.4,0,0.007394987841573997,17867.54,17443.8,17696.67639801626,17537.597623324913,87.99005983716438,0.006195501887911849,414.65000000000146
2022-11-02,18177.9,18178.75,18048.65,18082.85,0,-0.003447154650765616,17952.84,17503.575,17756.087721398373,17577.98668826381,83.03998897805926,0.0059316149058899585,426.5
2022-11-03,17968.35,18106.3,17959.2,18052.7,1,-0.0016673256704555772,18015.989999999998,17542.495000000003,17801.720379644776,17613.150637281306,87.82558012458553,0.00660923769381217,315.75
2022-11-04,18053.4,18135.1,18017.15,18117.15,1,0.003570103087072951,18082.06,17581.7625,17850.24801354558,17650.483923408618,86.79729783115383,0.006596631948904694,330.3500000000022
2022-11-07,18211.75,18255.5,18064.75,18202.8,0,0.00472756476598124,18120.18,17626.17,17904.486780692416,17691.39622537835,86.36141038197832,0.004529476820711264,190.59999999999854
2022-11-09,18288.25,18296.4,18117.5,18157.0,0,-0.0025160964247258333,18122.5,17671.969999999998,17943.3349682782,17725.88539386884,80.57215859834822,0.0037416605222817876,11.599999999998545
2022-11-10,18044.35,18103.1,17969.4,18028.2,1,-0.007093682877127194,18111.57,17724.2025,17956.39112700463,17748.279068397074,71.50956768249468,0.004815369882742102,-54.64999999999782
2022-11-11,18272.35,18362.3,18259.35,18349.7,0,0.017833172474234882,18170.97,17785.5075,18016.900184388534,17792.828767034327,76.74165333696354,0.009423103677441005,297.0
2022-11-14,18376.4,18399.45,18311.4,18329.15,1,-0.0011199093173185348,18213.370000000003,17851.2475,18064.93861755953,17832.556265772524,75.4797441364606,0.009621362191452288,212.0
2022-11-15,18362.75,18427.95,18282.0,18403.4,1,0.004050924347282825,18253.49,17912.1325,18117.009599473447,17874.840986826413,74.072218444691,0.00958453362132298,200.60000000000218
2022-11-16,18398.25,18442.15,18344.15,18409.65,0,0.00033961115880765114,18304.02,17967.025,18162.031199554458,17914.456469283716,78.34085778781049,0.009312159108873645,252.65000000000146
2022-11-17,18358.7,18417.6,18312.95,18343.9,0,-0.0035714964706010655,18367.16,18009.872499999998,18190.011015007618,17946.267101188623,73.092873720656,0.00847172981432608,315.7000000000007
2022-11-18,18382.95,18394.6,18209.8,18307.65,0,-0.001976133755635434,18358.75,18049.642499999998,18208.10932039106,17973.03620480428,70.0242205220869,0.002889777797165385,-42.04999999999927
2022-11-21,18246.4,18262.3,18133.35,18159.95,1,-0.008067665702588878,18324.910000000003,18079.4425,18200.70019417705,17986.881671115076,56.04121519401399,0.004507050154580792,-169.20000000000073
2022-11-22,18179.15,18261.85,18137.7,18244.2,1,0.0046393299541023225,18293.07,18112.8375,18207.392471995965,18005.942288069517,54.20819490586929,0.004702906410118732,-159.20000000000073
2022-11-23,18325.2,18325.4,18246.0,18267.25,1,0.0012634152223720552,18264.590000000004,18139.6625,18216.601322458122,18025.29841487918,58.127644569816745,0.004821069232391224,-142.40000000000146
2022-11-24,18326.1,18529.7,18294.25,18484.1,1,0.011870971273727493,18292.629999999997,18181.05,18257.754965156873,18059.283717480725,66.32730300507151,0.007434406005141396,140.1999999999971
2022-11-25,18528.45,18534.9,18445.1,18512.75,1,0.001549980794304462,18333.65,18219.84,18296.984970517355,18092.87381248215,65.38940325215903,0.007179651463785084,205.09999999999854
2022-11-28,18430.55,18614.25,18365.6,18562.75,1,0.0027008413120686026,18414.21,18258.6375,18337.87189813007,18127.67945600199,64.4020325691194,0.004379511501254722,402.7999999999993
2022-11-29,18552.45,18678.1,18552.15,18618.05,1,0.002979084456774972,18488.98,18288.93,18380.976221494675,18164.003200001844,68.30798554580471,0.004420045788831945,373.84999999999854
2022-11-30,18625.7,18816.05,18616.55,18758.35,1,0.007535697884579751,18587.2,18319.577500000003,18439.03372588011,18208.028888890596,78.73135796639511,0.0043121107596118735,491.09999999999854
2022-12-01,18871.95,18887.6,18778.2,18812.5,0,0.0028867144498316843,18652.879999999997,18356.06,18496.490075744707,18252.80452675055,73.063889165753,0.002311434559239289,328.40000000000146
2022-12-02,18752.4,18781.95,18639.2,18696.1,1,-0.00618737541528247,18689.549999999996,18388.23,18527.199294860904,18285.641228472734,66.69244416139729,0.004997791222754352,183.34999999999854
2022-12-05,18719.55,18728.6,18591.35,18701.05,0,0.00026476109990847263,18717.21,18417.425,18553.945557189996,18316.412248585864,64.45113366024165,0.005028960714585689,138.29999999999927
2022-12-06,18600.65,18654.9,18577.9,18642.75,0,-0.0031174720136034617,18722.15,18439.4225,18567.607779160768,18340.585415357284,60.77271466863842,0.005310603605305391,24.700000000000728
2022-12-07,18638.85,18668.3,18528.4,18560.5,1,-0.004411902750398933,18682.579999999998,18459.5975,18566.514274674497,18356.875384590076,59.85979606700648,0.003658734252428297,-197.84999999999854
2022-12-08,18570.85,18625.0,18536.95,18609.35,0,0.0026319334069664357,18641.95,18488.655000000002,18573.104386263036,18375.577207953775,63.57785778577844,0.003572449548703842,-203.15000000000146
2022-12-09,18662.4,18664.7,18410.1,18496.6,1,-0.006058782278800745,18602.05,18496.0,18561.334480684105,18384.541859216457,65.64286046187436,0.003536525767041149,-199.5
2022-12-12,18402.15,18521.55,18345.7,18497.15,1,2.9735194576385737e-05,18561.27,18504.4,18551.45994519424,18392.883202978202,62.74499924421828,0.003497952545618223,-203.89999999999782
2022-12-13,18524.4,18617.25,18490.2,18608.0,1,0.005992815109354677,18554.32,18514.63,18560.15841516436,18408.81778053537,65.77327223070867,0.0049587246775399645,-34.75
2022-12-14,18671.25,18696.1,18632.9,18660.3,0,0.002810619088563948,18574.28,18527.1625,18575.56481283138,18427.446093088307,59.62210572302317,0.004516761910481188,99.79999999999927
2022-12-15,18614.4,18652.9,18387.7,18414.9,0,-0.013150913972444056,18535.39,18530.712499999998,18550.84714931886,18426.51675285954,45.67933942685571,0.007614709709834078,-194.4499999999971
2022-12-16,18319.1,18440.95,18255.15,18269.0,1,-0.007922931973564973,18489.870000000003,18528.78,18507.48604942365,18414.848845240314,38.04192957459801,0.007898842536228256,-227.59999999999854
2022-12-19,18288.1,18431.65,18244.55,18420.45,0,0.008289999452624652,18474.530000000002,18541.805,18494.095887973857,18415.263745592885,42.54001812141353,0.009288274281054667,-76.70000000000073
2022-12-20,18340.3,18404.9,18202.65,18385.3,0,-0.0019082052827157359,18429.989999999998,18548.859999999997,18477.3580590548,18413.0442088823,34.70166085708435,0.008481606846776873,-222.70000000000073
2022-12-21,18435.15,18473.35,18162.75,18199.1,0,-0.010127656334136592,18337.75,18545.4525,18434.54912689252,18397.19648970583,27.303337526826013,0.008477183618112316,-461.2000000000007
2022-12-22,18288.8,18318.75,18068.6,18127.35,0,-0.003942502651229973,18280.239999999998,18527.614999999998,18387.28772275521,18377.20786083873,28.23632954501973,0.007150322053473859,-287.5500000000029
2022-12-23,17977.65,18050.45,17779.5,17806.8,1,-0.017683224519855267,18187.8,18492.317499999997,18297.98191925441,18334.955426702527,22.43797195253505,0.009675109930156967,-462.2000000000007
2022-12-26,17830.4,18084.1,17774.25,18014.6,1,0.011669699216029894,18106.629999999997,18464.91,18254.384700907576,18311.225395094934,32.27317623818254,0.010884664271372085,-405.8500000000022
2022-12-27,18089.8,18149.25,17967.45,18132.3,0,0.006533589421913399,18056.03,18440.6225,18235.602439229486,18297.97166212494,38.15294378043381,0.011968268836189688,-253.0
2022-12-28,18084.75,18173.1,18068.35,18122.5,1,-0.0005404719754250609,18040.71,18408.829999999998,18218.20206396341,18284.973761226796,36.232785679948016,0.011227873853915387,-76.59999999999854
2022-12-29,18045.7,18229.7,17992.8,18191.0,0,0.00377983170092433,18053.44,18377.754999999997,18214.017131045963,18278.012741876664,41.13637682000121,0.01121738253852854,63.650000000001455
2022-12-30,18259.1,18265.25,18080.3,18105.3,1,-0.004711120883953646,18113.139999999996,18348.215,18197.29141857735,18265.219205441354,39.169729968768074,0.006317728345578838,298.5
2023-01-02,18131.7,18215.15,18086.5,18197.45,1,0.005089669875671943,18149.71,18323.035,18197.315815719296,18260.19926429755,38.53436478900777,0.004603146883124027,182.85000000000218
2023-01-03,18163.2,18251.95,18149.8,18232.55,0,0.0019288416783669327,18169.76,18302.525,18202.73645945479,18258.151170645877,37.9381327016891,0.003880907732093648,100.25
2023-01-04,18230.65,18243.0,18020.6,18042.95,0,-0.01039898423424035,18153.85,18276.6475,18178.153927230975,18242.210343190625,39.17081550062596,0.006529310307471183,-79.54999999999927
2023-01-05,18101.95,18120.3,17892.6,17992.15,0,-0.002815504116566281,18114.079999999998,18245.7875,18149.53793842621,18223.687354806134,41.467098166127336,0.006001933234753816,-198.84999999999854
2023-01-06,18008.05,18047.4,17795.55,17859.45,1,-0.007375438733003059,18064.910000000003,18213.93,18104.909024822176,18196.706810005682,32.50701590271281,0.006388496278582426,-245.84999999999854
2023-01-09,17952.55,18141.4,17936.15,18101.2,0,0.013536251116355702,18045.66,18194.1325,18104.338405618764,18189.632231486743,42.15236727252641,0.00938297357245805,-96.25
2023-01-10,18121.3,18127.6,17856.0,17914.15,0,-0.010333569045146151,17981.98,18159.44,18075.078650908184,18169.226140265502,42.132582346282405,0.010000156482636474,-318.3999999999978
2023-01-11,17924.25,17976.35,17824.35,17895.7,0,-0.0010299121085846075,17952.53,18121.21,18047.481935383847,18148.964944690277,43.41023525730383,0.009226854868980904,-147.25
2023-01-12,17920.85,17945.8,17761.65,17858.2,1,-0.0020954754494096894,17925.74,18093.375,18018.361637632486,18127.426800639143,51.7428455174285,0.009208813638303866,-133.95000000000073
2023-01-13,17867.5,17999.35,17774.25,17956.6,0,0.005510073803630666,17945.17,18077.755,18008.85984722749,18114.772963554762,47.87576911807793,0.00893842346538479,97.14999999999782
2023-01-16,18033.15,18049.65,17853.65,17894.85,1,-0.0034388469977613134,17903.9,18051.475,17991.319870730953,18098.482373661816,40.931831201069265,0.005667558767441777,-206.35000000000218
2023-01-17,17922.8,18072.05,17886.95,18053.3,1,0.008854502831820321,17931.73,18034.875,18000.855275233884,18095.135531168347,47.62672336922969,0.005335528825538608,139.14999999999782
2023-01-18,18074.3,18183.75,18032.45,18165.35,0,0.006206621504101673,17985.659999999996,18033.1875,18026.162155967133,18100.336602933654,49.14582570182152,0.005437840659002597,269.6499999999978
2023-01-19,18119.8,18155.2,18063.75,18107.85,0,-0.0031653670311885262,18035.589999999997,18032.2125,18038.729516587573,18100.893150864493,50.08654335652467,0.005703401886206273,249.64999999999782
2023-01-20,18115.6,18145.45,18016.2,18027.65,1,-0.004429018353918179,18049.8,18043.255,18037.024975574102,18095.46773228194,44.19010470129336,0.006227780681596843,71.05000000000291
2023-01-23,18118.45,18162.6,18063.45,18118.55,0,0.005042254536780977,18094.54,18048.4525,18049.56728702424,18097.177529890683,46.2428317184101,0.005930629606426914,223.70000000000073
2023-01-24,18183.95,18201.25,18078.65,18118.3,0,-1.3798013637988937e-05,18107.539999999997,18047.7525,18060.141550558972,18098.742157306187,52.837507060817124,0.004767900353735852,65.0
2023-01-25,18093.35,18100.6,17846.15,17891.95,0,-0.012492893924926696,18052.86,18036.225,18034.265927396053,18083.42421972795,46.66733186988621,0.006437760540250403,-273.3999999999978
2023-01-27,17877.2,17884.75,17493.55,17604.35,1,-0.016074268036742945,17952.16,18006.892499999998,17968.125015488968,18047.93724048884,42.307924255216406,0.008704259036366027,-503.5
2023-01-30,17541.95,17709.15,17405.55,17648.95,1,0.0025334647402490695,17876.420000000002,17984.075,17919.021166952203,18018.38263008226,34.52311693644977,0.009461149890036638,-378.7000000000007
2023-01-31,17731.45,17735.7,17537.55,17662.15,0,0.0007479198479229954,17785.14,17957.31,17879.502525882635,17991.995027853944,40.211311373523905,0.008564735936630421,-456.3999999999978
2023-02-01,17811.6,17972.2,17353.4,17616.3,0,-0.0025959466995808533,17684.739999999998,17926.4975,17839.009829593,17964.16576653143,39.37319336680352,0.00825671167952372,-502.0
2023-02-02,17517.1,17653.9,17445.95,17610.4,1,-0.0003349170938277135,17628.43,17904.870000000003,17803.839086578693,17937.96089493651,40.342946219797355,0.0074626366631862446,-281.5499999999993
2023-02-03,17721.75,17870.3,17584.2,17854.05,0,0.0138355744332892,17678.370000000003,17897.965,17811.563842489664,17931.74527308936,46.40994223700334,0.006422674613255191,249.70000000000073
2023-02-06,17818.55,17823.7,17698.35,17764.6,0,-0.005010067743733249,17701.5,17893.2225,17804.338635952794,17919.36414174941,45.526975514269026,0.007333308659122013,115.64999999999782
2023-02-07,17790.1,17811.15,17652.55,17721.5,1,-0.00242617340103346,17713.370000000003,17874.2375,17791.594230421597,17904.70753865686,37.62494405490077,0.007530857664749347,59.349999999998545
2023-02-08,17750.3,17898.7,17744.15,17871.7,1,0.008475580509550662,17764.45,17872.114999999998,17803.91819497212,17902.26253579339,39.350861287398054,0.007938443639490672,255.40000000000146
2023-02-09,17885.5,17916.9,17779.8,17893.45,0,0.0012170078951638796,17821.06,17872.0025,17817.692318822563,17901.60975536425,42.017870439315026,0.007809238127088198,283.0499999999993
2023-02-10,17847.55,17876.95,17801.0,17856.5,0,-0.0020650014390740656,17821.55,17871.917500000003,17823.6627313114,17898.268292003937,43.41604154645119,0.005209620371442284,2.4500000000007276
2023-02-13,17859.1,17880.7,17719.75,17770.9,1,-0.004793772575812594,17822.809999999998,17862.6325,17815.545388032726,17888.833603707346,36.57151686044275,0.005157861542817101,6.30000000000291
2023-02-14,17840.35,17954.55,17800.05,17929.85,1,0.008944397863923426,17864.48,17864.3825,17833.13071295077,17891.871855284582,43.51581048067987,0.006180980019625275,208.34999999999854
2023-02-15,17896.6,18034.1,17853.8,18015.85,1,0.004796470689938825,17893.309999999998,17862.510000000002,17861.241372496806,17901.0554215598,54.718921389396634,0.005445523088940617,144.14999999999782
2023-02-16,18094.75,18134.75,18000.65,18035.85,0,0.0011101335768226583,17921.79,17856.034999999996,17888.10423826653,17911.04020514796,70.6419823957138,0.005447708811669931,142.39999999999782
2023-02-17,17974.85,18034.25,17884.6,17944.2,0,-0.005081545921040487,17939.329999999998,17847.8525,17896.734355456294,17913.496486248114,63.51567864499894,0.006084645834340832,87.70000000000073
2023-02-20,17965.55,18004.35,17818.4,17844.6,0,-0.0055505400073562194,17954.07,17838.7,17888.713685386094,17908.39304282233,57.73978704449998,0.006271194729126669,73.69999999999709
2023-02-21,17905.8,17924.9,17800.3,17826.7,0,-0.0010031045806573324,17933.44,17824.107500000002,17879.173118403618,17902.341706316973,59.14226123229353,0.004339124614809757,-103.14999999999782
2023-02-22,17755.35,17772.5,17529.45,17554.3,0,-0.01528045011134993,17841.13,17795.9075,17829.192638649216,17876.56083918238,48.020745131244624,0.006308259180019787,-461.5499999999993
2023-02-23,17574.65,17620.05,17455.4,17511.25,0,-0.00245239058236435,17736.21,17776.8725,17780.278386549337,17849.500777020723,35.91155679763271,0.005582269832899656,-524.5999999999985
2023-02-24,17591.35,17599.75,17421.8,17465.8,0,-0.0025954743379256184,17640.53,17769.945,17731.89709631098,17821.07849724141,37.25908238103358,0.005777750963550012,-478.40000000000146
2023-02-27,17428.6,17451.6,17299.0,17392.7,0,-0.004185322172474137,17550.15,17757.1325,17679.71292764775,17789.34675670501,36.32961915848991,0.005799680604088261,-451.8999999999978
2023-02-28,17383.25,17440.45,17255.2,17303.95,1,-0.005102715507080524,17445.6,17739.222499999996,17621.903246471174,17753.391441393527,25.123778644349883,0.005347238068937502,-522.75
2023-03-01,17360.1,17467.75,17345.25,17450.9,0,0.008492280664241347,17424.920000000002,17730.9525,17595.59505470638,17730.98466795697,32.52655269080424,0.005513496650400141,-103.39999999999782
2023-03-02,17421.5,17445.8,17306.0,17321.9,1,-0.007392168885272388,17387.05,17716.5275,17553.48812321309,17700.68209996016,30.322438162544145,0.006200761280687272,-189.34999999999854
2023-03-03,17451.25,17644.75,17427.7,17594.35,1,0.015728644086387522,17412.760000000002,17703.5425,17559.77456579569,17692.805648111258,44.287332146901676,0.010078881108373999,128.54999999999927
2023-03-06,17680.35,17799.95,17671.95,17711.45,1,0.006655545672332508,17476.510000000002,17700.885000000002,17583.10924798097,17694.186711214126,42.736464014899624,0.009707093916917896,318.75
2023-03-08,17665.75,17766.5,17602.25,17754.4,0,0.002424984967351662,17566.6,17702.530000000002,17609.461671368514,17698.646954827895,41.04837881329828,0.008515747931820415,450.4500000000007
2023-03-09,17772.05,17772.35,17573.6,17589.6,0,-0.009282206101023038,17594.340000000004,17688.425,17606.40602961951,17690.56940261842,36.09942995981686,0.010309408356613396,138.6999999999971
2023-03-10,17443.8,17451.5,17324.35,17412.9,0,-0.010045708827943645,17612.54,17664.3975,17576.63587121651,17670.00129872076,34.282925097621614,0.010938851165109353,91.0
2023-03-13,17421.9,17529.9,17113.45,17154.3,0,-0.014851058697862074,17524.530000000002,17629.2875,17511.661121798585,17631.801202519222,31.335171966255714,0.009107963996108455,-440.0499999999993
2023-03-14,17160.55,17224.65,16987.1,17043.3,0,-0.006470680820552244,17390.9,17592.9075,17439.6055645988,17588.20852085113,29.833187458168155,0.006386602214927798,-668.1500000000015
2023-03-15,17166.45,17211.35,16938.9,16972.15,1,-0.004174661010484915,17234.45,17545.0225,17367.689323891296,17542.57455634364,33.28164038942023,0.004033708404982502,-782.25
2023-03-16,16994.65,17062.45,16850.15,16985.6,1,0.0007924747306615743,17113.65,17493.510000000002,17308.906350984944,17501.317181799666,34.6431388588623,0.00591371943038409,-604.0
2023-03-17,17111.8,17145.8,16958.15,17100.05,0,0.006738060474755114,17051.079999999998,17446.719999999998,17276.77460467957,17471.593686851542,39.72872026734814,0.008082797490305544,-312.8500000000022
2023-03-20,17066.6,17066.6,16828.35,16988.4,1,-0.0065292206747932235,17017.9,17398.93,17232.40928088271,17435.801561899578,38.88675096206707,0.005686744457509023,-165.89999999999782
2023-03-21,17060.4,17127.7,17016.0,17107.5,1,0.007010666101575191,17030.739999999998,17362.075,17213.192468439218,17411.482927684792,44.68867439911317,0.006170340897080526,64.20000000000073
2023-03-22,17177.45,17207.25,17107.85,17151.9,0,0.0025953529153881494,17066.690000000002,17328.335,17203.762857910107,17392.254562671103,41.4414930158003,0.005523639848993925,179.75
2023-03-23,17097.4,17205.4,17045.3,17076.9,0,-0.0043726934042293,17084.95,17304.465,17184.245495154704,17368.894965436208,42.76346880907371,0.006267265995957712,91.30000000000291
2023-03-24,17076.2,17109.45,16917.35,16945.05,1,-0.007720956379670962,17053.950000000004,17276.155,17147.446188207825,17337.49904207056,29.084525190052858,0.0063440702944375284,-155.0
2023-03-27,16984.3,17091.0,16918.55,16985.7,0,0.0023989306611666983,17053.41,17252.15,17122.562159252775,17311.43985376904,25.41080806369642,0.005923938844693841,-2.7000000000007276
2023-03-28,17031.75,17061.75,16913.75,16951.7,1,-0.0020016837692883316,17022.25,17230.1,17096.275673213888,17284.792457193555,22.63771475320422,0.004434671799396859,-155.79999999999927
2023-03-29,16977.3,17126.15,16940.6,17080.7,1,0.0076098562386073265,17008.010000000002,17218.937500000004,17093.879415796368,17269.67449740144,32.21872816212442,0.005980492465417258,-71.20000000000073
2023-03-31,17210.35,17381.6,17204.65,17359.75,1,0.016337152458622883,17064.579999999998,17214.38,17134.782582596927,17276.346756853185,48.266866664492724,0.00920489571849345,282.84999999999854
2023-04-03,17427.95,17428.05,17312.75,17398.05,1,0.0022062529702329137,17155.18,17218.1875,17175.2852621974,17285.361811901097,59.28182475914858,0.0070437156365550525,453.0
2023-04-05,17422.3,17570.55,17402.7,17557.05,1,0.009138955227740997,17269.45,17216.322500000002,17234.018298782416,17305.48686287139,68.87329635208117,0.006992055062758072,571.3499999999985
2023-04-06,17533.85,17638.7,17502.85,17599.15,1,0.002397897141034555,17398.940000000002,17210.7075,17290.192406662045,17327.239687843878,73.53603603603604,0.005806063398248348,647.4500000000007
2023-04-10,17634.9,17694.1,17597.95,17624.05,1,0.0014148410576646508,17507.609999999997,17204.19,17341.555113329425,17349.22563689248,73.76158398154008,0.006415879534718158,543.3499999999985
2023-04-11,17704.8,17748.75,17655.15,17722.3,1,0.005574768569085897,17580.12,17210.825,17400.131249740283,17376.860774900444,73.4413260501036,0.0032112572058826724,362.5499999999993
2023-04-12,17759.55,17825.75,17717.25,17812.4,1,0.005083990227002344,17662.99,17230.8,17463.5572113187,17409.122939722634,81.55395573255714,0.0030292944297620355,414.3500000000022
2023-04-13,17807.3,17842.15,17729.65,17828.0,0,0.0008757943904245113,17717.18,17264.485,17519.625332654286,17440.15087011355,79.9658958575943,0.0021410180047312364,270.9500000000007
2023-04-17,17863.0,17863.0,17574.05,17706.85,0,-0.006795490240071866,17738.72,17297.6625,17548.429127630552,17459.90636121625,71.69553149067576,0.004957276796902579,107.69999999999709
2023-04-18,17766.6,17766.6,17610.2,17660.15,0,-0.0026373973914048943,17745.940000000002,17332.0625,17565.61695414893,17474.73922334838,73.31787470515329,0.005242689434428546,36.10000000000218
2023-04-19,17653.35,17666.15,17579.85,17618.75,1,-0.002344260949086019,17725.23,17363.72,17573.791268895246,17485.406688285537,79.03378727805553,0.0044293266911332885,-103.54999999999927
2023-04-20,17638.6,17684.45,17584.35,17624.45,0,0.000323518978361248,17687.640000000003,17389.94,17581.584919834437,17495.70619285698,78.38258164852255,0.0030464599451931187,-187.95000000000073
2023-04-21,17639.75,17663.2,17553.95,17624.05,1,-2.2695743697065396e-05,17646.85,17421.7225,17588.11800909068,17505.213141534237,80.79512664315475,0.0028457900018125995,-203.95000000000073
2023-04-24,17707.55,17754.5,17612.5,17743.4,1,0.006771996221073051,17654.16,17453.517499999998,17612.00754615365,17522.8566125317,80.62384473197775,0.003792820384620822,36.55000000000291
2023-04-25,17761.55,17807.45,17716.85,17769.25,1,0.0014568797411995682,17675.98,17484.385000000002,17636.19869289924,17541.10797456639,74.7043918918918,0.0033886295592207272,109.09999999999854
2023-04-26,17767.3,17827.75,17711.2,17813.6,1,0.002495884744713406,17714.95,17521.22,17663.491201683973,17561.29256904295,74.88770437803187,0.002738811395144857,194.84999999999854
2023-04-27,17813.1,17931.6,17797.9,17915.05,1,0.00569508689989684,17773.07,17569.72,17702.192555271056,17587.496823187917,73.02843175093263,0.0028667526971609073,290.59999999999854
2023-04-28,17950.4,18089.15,17885.3,18065.0,1,0.008370057577288481,17861.26,17623.685,17758.009085229358,17622.867428877704,76.31474891261355,0.002906710808366305,440.9500000000007
2023-05-02,18124.8,18180.25,18101.75,18147.65,0,0.004575145308607809,17942.11,17683.4825,17817.953841347917,17661.7402119238,77.76540460282105,0.002724268351949381,404.25
2023-05-03,18113.8,18116.35,18042.4,18089.85,1,-0.003184985383782646,18006.23,17733.94,17859.784019602084,17693.45204807759,70.36400908637576,0.00434017186977899,320.59999999999854
2023-05-04,18081.0,18267.45,18066.7,18255.8,0,0.009173652628407636,18094.67,17778.7425,17920.709555047917,17735.107451923694,72.66176019625856,0.004909347278400042,442.2000000000007
2023-05-05,18117.3,18216.95,18055.45,18069.0,1,-0.010232364508813596,18125.46,17812.29,17943.52346965593,17759.84023326268,60.48281861678984,0.008289268609290896,153.95000000000073
2023-05-08,18120.6,18286.95,18100.3,18264.4,1,0.010814101499806439,18165.340000000004,17847.6575,17992.889089708864,17797.21503079878,72.78038815117466,0.008832233703843803,199.40000000000146
2023-05-09,18303.4,18344.2,18229.65,18265.95,1,8.486454523559672e-05,18189.0,17880.997499999998,18034.898460522887,17831.9361396285,75.69998303071417,0.008762060126090453,118.29999999999927
2023-05-10,18313.6,18326.75,18211.95,18315.1,0,0.002690799000325539,18234.05,17915.55,18078.00638967321,17867.726055211573,79.34842162936718,0.008391128049949575,225.25
2023-05-11,18357.8,18389.7,18270.4,18297.0,1,-0.0009882555923800274,18242.29,17944.285,18111.69771433887,17899.5241251959,78.0521376433784,0.007562204630646747,41.20000000000073
2023-05-12,18273.75,18342.75,18194.55,18314.8,1,0.000972837077116484,18291.45,17969.405,18142.944219825196,17930.285301107317,78.39904617029146,0.004723951652216504,245.79999999999927
2023-05-15,18339.3,18458.9,18287.9,18398.85,0,0.004589184703081672,18318.340000000004,17997.9475,18182.314339852088,17964.99379732159,77.75331329127314,0.0022038860623619393,134.4499999999971
2023-05-16,18432.35,18432.35,18264.35,18286.5,0,-0.006106359908363723,18322.45,18026.93,18198.34290295177,17988.809071594063,70.40675425099619,0.0041001042678839444,20.549999999999272
2023-05-17,18300.45,18309.0,18115.35,18181.75,0,-0.005728269488420423,18295.78,18053.01,18195.790148651497,18003.100992216725,63.86367915646776,0.004542586077556894,-133.34999999999854
2023-05-18,18287.5,18297.2,18104.85,18129.95,1,-0.0028490106837900653,18262.370000000003,18078.57,18185.660895012807,18012.497215015486,58.40701040607158,0.004571209048841638,-167.04999999999927
2023-05-19,18186.15,18218.1,18060.4,18203.4,1,0.004051307367091583,18240.09,18107.5175,18188.38998808776,18026.63816205138,55.75898801597876,0.005205462145317001,-111.39999999999782
2023-05-22,18201.1,18335.25,18178.85,18314.4,1,0.006097761956557646,18223.200000000004,18142.034999999996,18207.77614376657,18047.953853751278,56.778730842717195,0.00565024093314539,-84.44999999999709
2023-05-23,18362.9,18419.75,18324.2,18348.0,0,0.001834621936836589,18235.5,18172.265,18229.349044725557,18070.179494214146,60.70495542193669,0.0048880168734483625,61.5
2023-05-24,18294.8,18392.6,18262.95,18285.4,1,-0.003411816001744006,18256.23,18198.072500000002,18237.972268613932,18086.12175390199,51.34252539912929,0.004188339301861454,103.65000000000146
2023-05-25,18268.9,18338.1,18202.4,18321.15,1,0.001955111728482839,18294.47,18223.45,18250.76884267333,18103.53125361295,63.25222052872254,0.003544752784305924,191.20000000000073
2023-05-26,18368.35,18508.55,18333.15,18499.35,1,0.009726463677225405,18353.66,18252.665,18289.012097646664,18132.85116075273,62.575603489803584,0.0049526178685954745,295.9499999999971
2023-05-29,18619.15,18641.2,18581.25,18598.65,1,0.005367756164405879,18410.510000000002,18279.3475,18336.648698008714,18167.35477847475,66.12074813450934,0.004857166922719023,284.25
2023-05-30,18606.65,18662.45,18575.5,18633.85,0,0.0018926104851695325,18467.68,18303.6575,18382.371975238144,18201.909980069213,65.65646642762431,0.00485347462150348,285.84999999999854
2023-05-31,18594.2,18603.9,18483.85,18534.4,0,-0.005337061315831004,18517.480000000003,18325.885000000002,18405.760902124584,18226.53887043446,60.797780405712906,0.005529172761958089,249.0
2023-06-01,18579.4,18580.3,18464.55,18487.75,1,-0.0025169414709945714,18550.8,18337.482500000002,18418.374609490034,18245.88784299487,57.6652040952002,0.006023628193120782,166.59999999999854
2023-06-02,18550.85,18573.7,18478.4,18534.1,1,0.002507065489310456,18557.75,18360.7375,18436.17851572234,18267.23689166192,56.20156815993403,0.004265182690608499,34.75
2023-06-05,18612.0,18640.15,18582.8,18593.85,1,0.003223787505193032,18556.79,18377.21,18460.43566714967,18291.430455242516,64.8070530423472,0.0037104159429174367,-4.80000000000291
2023-06-06,18600.8,18622.75,18531.6,18599.0,1,0.00027697330031184464,18549.82,18393.8625,18481.753256818953,18314.213384483814,72.23554489741558,0.003566946936275959,-34.849999999998545
2023-06-07,18665.6,18738.95,18636.0,18726.4,0,0.00684983063605582,18588.219999999998,18414.427499999998,18519.391217308344,18344.7457263739,79.41510085318359,0.0034865452930532416,192.0
2023-06-08,18725.35,18777.9,18615.6,18634.55,0,-0.004904840225564033,18617.579999999998,18431.305,18537.10795310706,18366.212709605465,70.88399128118185,0.0043325245563853795,146.79999999999927
2023-06-09,18655.9,18676.65,18555.4,18563.4,1,-0.0038181764518058214,18623.440000000002,18443.735,18541.15288339828,18380.819175560613,62.54534461910527,0.00488609836585385,29.30000000000291
2023-06-12,18595.05,18633.6,18559.75,18601.5,1,0.0020524257409741953,18624.97,18453.8675,18550.43705518316,18397.165903296867,62.714414685525206,0.004738239345186958,7.650000000001455
2023-06-13,18631.8,18728.9,18631.8,18716.15,1,0.006163481439668939,18648.4,18475.35,18575.93135438575,18420.79435490451,70.53243719910392,0.0054706270524314425,117.15000000000146
2023-06-14,18744.6,18769.7,18690.0,18755.9,0,0.002123834228727528,18654.3,18504.057500000003,18603.618838326405,18445.61699528195,70.64438007502736,0.004605018892308983,29.5
2023-06-15,18774.45,18794.1,18669.05,18688.1,1,-0.0036148625232594878,18665.010000000002,18531.965000000004,18616.61594012234,18463.57869933514,60.01273142008378,0.004262263054450616,53.54999999999927
2023-06-16,18723.3,18864.7,18710.5,18826.0,0,0.007379027295444818,18717.53,18563.095,18648.828872411214,18490.42472160661,61.585894103857626,0.004314071965203711,262.59999999999854
2023-06-19,18873.3,18881.45,18719.15,18755.45,1,-0.0037474768936576197,18748.32,18585.1475,18665.232122809488,18510.056223709824,55.98130841121504,0.0052504461301938815,153.95000000000073
2023-06-20,18752.35,18839.7,18660.65,18816.7,1,0.0032657174314665305,18768.43,18608.5825,18688.53487314649,18532.770577509094,64.42808954308481,0.004766837393407989,100.54999999999927
2023-06-21,18849.4,18875.9,18794.85,18856.85,0,0.002133742898595248,18788.620000000003,18637.155,18714.42950804703,18556.77646065657,68.99053303148783,0.004767381219639561,100.94999999999709
2023-06-22,18853.6,18886.6,18759.5,18771.25,0,-0.004539464438652163,18805.25,18659.659999999996,18723.171122193642,18572.663389496825,61.72790663171954,0.00500707838374598,83.15000000000146
2023-06-23,18741.85,18756.4,18647.1,18665.5,1,-0.005633615236065759,18773.15,18667.9675,18714.29864185616,18579.540175460024,53.3891490468758,0.004095237904117502,-160.5
2023-06-26,18682.35,18722.05,18646.7,18691.2,1,0.001376871768771215,18760.3,18672.594999999998,18710.74500464752,18587.811273574098,54.278025241276936,0.00409726506849658,-64.25
2023-06-27,18748.55,18829.25,18714.25,18817.4,1,0.0067518404382811426,18760.44,18681.7725,18727.15346547098,18604.817845901944,54.227053140096615,0.005108295810572212,0.7000000000007276
2023-06-28,18908.15,19011.25,18861.35,18972.1,1,0.008221114500408966,18783.489999999998,18703.657499999998,18764.837547706215,18632.023931390686,64.81457098968622,0.00632028017648342,115.25
2023-06-30,19076.85,19201.7,19024.6,19189.05,1,0.011435212759789426,18867.05,18738.722499999996,18830.10100190526,18673.285121658046,74.34341076222708,0.00669765707535432,417.7999999999993
2023-07-03,19246.5,19345.1,19234.4,19322.55,1,0.0069570927169402275,18998.46,18778.145,18905.862386227527,18721.378816350043,76.11648375529714,0.0036342787796711344,657.0499999999993
2023-07-04,19406.6,19434.15,19300.0,19389.0,1,0.0034389870902133968,19138.02,18817.902500000004,18980.191249884832,18770.83223736115,75.25239256896222,0.00288337511356334,697.7999999999993
2023-07-05,19405.95,19421.6,19339.6,19398.5,1,0.0004899685388621844,19254.239999999998,18857.877500000002,19044.546442210245,18817.32614570477,74.67741935483866,0.004250038629356774,581.0999999999985
2023-07-06,19385.7,19512.2,19373.0,19497.3,0,0.0050931773075237885,19359.28,18896.4225,19114.20083571636,18867.69457935627,80.35258814703687,0.004088462415496554,525.2000000000007
2023-07-07,19422.8,19523.6,19303.6,19331.8,1,-0.008488354797843822,19387.829999999998,18931.285,19147.677630221537,18902.072758663213,68.58738791709544,0.006067079888060624,142.75
2023-07-10,19400.35,19435.85,19327.1,19355.9,1,0.0012466505964268126,19394.5,18970.91,19179.711840956683,18935.689591354825,72.84556557470614,0.005267339842108096,33.35000000000218
2023-07-11,19427.1,19515.1,19406.45,19439.4,0,0.0043139301194985435,19404.579999999998,19012.805,19219.663865424885,18973.001473476692,73.29766536964986,0.005408017713844094,50.400000000001455
2023-07-12,19497.45,19507.7,19361.75,19384.3,1,-0.00283444962293089,19401.739999999998,19046.2125,19244.992501513363,19003.468030996934,69.51566951566952,0.005614742493962118,-14.200000000000728
2023-07-13,19495.2,19567.0,19385.8,19413.75,1,0.0015192707500399916,19385.03,19079.105,19270.95519358823,19033.859287960124,74.80311920938843,0.004973883198293799,-83.54999999999927
2023-07-14,19493.45,19595.35,19433.5,19564.5,1,0.007765114931427508,19431.57,19122.925,19316.115933036195,19073.166007370484,83.53977018355458,0.003935509062456088,232.70000000000073
2023-07-17,19612.15,19731.85,19562.95,19711.45,1,0.007511053183061112,19502.68,19167.197500000002,19376.936558722933,19120.446303120818,84.90540216907856,0.004440458186913521,355.5499999999993
2023-07-18,19787.5,19819.45,19690.2,19749.25,1,0.0019176671427012515,19564.65,19216.8875,19434.215549688633,19167.0243547415,83.93357852955087,0.004480689669291299,309.84999999999854
2023-07-19,19802.95,19851.7,19727.45,19833.15,1,0.004248262592250418,19654.420000000002,19267.71,19495.590080505768,19216.366995131022,83.06008830869641,0.0029707493229673564,448.8500000000022
2023-07-20,19831.7,19991.85,19758.4,19979.15,0,0.007361412584486082,19767.5,19323.825,19569.98391427411,19272.869439936134,82.08397628522691,0.0025836052676214707,565.4000000000015
2023-07-21,19800.45,19887.4,19700.0,19745.0,0,-0.011719717805812602,19803.6,19372.5125,19596.909465924247,19307.842074014938,65.85832801531582,0.007942224690312626,180.5
2023-07-24,19748.45,19782.75,19658.3,19672.35,1,-0.003679412509496105,19795.780000000002,19422.855,19608.5157019359,19334.84266112494,60.58737809662582,0.00751838947788282,-39.10000000000218
2023-07-25,19729.35,19729.35,19615.95,19680.6,1,0.00041937033450500927,19782.05,19472.325,19619.605593945762,19360.454315856427,60.55052733936707,0.007433578702664007,-68.65000000000146
2023-07-26,19733.35,19825.6,19716.7,19778.3,0,0.004964279544322769,19771.079999999998,19520.370000000003,19644.020117954104,19391.40584801521,60.51804162299737,0.007557965743852463,-54.85000000000218
2023-07-27,19850.9,19867.55,19603.55,19659.9,0,-0.005986358787155477,19707.23,19554.760000000002,19646.463176730394,19411.294303717787,62.72988282765578,0.00633116349013532,-319.25
2023-07-28,19659.75,19695.9,19563.1,19646.05,1,-0.0007044796769059003,19687.44,19577.61,19646.399611079563,19428.683614553505,61.34772576166436,0.004174852222977837,-98.95000000000073
2023-07-31,19666.35,19772.75,19597.6,19753.8,0,0.00548456305465983,19703.73,19599.172499999997,19662.922747836554,19452.766309771763,62.0672449527902,0.004683563451698504,81.45000000000073
2023-08-01,19784.0,19795.6,19704.6,19733.55,0,-0.0010251192175683155,19714.32,19616.4,19673.788478938623,19473.56510164052,63.773317032771956,0.004759580439870012,52.95000000000073
2023-08-02,19655.4,19678.25,19423.55,19526.55,0,-0.010489749690248296,19663.97,19622.802499999998,19651.136405255755,19477.48990892641,53.9020340390203,0.006023566851763507,-251.75
2023-08-03,19463.75,19537.65,19296.45,19381.65,1,-0.0074206657089961325,19608.32,19617.02,19609.67695829333,19470.390656413343,43.64905699697828,0.006258062022271712,-278.25
2023-08-04,19462.8,19538.85,19436.45,19517.0,1,0.006983409565233023,19582.510000000002,19626.28,19595.418964709737,19473.843200382726,43.19128821037149,0.007691465513126975,-129.04999999999927
2023-08-07,19576.85,19620.45,19524.8,19597.3,0,0.004114361838397196,19551.21,19638.35,19595.70835475439,19482.988148502525,44.83321432214626,0.0074088101877903285,-156.5
2023-08-08,19627.2,19634.4,19533.1,19570.85,1,-0.0013496757206350463,19518.67,19644.9225,19591.883992484487,19489.496433798635,40.718329794762816,0.007404290015636139,-162.70000000000073
2023-08-09,19578.8,19645.5,19467.5,19632.55,0,0.003152647943242215,19539.87,19657.335,19598.140301333027,19500.092994257997,36.95717618725062,0.005623984905447565,106.0
2023-08-10,19605.55,19623.6,19495.4,19543.1,0,-0.0045562089489139534,19572.159999999996,19663.802499999998,19589.672562666405,19503.278698387032,41.47381756756751,0.004590467957842018,161.4499999999971
2023-08-11,19554.25,19557.75,19412.75,19428.3,1,-0.005874196007798149,19554.42,19656.9925,19564.846014563882,19497.724720728736,40.04811809321862,0.004468793010545877,-88.70000000000073
2023-08-14,19383.95,19465.85,19257.9,19434.55,1,0.0003216956707483565,19521.87,19643.1475,19544.800473861746,19493.045111785865,39.950169505371086,0.003651454052858522,-162.75
2023-08-16,19369.0,19482.75,19317.2,19465.0,0,0.0015667972759854099,19500.7,19628.935,19532.523477883013,19490.96769609802,36.45950384648631,0.00393554050133624,-105.84999999999854
2023-08-17,19450.55,19461.55,19326.25,19365.25,0,-0.005124582584125403,19447.239999999998,19605.54,19506.78909667024,19481.655274164834,37.05688556995381,0.003417977921819898,-267.2999999999993
2023-08-18,19301.75,19373.8,19253.6,19310.15,1,-0.0028453027975366973,19400.65,19572.09,19476.53692795174,19468.951179782256,35.76091564222132,0.0032723995865214088,-232.9499999999971
2023-08-21,19320.65,19425.95,19296.3,19393.6,1,0.004321561458610956,19393.71,19554.519999999997,19463.777400574552,19463.369610909496,34.40962603878104,0.003707152846434562,-34.70000000000073
2023-08-22,19417.1,19443.5,19381.3,19396.45,1,0.00014695569672484865,19386.09,19540.725,19453.419338947697,19458.412602693978,35.186324485849894,0.0037000312444692217,-38.099999999998545
2023-08-23,19439.2,19472.05,19366.6,19444.0,0,0.0024514795233148146,19381.89,19528.895,19451.970209878822,19457.34500249442,45.78116216078092,0.0038354883223661587,-21.0
2023-08-24,19535.15,19584.45,19369.0,19386.7,0,-0.0029469245011314316,19386.18,19509.315,19441.928639128233,19452.112039346684,50.28346898680883,0.0032106455947648986,21.450000000000728
2023-08-25,19297.4,19339.55,19229.7,19265.8,1,-0.006236234119267436,19377.31,19489.61,19414.831925416198,19438.311147543223,35.6670090151774,0.004220717974508243,-44.35000000000218
2023-08-28,19298.35,19366.85,19249.7,19306.05,1,0.0020891943236200916,19359.8,19472.61,19398.09624458294,19428.514025502984,32.585949177877424,0.0036718219054577266,-87.54999999999927
2023-08-29,19374.85,19377.9,19309.1,19342.65,1,0.0018957787843707496,19349.04,19452.0525,19389.56605310864,19422.153727317578,36.51937618147468,0.003874098708794228,-53.79999999999927
2023-08-30,19433.45,19452.8,19334.75,19347.45,0,0.00024815627641494586,19329.730000000003,19432.747499999998,19383.086660322693,19416.620117886647,31.944268524382608,0.003560011017429708,-96.54999999999927
2023-08-31,19375.55,19388.2,19223.65,19253.8,1,-0.004840431167931758,19303.15,19419.11,19363.196404888433,19404.559368413564,31.775229935744036,0.0039042888215996803,-132.90000000000146
2023-09-01,19258.15,19458.55,19255.7,19435.3,1,0.009426710571419639,19337.05,19421.792500000003,19374.289265674826,19406.836452234784,50.406787540678756,0.005117532204926545,169.5
2023-09-04,19525.05,19545.15,19432.85,19528.8,1,0.004810833895026123,19381.6,19422.3825,19398.0601478787,19415.87078910628,54.97282752070911,0.005302196906584654,222.75
2023-09-05,19564.65,19587.05,19525.75,19574.9,1,0.002360616115685721,19428.05,19421.2625,19425.266278974283,19427.650730653964,55.704349631475196,0.0052972304224534646,232.25
2023-09-06,19581.2,19636.45,19491.5,19611.05,1,0.0018467527292602703,19480.769999999997,19423.2725,19453.848389901315,19441.235861716636,63.660108925197235,0.005181780245838513,263.59999999999854
2023-09-07,19598.65,19737.0,19550.05,19727.05,1,0.00591503259641879,19575.42,19427.9975,19495.879406839576,19462.407279367257,71.6999791796792,0.0030535314286049874,473.25
2023-09-08,19774.8,19867.15,19728.05,19819.95,1,0.004709269759036516,19652.35,19441.84,19545.73642117195,19488.891925340053,71.97567135714651,0.001741146019830581,384.65000000000146
2023-09-11,19890.0,20008.15,19865.35,19996.35,0,0.008900123360553236,19745.86,19470.2425,19615.061587145494,19526.481412351903,76.2285764253234,0.0028600881798088343,467.5499999999993
2023-09-12,20110.15,20110.35,19914.65,19993.2,1,-0.00015752874899654934,19829.519999999997,19498.175,19673.23672758465,19561.053159585095,74.98180494905387,0.0035287587185756242,418.2999999999993
2023-09-13,19989.5,20096.9,19944.1,20070.0,1,0.0038413060440549707,19921.31,19528.425,19734.277231033167,19598.752925541758,80.53991239831943,0.003295198709615545,458.9500000000007
2023-09-14,20127.95,20167.65,20043.45,20103.1,1,0.0016492277030393243,19996.52,19565.317499999997,19791.019195489604,19636.111968094217,90.61014647395484,0.003432452754735627,376.0499999999993
2023-09-15,20156.45,20222.45,20129.7,20192.35,0,0.004439613790907959,20071.0,19609.427499999998,19852.76239618351,19677.314785272425,91.03620705620895,0.0034164494001823094,372.3999999999978
2023-09-18,20155.95,20195.35,20115.7,20133.3,0,-0.0029243748251194246,20098.39,19646.4125,19895.92202753989,19711.091467844835,85.86202204381556,0.0030159098585565056,136.95000000000073
2023-09-20,19980.75,20050.65,19878.85,19901.4,0,-0.011518230990448575,20080.03,19671.66,19896.764792533755,19725.188396152626,70.8338034525557,0.006601797332521456,-91.79999999999927
2023-09-21,19840.55,19848.75,19709.95,19742.35,0,-0.00799190006733208,20014.5,19686.5775,19873.008670605483,19726.459626067248,67.51263576728684,0.0065970837064375926,-327.65000000000146
2023-09-22,19744.85,19798.65,19657.5,19674.25,1,-0.0034494373770092013,19928.73,19700.954999999998,19842.430413589253,19722.592246358563,59.32342268523945,0.006015168649103978,-428.84999999999854
2023-09-25,19678.2,19734.15,19601.55,19674.55,0,1.524835762478638e-05,19825.170000000002,19721.392499999998,19816.602657652442,19719.033561443113,56.13296865137812,0.004559414860872045,-517.7999999999993
2023-09-26,19682.8,19699.35,19637.45,19664.7,1,-0.0005006467746402343,19731.45,19739.325,19793.2330180136,19715.00885318807,53.89756944444446,0.0049688106127718035,-468.59999999999854
2023-09-27,19637.05,19730.7,19554.0,19716.45,0,0.0026316190941126916,19694.46,19758.015,19781.42024601151,19715.115604803766,54.513532031517734,0.004051713974438868,-184.95000000000073
2023-09-28,19761.8,19766.65,19492.1,19523.55,1,-0.00978370852765087,19650.7,19766.82,19741.747900471273,19700.92556000349,41.824025713137765,0.004748996929181075,-218.79999999999927
2023-09-29,19581.2,19726.25,19551.05,19638.3,0,0.005877517152362177,19643.51,19786.045,19725.832838860308,19696.28662963286,42.827812216211846,0.005848567342104044,-35.95000000000073
2023-10-03,19622.4,19623.2,19479.65,19528.75,0,-0.005578385094432758,19614.35,19790.7175,19695.51240211257,19683.876508919315,30.508545227177933,0.0062798389338793925,-145.79999999999927
2023-10-04,19446.3,19457.8,19333.6,19436.1,1,-0.0047442872687705195,19568.629999999997,19786.0825,19655.60280178756,19665.52269344381,28.39022498060497,0.00640154287591916,-228.60000000000218
2023-10-05,19521.85,19576.95,19487.3,19545.75,1,0.005641563893991064,19534.489999999998,19784.625,19638.70237074332,19656.650642077602,30.169837727427435,0.007088224422005383,-170.70000000000073
2023-10-06,19621.2,19675.75,19589.4,19653.5,0,0.0055127073660514725,19560.48,19786.747499999998,19640.978929090503,19656.417261182964,33.902613677049814,0.005945304615158217,129.95000000000073
2023-10-09,19539.45,19588.95,19480.5,19512.35,1,-0.007181926883252476,19535.29,19776.0125,19621.18986307658,19645.745612206447,26.525821596244157,0.0063118651814159776,-125.95000000000073
2023-10-10,19565.6,19717.8,19565.45,19689.85,1,0.009096802794127834,19567.510000000002,19769.5075,19631.752961064798,19649.01260389486,35.84899639403899,0.00716234395494722,161.09999999999854
2023-10-11,19767.0,19839.2,19756.95,19811.35,0,0.006170692006287615,19642.559999999998,19760.2575,19659.38327474714,19661.03759619894,46.90857907926799,0.006336249640537562,375.25
2023-10-12,19822.7,19843.3,19772.65,19794.0,0,-0.0008757606119723649,19692.21,19750.2975,19680.093540170656,19670.88666314717,51.96425175888958,0.006542051626005801,248.25
2023-10-13,19654.55,19805.4,19635.3,19751.05,0,-0.0021698494493280762,19711.719999999998,19734.35,19691.009918605938,19676.82468809923,52.977667493796496,0.006572752522964633,97.54999999999927
2023-10-16,19737.25,19781.3,19691.85,19731.75,1,-0.0009771632394226515,19755.6,19715.7825,19697.277623435795,19680.893229721507,52.185541800397395,0.00504902366476162,219.40000000000146
2023-10-17,19843.2,19849.75,19775.65,19811.5,0,0.004041709427698992,19779.93,19696.739999999998,19714.850296753368,19690.56780529769,55.32462821907867,0.0036462517373153794,121.65000000000146
2023-10-18,19820.45,19840.95,19659.95,19671.1,0,-0.007086793024253635,19751.879999999997,19673.629999999997,19708.119481868234,19689.125745646008,48.45448658964652,0.003968538191865744,-140.25
2023-10-19,19545.2,19681.8,19512.35,19624.7,0,-0.002358790306591807,19718.019999999997,19659.795,19695.28571542697,19684.353468190748,53.829553628894914,0.003973710624364817,-169.29999999999927
2023-10-20,19542.15,19593.8,19518.7,19542.65,0,-0.0041809556324428065,19676.340000000004,19649.81,19671.803297668972,19673.856914991433,46.28673473349129,0.004130558131115026,-208.39999999999782
2023-10-23,19521.6,19556.85,19257.85,19281.75,0,-0.013350287704072983,19586.340000000004,19630.185,19611.795098027593,19644.8119583254,41.41944000555827,0.006376295817314226,-450.0
2023-10-25,19286.45,19347.3,19074.15,19122.15,0,-0.008277256991714887,19448.47,19602.565,19536.465082946426,19606.096257708705,39.578423236514624,0.004226109299335521,-689.3499999999985
2023-10-26,19027.25,19041.7,18837.85,18857.25,1,-0.013853044767455636,19285.7,19562.192499999997,19431.970454800823,19550.626164545098,29.280770388203422,0.005209428439485437,-813.8499999999985
2023-10-27,18928.75,19076.15,18926.65,19047.25,1,0.010075700327460302,19170.21,19528.7325,19372.78269252377,19513.33904124546,32.61648745519713,0.009779899020144162,-577.4500000000007
2023-10-30,19053.4,19158.5,18940.0,19140.9,0,0.004916720261455065,19089.859999999997,19509.6,19337.108432135497,19485.750964116167,39.050847457627206,0.01095891049410399,-401.75
2023-10-31,19232.95,19233.7,19056.45,19079.6,0,-0.0032025662325179116,19049.43,19481.665,19297.4917502685,19455.665707514967,30.68890224992883,0.00968226688113334,-202.15000000000146
2023-11-01,19064.05,19096.05,18973.7,18989.15,1,-0.004740665422755086,19022.829999999998,19454.685,19250.0545579195,19421.108988439784,23.46029696578448,0.00923407511381106,-133.0
2023-11-02,19120.0,19175.25,19064.15,19133.25,1,0.007588543984327734,19078.03,19439.5425,19232.084625931882,19399.786100407207,30.284947038639416,0.006579467477479908,276.0
2023-11-03,19241.0,19276.25,19210.9,19230.6,1,0.005088001254360819,19114.7,19423.784999999996,19231.856221942362,19387.25379667334,34.95939658411116,0.005517100759878154,183.34999999999854
2023-11-06,19345.85,19423.0,19309.7,19411.75,0,0.009419882894969644,19168.870000000003,19411.6975,19259.532187797384,19389.068330253092,41.54334038054969,0.0064201965572404,270.84999999999854
2023-11-07,19404.05,19423.5,19329.1,19406.7,1,-0.0002601517122361452,19234.29,19406.415,19282.17338967471,19390.374379863973,38.862598360204714,0.005837327188057214,327.1000000000022
2023-11-08,19449.6,19464.4,19401.5,19443.5,0,0.0018962523252279428,19325.159999999996,19394.0975,19306.992868186295,19394.30961098516,43.3593977942464,0.003975701761123101,454.34999999999854
2023-11-09,19457.4,19463.9,19378.35,19395.3,1,-0.0024789775503382128,19377.57,19373.295,19320.57858077302,19394.38297313441,43.31390265228792,0.004665947052528353,262.0499999999993
2023-11-10,19351.85,19451.3,19329.45,19425.35,1,0.001549344428804833,19416.52,19354.8625,19336.697260654095,19396.676826976305,46.47430117222714,0.004484273881400877,194.75
2023-11-12,19547.25,19547.25,19510.25,19525.55,0,0.005158208217612481,19439.28,19343.5875,19365.75152824577,19406.222987941022,58.11152515304762,0.0028256626404344854,113.79999999999927
2023-11-13,19486.75,19494.4,19414.75,19443.55,1,-0.004199625618740543,19446.65,19329.177499999998,19377.72052390027,19408.987951797244,61.275610440639824,0.003729753936011848,36.849999999998545
2023-11-15,19651.4,19693.2,19579.65,19675.45,1,0.011926834348665816,19493.04,19322.375,19423.52505868484,19428.725881293747,79.38514581238329,0.006450794319493864,231.95000000000073
2023-11-16,19674.7,19875.25,19627.0,19765.2,0,0.004561522099875814,19567.02,19327.08,19476.090434271788,19453.649890086803,77.78551801540308,0.005863649456168309,369.90000000000146
2023-11-17,19674.75,19806.0,19667.45,19731.8,0,-0.0016898387064133713,19628.309999999998,19332.435,19515.430367460744,19474.25360193222,73.98717220102287,0.006334412786999595,306.4500000000007
2023-11-20,19731.15,19756.45,19670.5,19694.0,1,-0.001915689394784037,19662.0,19340.0025,19542.90261862063,19490.531112900204,75.42625393146841,0.006560097856959199,168.45000000000073
2023-11-21,19770.9,19829.1,19754.05,19783.4,1,0.004539453640702851,19729.97,19365.085,19579.902215755916,19512.22510453723,82.8977343329329,0.00568950216585404,339.8500000000022
2023-11-22,19784.0,19825.55,19703.85,19811.85,0,0.0014380743451578581,19757.25,19399.57,19615.586490255006,19534.419541238174,81.0856619331195,0.0031777687272245875,136.39999999999782
2023-11-23,19828.45,19875.15,19786.75,19802.0,0,-0.0004971771944567438,19764.609999999997,19446.807500000003,19644.265491754235,19554.240315961273,78.45617529880485,0.0026806860608813167,36.79999999999927
2023-11-24,19809.6,19832.85,19768.85,19794.7,1,-0.00036864963135030404,19777.190000000002,19484.18,19667.409262253583,19572.052144408586,73.06510871529252,0.002484187619132749,62.900000000001455
2023-11-28,19844.65,19916.85,19800.0,19889.7,1,0.004799264449574903,19816.33,19521.62,19701.607837291493,19595.581615193136,76.24714704923382,0.002571248543294457,195.70000000000073
2023-11-29,19976.55,20104.65,19956.3,20096.6,1,0.0104023690653956,19878.969999999998,19572.47,19762.37586232357,19632.69408814179,79.9532195927353,0.004580674142204619,313.1999999999971
2023-11-30,20108.5,20158.7,20015.85,20133.15,1,0.0018187156036346686,19943.230000000003,19629.67,19819.418037350715,19669.764896427583,84.20564646979754,0.004548057758214848,321.3000000000029
2023-12-01,20194.1,20291.55,20183.7,20267.9,1,0.0066929417403636116,20036.41,19686.4025,19888.415262373685,19714.07120039591,85.60321149376729,0.00419782279157613,465.90000000000146
2023-12-04,20601.95,20702.65,20507.75,20686.8,1,0.020668150129021567,20214.83,19759.2125,20011.243683546963,19786.125185551766,88.6580778321516,0.007289982612087188,892.0999999999985
2023-12-05,20808.9,20864.05,20711.15,20855.1,1,0.00813562271593482,20407.909999999996,19831.38,20141.067732232044,19865.30850514052,94.43727372894703,0.0069691389596494464,965.3999999999978
2023-12-06,20950.75,20961.95,20852.15,20937.7,0,0.003960661900446416,20576.13,19907.93,20263.626542657883,19944.74491216715,93.86010632753057,0.007355400556287096,841.1000000000022
2023-12-07,20932.4,20941.25,20850.8,20901.15,1,-0.001745654966877841,20729.73,19980.8125,20361.70707455667,20015.5897334881,90.98683023633424,0.008253114894406508,768.0
2023-12-08,20934.1,21006.1,20862.7,20969.4,1,0.0032653705657343934,20870.030000000002,20059.5175,20455.198293855643,20086.242345822317,93.55905955230207,0.00848052169165975,701.5
2023-12-11,20965.3,21026.1,20923.7,20997.1,0,0.0013209724646388032,20932.09,20138.105,20538.56778710862,20153.71328316881,96.19283941864606,0.003629996334195324,310.2999999999993
2023-12-12,21018.55,21037.9,20867.15,20906.4,1,-0.004319644141333678,20942.350000000002,20207.1475,20595.15735832268,20209.467854785937,89.77192236860778,0.0034845846196746456,51.30000000000291
2023-12-13,20929.75,20950.0,20769.5,20926.35,1,0.0009542532430260042,20940.079999999998,20281.2875,20646.110072426884,20262.570235912903,89.70996935794233,0.002956762866459348,-11.350000000002183
2023-12-14,21110.4,21210.9,21074.45,21182.7,1,0.012250105727946048,20996.390000000003,20356.65,20728.662368976595,20330.72799621565,91.84446599587851,0.006036322314037308,281.5499999999993
2023-12-15,21287.45,21492.3,21235.3,21456.65,0,0.012932723401643864,21093.84,20441.222499999996,20840.660466057117,20414.129626125603,93.36011896997069,0.007608516741694374,487.25
2023-12-18,21434.8,21482.8,21365.35,21418.65,1,-0.0017710127163373945,21178.15,20525.565,20929.58193281756,20488.53854270889,91.1129635107157,0.008056906983220135,421.5500000000029
2023-12-19,21477.65,21505.05,21337.75,21453.1,0,0.0016084113611267714,21287.489999999998,20613.52,21010.12317392255,20559.98753954527,90.2045050385301,0.006874222947076008,546.6999999999971
2023-12-20,21543.5,21593.0,21087.35,21150.15,1,-0.014121502253753415,21332.25,20681.857500000002,21031.665762549852,20603.703277356733,76.03153475990598,0.01116584390435049,223.8000000000029
2023-12-21,21033.95,21288.35,20976.8,21255.05,1,0.00495977569899031,21346.719999999998,20754.017499999998,21066.032568311413,20651.951182737717,75.65958774141576,0.009929638777589667,72.34999999999854
2023-12-22,21295.85,21390.5,21232.45,21349.4,1,0.004438945097753333,21325.27,20831.3875,21109.627557801963,20703.61405809048,70.7191994996875,0.007820973637782648,-107.25
2023-12-26,21365.2,21477.15,21329.45,21441.35,1,0.004306912606443225,21329.81,20913.719999999998,21160.661779678587,20758.26116489859,69.25097691524661,0.008132842157667951,22.69999999999709
2023-12-27,21497.65,21675.75,21495.8,21654.75,1,0.009952731521102987,21370.14,21001.9725,21236.675352035727,20824.667745276474,71.68344975656976,0.009261971246436743,201.65000000000146
2023-12-28,21715.0,21801.45,21678.0,21778.7,0,0.005723917385331179,21495.85,21086.0775,21320.063759414843,20895.336801181922,75.20464141080522,0.002345714016323064,628.5499999999993
2023-12-29,21737.65,21770.3,21676.9,21731.4,1,-0.0021718468044464867,21591.120000000003,21165.99,21383.346257966405,20957.26740850178,72.15245072387947,0.004352366336992237,476.3500000000022
2024-01-01,21727.75,21834.35,21680.85,21741.9,0,0.0004831718158977427,21669.620000000003,21239.69,21438.50837212542,21015.38834120535,71.87114582721581,0.004700515666467847,392.5
2024-01-02,21751.35,21755.6,21555.65,21665.8,0,-0.003500154080370299,21714.510000000002,21288.640000000003,21473.476314875355,21063.566982597546,72.49274332089331,0.005635216812785673,224.45000000000073
2024-01-03,21661.1,21677.0,21500.35,21517.35,1,-0.0068518125340398806,21687.030000000002,21321.7525,21480.22611258684,21097.18053944217,66.2666519872289,0.004715183358030753,-137.40000000000146
2024-01-04,21605.8,21685.65,21564.55,21658.6,1,0.006564470067178307,21663.010000000002,21357.7975,21507.66824911194,21138.76716615016,63.98471936526591,0.005030988060476748,-120.10000000000218
2024-01-05,21705.75,21749.6,21629.2,21710.8,0,0.002410128078453866,21658.89,21398.28,21538.9192877101,21181.139968657557,58.58759925663113,0.005200310944507547,-20.600000000002183
2024-01-08,21747.6,21763.95,21492.9,21513.0,1,-0.00911067302909152,21613.109999999997,21425.46,21534.931704985473,21205.72219320144,52.87731389710588,0.006501998891806187,-228.90000000000146
2024-01-09,21653.6,21724.45,21517.85,21544.85,1,0.0014805001626922998,21588.920000000002,21452.8475,21536.45759652617,21230.842771482818,52.8024680045206,0.006613968183301898,-120.95000000000073
2024-01-10,21529.3,21641.85,21448.65,21618.7,1,0.003427733309816494,21609.19,21488.4625,21549.110273983682,21259.572936558165,66.64062222537908,0.005943313144105587,101.35000000000218
2024-01-11,21688.0,21726.5,21593.75,21647.2,1,0.0013183031357111297,21606.91,21524.504999999997,21564.201001063113,21288.286052368672,64.72642607683353,0.005109973168921981,-11.399999999997817
2024-01-12,21773.55,21928.25,21715.15,21894.55,1,0.01142642004508665,21643.66,21560.0975,21615.02392397648,21333.194492933955,68.36201960321996,0.007325511513181966,183.75
2024-01-15,22053.15,22115.55,21963.55,22097.45,0,0.009267146390311787,21760.55,21592.1375,21689.243320287795,21389.806011975885,70.56224144415194,0.004668614548851712,584.4500000000007
2024-01-16,22080.5,22124.15,21969.8,22032.3,0,-0.002948303989826928,21858.04,21622.82,21742.02127101275,21437.39815923693,63.044604913105,0.005861978064650014,487.4500000000007
2024-01-17,21647.25,21851.5,21550.45,21571.95,0,-0.02089432333437724,21848.69,21628.7625,21715.85646008771,21447.36496225642,44.20397521796418,0.012872217268711673,-46.75
2024-01-18,21414.2,21539.4,21285.55,21462.25,1,-0.005085307540579342,21811.7,21644.3675,21676.84008161268,21448.46755764483,42.70971586446001,0.012980829224092888,-184.95000000000073
2024-01-19,21615.2,21670.6,21575.0,21622.4,0,0.007461938985893868,21757.27,21662.735,21668.4646844415,21461.351442263734,47.00591300861897,0.01207190691937148,-272.1499999999978
2024-01-20,21706.15,21720.3,21541.8,21571.8,0,-0.0023401657540329523,21652.14,21673.855,21653.593194527424,21469.532816910865,47.614334297751384,0.010233961105642137,-525.6500000000015
2024-01-23,21716.7,21750.25,21192.6,21238.8,1,-0.015436820293160514,21493.44,21663.7275,21589.77885690782,21452.44149713969,43.536073144130164,0.011162713615350683,-793.5
2024-01-24,21185.25,21482.35,21137.2,21453.95,0,0.010130045011959243,21469.84,21653.6875,21568.88210969123,21452.553238092307,45.40844944021904,0.010275885144851917,-118.0
2024-01-25,21454.6,21459.0,21247.05,21352.6,1,-0.00472407179097567,21447.91,21632.3825,21535.6079389695,21445.149294529914,42.136804671379025,0.010241669724531702,-109.65000000000146
2024-01-29,21433.1,21763.25,21429.6,21737.6,0,0.01803059112239258,21470.949999999997,21632.692499999997,21566.6836406665,21466.812309749923,54.55596575925996,0.013109181073536466,115.19999999999709
2024-01-30,21775.75,21813.05,21501.8,21522.1,1,-0.00991369792433383,21461.010000000002,21621.7025,21559.824619025498,21470.907694212892,49.57051971833645,0.014016785168730143,-49.70000000000073
2024-01-31,21487.25,21741.35,21448.85,21725.7,0,0.00946004339725226,21558.39,21624.6975,21585.34390840619,21489.78119834527,51.92563798005973,0.011534382095950797,486.90000000000146
2024-02-01,21780.65,21832.95,21658.75,21697.45,1,-0.0013003033273956133,21607.09,21633.7025,21602.59099942062,21505.164072541917,50.90441136768597,0.01129370788901467,243.5
2024-02-02,21812.75,22126.8,21805.55,21853.8,0,0.007205915902559923,21707.329999999998,21643.4625,21641.238537971294,21530.98895605733,49.24173349956272,0.0106794900798795,501.2000000000007
2024-02-05,21921.05,21964.3,21726.95,21771.7,1,-0.003756783717248191,21714.15,21646.5075,21661.309532129555,21548.819403756785,43.65319045299564,0.007983240899638316,34.10000000000218
2024-02-06,21825.2,21951.4,21737.55,21929.4,1,0.007243348016002349,21795.61,21667.327500000003,21702.55421949424,21577.01055903406,48.06491650368592,0.005886567471040573,407.3000000000029
2024-02-07,22045.05,22053.3,21860.15,21930.5,0,5.0160971116319786e-05,21836.57,21686.61,21737.622801110512,21603.194962068574,58.1505307903889,0.005058816423931894,204.79999999999927
2024-02-08,22009.65,22011.05,21665.3,21717.95,1,-0.009691981486970147,21840.670000000002,21691.5725,21734.59621632428,21611.695335248678,55.552901320361364,0.007283903185891018,20.5
2024-02-09,21727.0,21804.45,21629.9,21782.5,0,0.0029721958103781088,21826.41,21698.3375,21741.96602919747,21624.347532637665,53.62742432481417,0.006467691026760616,-71.29999999999927
2024-02-12,21800.8,21831.7,21574.75,21616.05,1,-0.007641455296683142,21795.280000000002,21684.4125,21722.594332397857,21623.732900590432,50.952575721697194,0.007135095157889007,-155.65000000000146
2024-02-13,21664.3,21766.8,21543.35,21743.25,1,0.005884516366311265,21758.05,21666.702500000003,21725.77212741357,21632.586019065213,61.91510971490659,0.006737747141604802,-186.15000000000146
2024-02-14,21578.15,21870.85,21530.2,21840.05,1,0.0044519563542708696,21739.96,21657.09,21743.353338580713,21647.95372135668,59.65974480860642,0.007286425537915432,-90.45000000000073
2024-02-15,21906.55,21953.85,21794.8,21910.75,1,0.0032371720760713263,21778.52,21674.03,21769.106671106758,21667.420112367297,64.18172116777198,0.005392005719841548,192.79999999999927
2024-02-16,22020.3,22068.65,21968.95,22040.7,1,0.005930878678274354,21830.16,21702.9525,21810.89026016726,21695.070474414166,58.84808500700614,0.00570848961904744,258.2000000000007
2024-02-19,22103.45,22186.65,22021.05,22122.25,1,0.0036999732313400813,21931.4,21727.945,21858.791758603067,21726.71340223534,69.00592203185869,0.0012351236402292365,506.2000000000007
2024-02-20,22099.2,22215.6,22045.85,22196.95,0,0.0033766908881329716,22022.14,21759.202500000003,21910.816103433364,21761.5457428105,66.25056036415052,0.001106336703804581,453.7000000000007
2024-02-21,22248.85,22249.4,21997.95,22055.05,1,-0.006392770177884866,22065.14,21800.015,21933.005933674383,21783.28679889861,61.4351496546431,0.004801088311571677,215.0
2024-02-22,22081.55,22252.5,21875.25,22217.45,0,0.007363392964423232,22126.480000000003,21838.190000000002,21976.76655926294,21815.44703601723,61.58379256522158,0.005391576973355474,306.7000000000007
2024-02-23,22290.0,22297.5,22186.1,22212.7,0,-0.0002137959126722322,22160.879999999997,21881.195,22013.064011684022,21844.873181497438,64.77584936004823,0.00519499524124255,172.0
2024-02-26,22169.2,22202.15,22075.15,22122.05,1,-0.004080998707946426,22160.84,21900.4175,22029.831086809558,21865.404797682815,56.75846342746877,0.005549522847644107,-0.2000000000007276
2024-02-27,22090.2,22218.25,22085.65,22198.35,0,0.0034490474436139618,22161.120000000003,21934.230000000003,22055.75707345424,21890.067405261863,58.92565563664227,0.005560578547395766,1.3999999999978172
2024-02-28,22214.1,22229.15,21915.85,21951.15,1,-0.011135962808046407,22140.34,21945.502500000002,22039.6636775382,21894.592041909134,57.595596378086135,0.007116172436867622,-103.89999999999782
2024-02-29,21935.2,22060.55,21860.65,21982.8,1,0.0014418378991531977,22093.41,21959.77,22030.9154194554,21901.12596473068,56.66688856344026,0.005754714825407101,-234.65000000000146
2024-03-01,22048.3,22353.3,22047.75,22338.75,1,0.016192204814673428,22118.620000000003,21984.0175,22078.27458569303,21933.542559935817,71.36017024295089,0.01012353997652148,126.04999999999927
2024-03-02,22406.95,22419.55,22367.05,22378.4,1,0.0017749426445079486,22169.89,22014.3525,22124.44772635564,21966.494962903536,69.79708880092264,0.00969330987874061,256.3500000000022
2024-03-04,22403.5,22440.9,22358.3,22405.6,0,0.0012154577628427088,22211.340000000004,22038.1625,22167.701922300927,21999.02126194772,68.42722622267112,0.009681135886144372,207.25
2024-03-05,22371.25,22416.9,22269.15,22356.3,1,-0.0022003427714499812,22292.370000000003,22059.4525,22196.71701117771,22025.4863536553,64.7225985526881,0.007173670013055014,405.1499999999978
2024-03-06,22327.5,22497.2,22224.35,22474.05,1,0.005266971726090697,22390.62,22097.2575,22239.383624842674,22058.713290421572,64.43585729038273,0.007077995318424802,491.25
2024-03-07,22505.3,22525.65,22430.0,22493.55,0,0.000867667376374115,22421.579999999998,22132.81,22278.486144097646,22090.923417057013,62.902216971297506,0.0026633071608534167,154.79999999999927
2024-03-11,22517.5,22526.6,22307.25,22332.65,1,-0.007153161684127163,22412.43,22168.64,22286.8190450057,22108.829089867602,54.44888859746906,0.004614587668722431,-45.75
2024-03-12,22334.45,22452.55,22256.0,22335.7,0,0.0001365713428544968,22398.45,22198.2625,22294.339191927902,22125.634342470003,60.12263300270525,0.004544821577607603,-69.89999999999782
2024-03-13,22432.2,22446.75,21905.65,21997.7,1,-0.015132724741109493,22326.730000000003,22206.145,22248.702393169762,22116.157724509263,42.965073470563716,0.008021620789969005,-358.59999999999854
2024-03-14,21982.55,22204.6,21917.5,22146.65,0,0.006771162439709544,22261.25,22217.94,22233.0020249898,22118.41641158265,48.064241962427836,0.008436177790169573,-327.3999999999978
2024-03-15,22064.85,22120.9,21931.7,22023.35,1,-0.005567433449302883,22167.21,22217.0725,22200.747867299062,22111.37445516912,47.161672513947174,0.008204985870664493,-470.2000000000007
2024-03-18,21990.1,22123.7,21916.55,22055.7,0,0.0014688955131714199,22111.82,22213.745,22178.432810791513,22107.25042145289,45.7914146629297,0.008331367639293234,-276.9500000000007
2024-03-19,21946.45,21978.3,21793.1,21817.45,1,-0.010802196257656771,22008.170000000002,22194.769999999997,22122.896993746665,22085.78372356749,46.03452366828803,0.008894696797236451,-518.25
2024-03-20,21843.9,21930.9,21710.2,21839.1,1,0.0009923249508994036,21976.45,22183.972499999996,22079.235917785638,22067.510855155084,45.71249552452558,0.006828006744965433,-158.60000000000218
2024-03-21,21989.9,22080.95,21941.3,22011.95,1,0.007914703444739102,21949.510000000002,22173.697500000002,22068.88423812631,22063.395236254706,39.053393180143395,0.007181290810455829,-134.70000000000073
2024-03-22,21932.2,22180.7,21883.3,22096.75,0,0.0038524528721899376,21964.19,22167.9,22073.171278414567,22065.8659594951,40.842734987157336,0.0069815110825061505,73.40000000000146
2024-03-26,21947.9,22073.2,21947.55,22004.7,1,-0.004165770984420725,21953.99,22162.032499999998,22062.637235581555,22061.335147680646,37.49298059524559,0.00727210840098433,-51.0
2024-03-27,22053.95,22193.6,22052.85,22123.65,1,0.00540566333556014,22015.23,22158.2975,22072.023814722856,22065.951062667264,43.0442192124855,0.004632682381896931,306.2000000000007
2024-03-28,22163.6,22516.0,22163.6,22326.9,1,0.009187001240753778,22112.79,22177.085,22111.235535534724,22085.2806135808,45.814489290895196,0.005242723273004665,487.8000000000029
2024-04-01,22455.0,22529.95,22427.75,22462.0,0,0.00605099677966936,22202.8,22201.045,22165.199299298612,22113.185753315553,49.15797058902027,0.004994177101082892,450.0499999999993
2024-04-02,22458.8,22497.6,22388.15,22453.3,0,-0.0003873208084765878,22274.11,22206.7725,22209.5224840219,22138.379401218106,53.50472040668112,0.005384216039801296,356.5499999999993
2024-04-03,22385.7,22521.1,22346.5,22434.65,1,-0.0008306128720498851,22360.100000000002,22209.585,22244.15748648007,22160.325371498246,52.848547658116715,0.004347554080465461,429.9500000000007
2024-04-04,22592.1,22619.0,22303.8,22514.65,0,0.0035659125504521327,22438.3,22215.0375,22285.771719329292,22186.571640276154,67.47810798931603,0.004263739692364136,391.0
2024-04-05,22486.4,22537.6,22427.6,22513.7,1,-4.2194748752555356e-05,22475.660000000003,22222.9075,22320.83760866325,22210.80337062607,63.79005898485926,0.0030085234122745295,186.79999999999927
2024-04-08,22578.35,22697.3,22550.35,22666.3,0,0.006778095115418603,22516.52,22232.52,22373.985668868903,22244.543861690803,73.63526081682174,0.0032785914987555694,204.29999999999927
2024-04-09,22765.1,22768.4,22612.25,22642.75,1,-0.0010389873953843276,22554.41,22239.980000000003,22415.334027504457,22274.04061267667,71.72087172087177,0.0033988621855348903,189.45000000000073
2024-04-10,22720.25,22775.7,22673.7,22753.8,0,0.004904439610913025,22618.239999999998,22261.0375,22467.405715580695,22309.57834507099,88.24490462770098,0.0033034386835943167,319.1499999999978
2024-04-12,22677.4,22726.45,22503.75,22519.4,0,-0.010301576000492085,22619.190000000002,22270.2225,22475.404836260586,22325.120689880543,73.67248938687472,0.006655484043055527,4.75
2024-04-15,22339.05,22427.45,22259.55,22272.5,0,-0.010963880032327733,22570.95,22283.9625,22444.18870760511,22321.2228610005,58.622058969522506,0.008289145623366802,-241.20000000000073
2024-04-16,22125.3,22213.75,22079.45,22147.9,0,-0.005594342799416285,22467.27,22284.025,22398.605829512016,22308.384130556016,51.649201999032776,0.006652270895220101,-518.3999999999978
2024-04-18,22212.35,22326.5,21961.7,21995.85,1,-0.006865210697176827,22337.890000000003,22282.65,22336.643394202474,22285.233454218534,49.72528325314288,0.0063774093592708515,-646.9000000000015
2024-04-19,21861.5,22179.55,21777.65,22147.0,1,0.006871750807538657,22216.53,22287.215000000004,22307.467487402093,22274.993939091237,50.7106120088864,0.007206913019721451,-606.7999999999993
2024-04-22,22336.9,22375.65,22198.15,22336.4,1,0.008551948345148386,22179.93,22313.1625,22311.91864318639,22279.54253619559,50.29157203363821,0.008749172593425874,-183.0
2024-04-23,22447.05,22447.55,22349.45,22368.0,1,0.0014147311115488836,22199.03,22339.607500000002,22320.546544234636,22286.094940921845,46.91924488725747,0.0070169637433463005,95.5
2024-04-24,22421.55,22476.45,22384.0,22402.4,1,0.0015379113018598733,22249.93,22359.13,22333.13938358315,22294.710130483192,48.359440469283896,0.006028127945094523,254.5
2024-04-25,22316.9,22625.95,22305.25,22570.35,0,0.007496964610934409,22364.829999999998,22382.81,22369.633324570357,22315.127898595547,53.98976831706448,0.0034293694325960135,574.5
2024-04-26,22620.4,22620.4,22385.55,22419.95,1,-0.006663609558557937,22419.42,22403.572500000002,22377.374351559534,22322.89249869958,47.326369282890994,0.006075887695395943,272.9500000000007
2024-04-29,22475.55,22655.8,22441.9,22643.4,0,0.009966569952207793,22480.82,22429.56,22418.301374396528,22346.633795092202,53.25307248557815,0.006451370019457854,307.0
2024-04-30,22679.65,22783.35,22568.4,22604.85,1,-0.0017024828426828176,22528.19,22443.4575,22447.00116295091,22365.76092138167,48.36521322727392,0.0067561482680767206,236.84999999999854
2024-05-02,22567.85,22710.5,22567.85,22648.2,0,0.001917730044658672,22577.35,22452.7675,22477.95483018923,22386.68233461266,50.1434776885613,0.006750000369343241,245.79999999999927
2024-05-03,22766.35,22794.7,22348.05,22475.85,0,-0.007609876281558847,22558.45,22453.894999999997,22477.631010160116,22393.28734686357,42.911427915635926,0.007156713837518419,-94.5
2024-05-06,22561.6,22588.8,22409.45,22442.7,0,-0.0014749164102803025,22563.0,22454.2975,22472.257008597022,22396.947543392194,47.82015574376172,0.00643726564369167,22.75
2024-05-07,22489.75,22499.05,22232.05,22302.5,0,-0.006247020189192987,22494.82,22443.69,22446.140545735943,22389.951429066845,50.9076606559361,0.0038724953663657946,-340.90000000000146
2024-05-08,22231.2,22368.65,22185.2,22302.5,0,0.0,22434.35,22433.129999999997,22424.042000238107,22383.47354543226,55.05890052356013,0.004086594595078384,-302.34999999999854
2024-05-09,22224.8,22307.75,21932.4,21957.5,1,-0.01546911781190452,22296.21,22397.69,22352.26630789378,22351.919949474315,48.885789825387185,0.006096412802839288,-690.7000000000007
2024-05-10,21990.95,22131.3,21950.3,22055.2,1,0.0044495047250370234,22212.079999999998,22368.3125,22306.563798987045,22329.9406939577,47.24737631184411,0.00758358755651122,-420.6499999999978
2024-05-13,22027.95,22131.65,21821.05,22104.05,1,0.0022148971671078765,22144.35,22335.825,22275.407829912117,22313.20804996083,42.39169586430459,0.008026701951970094,-338.65000000000146
2024-05-14,22112.9,22270.05,22081.25,22217.85,0,0.005148377785971325,22127.420000000002,22320.747499999998,22266.55277915641,22306.14449070447,45.33449336606279,0.008482769296564224,-84.65000000000146
2024-05-15,22255.6,22297.55,22151.75,22200.55,1,-0.000778653200017021,22107.03,22317.15,22256.39850544004,22298.322676578216,43.66068904871071,0.008473130068698946,-101.95000000000073
2024-05-16,22319.2,22432.25,22054.55,22403.85,1,0.009157430784372478,22196.3,22329.947500000002,22279.083350756955,22306.1395153502,44.88447830895909,0.0036788142799617737,446.34999999999854
2024-05-17,22415.25,22502.15,22345.65,22466.1,1,0.002778540295529597,22278.48,22353.46,22307.855142948192,22317.988440139077,51.499106707812174,0.003707904295602934,410.8999999999978
2024-05-18,22512.85,22520.25,22470.05,22502.0,1,0.0015979631533733496,22358.07,22371.21,22337.723582494622,22331.6189260547,44.76954945624025,0.0037794247510002125,397.9500000000007
2024-05-21,22404.55,22591.1,22404.55,22529.05,1,0.0012021153675227936,22420.309999999998,22380.842500000002,22367.158415956987,22346.243450050646,47.17206387106405,0.0037822582635580323,311.2000000000007
2024-05-22,22576.6,22629.5,22483.15,22597.8,1,0.003051615580772271,22499.760000000002,22392.3325,22402.641736578986,22364.877268565415,48.15465729349731,0.0032252729912095944,397.25
2024-05-23,22614.1,22993.6,22577.45,22967.65,0,0.016366637460283773,22612.52,22420.594999999998,22489.566084797603,22409.52710052353,65.73155908131288,0.0064017441499866585,563.8000000000029
2024-05-24,22930.75,23026.4,22908.0,22957.1,0,-0.0004593417262978017,22710.719999999998,22439.932500000003,22561.494379444128,22450.088056040306,66.69587796170063,0.006831874085736669,491.0
2024-05-27,23038.95,23110.8,22871.2,22932.45,0,-0.001073741892486324,22796.81,22465.557500000003,22618.56447491426,22485.81857040769,72.10428436085478,0.0071958892624514915,430.4500000000007
2024-05-28,22977.15,22998.55,22858.5,22888.15,0,-0.0019317604529824894,22868.63,22477.795,22660.039171081295,22515.620898525638,69.93023651522891,0.0076054674869760015,359.1000000000022
2024-05-29,22762.75,22825.5,22685.45,22704.7,0,-0.008015064563977492,22890.010000000002,22482.7875,22666.910067838016,22529.626757894108,78.56924371033114,0.009116299590857514,106.90000000000146
2024-05-30,22617.45,22705.75,22417.0,22488.65,1,-0.009515650944518117,22794.21,22474.81,22639.485442016783,22526.591442494544,65.19757371761162,0.004234435717007327,-479.0
2024-05-31,22568.1,22653.75,22465.1,22530.7,1,0.0018698321153114428,22708.93,22477.552499999998,22622.749220168047,22526.895780087543,65.03082614056726,0.004834329679299704,-426.3999999999978
2024-06-03,23337.9,23338.7,23062.3,23263.9,0,0.03254226455458564,22775.22,22518.6125,22721.387801680656,22581.488685266242,75.65545826895254,0.01714874334991716,331.4500000000007
2024-06-04,23179.5,23179.5,21281.45,21884.5,1,-0.05929358362097503,22574.489999999998,22497.7125,22592.63583219132,22529.85989376504,45.35323090494745,0.033065292235461605,-1003.6500000000015
2024-06-05,22128.35,22670.4,21791.95,22620.35,1,0.03362425460942675,22557.620000000003,22513.605,22596.89955031573,22536.562864597257,52.75214196730481,0.038076380324028644,-84.35000000000218
2024-06-06,22798.6,22910.15,22642.6,22821.4,1,0.008888014553267487,22624.170000000002,22556.8,22631.438081036387,22557.661911664127,54.362613884727814,0.03783398841504027,332.75
2024-06-07,22821.85,23320.2,22789.05,23290.15,0,0.020539931818380985,22776.06,22618.5475,22732.778376261558,22611.920288577898,58.74759986237362,0.03854430351959869,759.4500000000007
2024-06-10,23319.15,23411.9,23227.15,23259.2,1,-0.0013288879633664985,22775.120000000003,22676.305,22813.766318375165,22659.866933868427,58.09685396497999,0.03587405185050489,-4.700000000000728
2024-06-11,23283.75,23389.45,23206.65,23264.85,1,0.00024291463162962046,23051.190000000002,22728.655000000002,22883.163807855908,22704.680494322616,57.502108755553046,0.014708317177382158,1380.3499999999985
2024-06-12,23344.45,23441.95,23295.95,23322.95,1,0.0024973296625596664,23191.71,22784.775,22950.823222031922,22750.478235483904,54.2972907595549,0.008926571146706322,702.6000000000022
2024-06-13,23480.95,23481.05,23353.9,23398.9,1,0.00325644911985834,23307.21,22834.5275,23019.75811095009,22798.50947729991,55.26027527742062,0.008852525946159215,577.5
2024-06-14,23464.95,23490.4,23334.25,23465.6,1,0.002850561351174452,23342.3,22884.502500000002,23088.349170803922,22847.923590092512,56.2849968760683,0.001967650832498133,175.4499999999971
2024-06-18,23570.8,23579.05,23499.7,23557.9,0,0.003933417428064967,23402.04,22937.2975,23160.58775991101,22900.514435270845,57.80694494632178,0.0013989710656178572,298.7000000000007
2024-06-19,23629.85,23664.0,23412.9,23516.0,1,-0.0017785965642099777,23452.27,22986.644999999997,23215.26656607855,22946.105958584118,59.7796475324863,0.0022610885463840713,251.15000000000146
2024-06-20,23586.15,23624.0,23442.6,23567.0,0,0.0021687361796223215,23501.079999999998,23035.105,23269.379402066465,22992.09810980011,63.53741667398969,0.0022532980367955965,244.04999999999927
2024-06-21,23661.15,23667.1,23398.2,23501.1,1,-0.0027962829380066,23521.52,23061.777500000004,23305.028724825468,23029.80195351862,62.10971622532253,0.002977012119874854,102.19999999999709
2024-06-24,23382.3,23558.1,23350.0,23537.85,1,0.0015637565901169825,23535.969999999998,23090.815,23340.847382544627,23067.43514214687,54.137904992070034,0.0028147927902747445,72.25
2024-06-25,23577.1,23754.15,23562.05,23721.3,1,0.007793829937738694,23568.65,23130.2575,23399.37855446084,23115.869576061916,93.43754434091646,0.004159646255053891,163.39999999999782
2024-06-26,23723.1,23889.9,23670.45,23868.8,1,0.006218040326626317,23639.21,23179.29,23471.597238389943,23171.64220005733,90.90730364690829,0.004173929217457796,352.7999999999993
2024-06-27,23881.55,24087.45,23805.4,24044.5,0,0.007361073870492119,23734.71,23246.28,23559.736124791492,23236.298333386414,90.75369852059156,0.004547814484578867,477.5
2024-06-28,24085.9,24174.0,23985.8,24010.6,1,-0.0014098858366778932,23836.609999999997,23322.3775,23629.099797900493,23293.654012394825,83.80014074595319,0.004041830650441226,509.5
2024-07-01,23992.95,24164.0,23992.7,24141.95,0,0.005470500528933053,23957.43,23402.940000000002,23707.999828992728,23356.49075221743,87.8489045148563,0.0037461376882018467,604.1000000000022
2024-07-02,24228.75,24236.35,24056.4,24123.85,1,-0.0007497323124272537,24037.94,23445.9375,23771.976778378463,23413.3321779791,86.44154081113145,0.004131322119078688,402.5499999999993
2024-07-03,24291.75,24309.15,24207.1,24286.5,1,0.006742290306066545,24121.48,23566.0375,23851.13419708947,23478.011275906574,87.54627284417215,0.0042269653157617285,417.7000000000007
2024-07-04,24369.95,24401.0,24281.0,24302.15,1,0.0006443909167646034,24173.01,23650.127500000002,23920.521243691088,23539.058588802385,86.93216665985159,0.0037236540342825463,257.65000000000146
2024-07-05,24213.35,24363.0,24168.85,24323.85,0,0.0008929251115641357,24235.66,23725.25,23982.571821584766,23597.191285928133,86.43290741605428,0.0032923229020083767,313.25
2024-07-08,24329.45,24344.6,24240.55,24320.55,1,-0.00013566931221820067,24271.38,23776.769999999997,24034.568464417876,23650.77341289642,85.02089360334257,0.003013166338106082,178.59999999999854
2024-07-09,24351.0,24443.6,24331.9,24433.2,0,0.004631885380881551,24333.25,23835.469999999998,24095.896392968974,23708.730937867054,89.54812004139329,0.002979071760160681,309.3500000000022
2024-07-10,24459.85,24461.05,24141.8,24324.45,0,-0.004450911055449147,24340.84,23888.45,24131.058486358364,23754.33975728431,81.11060910995172,0.003240177256094958,37.95000000000073
2024-07-11,24396.55,24402.65,24193.75,24315.95,1,-0.00034944263899083783,24343.6,23938.1,24159.503334610923,23795.940516003993,85.12435880856918,0.0032455149375537956,13.799999999999272
2024-07-12,24387.95,24592.2,24331.15,24502.15,1,0.007657525204649573,24379.260000000002,23993.2625,24212.21820620924,23848.252329633327,86.82220864518087,0.0047230476974137224,178.3000000000029
2024-07-15,24587.6,24635.05,24522.75,24586.7,1,0.0034507175900890807,24432.489999999998,24049.317499999997,24269.830789869357,23902.952157067895,85.74555968607999,0.004690322285559405,266.15000000000146
2024-07-16,24615.9,24661.25,24587.65,24613.0,1,0.001069684016155037,24468.45,24102.072500000002,24322.626052966378,23955.548293581385,84.15955200587516,0.004492670987412346,179.79999999999927
2024-07-18,24543.8,24837.75,24504.45,24800.85,0,0.0076321456141064115,24563.730000000003,24166.315,24396.198967894627,24018.16323479758,84.33428662217966,0.0036850340073075485,476.3999999999978
2024-07-19,24853.8,24854.8,24508.15,24530.9,0,-0.010884707580586794,24606.72,24214.510000000002,24416.922203603146,24056.143735923684,69.45046728971974,0.007623703927708562,214.95000000000073
2024-07-22,24445.75,24595.2,24362.3,24509.25,0,-0.0008825603626446687,24608.14,24264.9175,24431.126479971896,24089.7071628923,64.9576478253787,0.006901583266544826,7.099999999998545
2024-07-23,24568.9,24582.55,24074.2,24479.05,0,-0.0012321878474453873,24586.61,24311.9775,24438.49932920699,24118.547373048426,64.32373578514401,0.0066421760599668376,-107.65000000000146
2024-07-24,24444.95,24504.25,24307.25,24413.5,0,-0.002677799996323338,24546.71,24346.5875,24434.65327855976,24140.39571578558,55.55652782639134,0.006581214909809883,-199.5
2024-07-25,24230.95,24426.15,24210.8,24406.1,1,-0.00030311098367707956,24467.76,24373.452500000003,24430.260466473643,24160.077514616278,54.58111145388028,0.004386402952979931,-394.75
2024-07-26,24423.35,24861.15,24410.9,24834.85,1,0.017567329479105664,24528.55,24412.97,24492.505010093082,24210.06066168174,66.57368967306695,0.008471455628192057,303.9499999999971
2024-07-29,24943.3,24999.75,24774.6,24836.1,1,5.0332496471794386e-05,24593.920000000002,24454.245,24545.36577777107,24256.43394600161,66.74352895326555,0.008388353708108167,326.84999999999854
2024-07-30,24839.4,24971.75,24798.65,24857.3,1,0.0008535961765334665,24669.57,24490.0125,24593.355658113982,24300.942542594083,64.6433257371728,0.008194732192184135,378.25
2024-07-31,24886.7,24984.6,24856.5,24951.15,1,0.003775550844218989,24777.1,24531.3775,24648.400941481064,24349.106057957484,71.86366173597546,0.007539623809777431,537.6500000000015
2024-08-01,25030.95,25078.3,24956.4,25010.9,0,0.0023946792031630526,24898.059999999998,24567.5975,24704.170027407054,24398.127831442118,73.4076594024723,0.007209211283948429,604.8000000000029
2024-08-02,24789.0,24851.9,24686.85,24717.7,0,-0.011722888820474342,24874.629999999997,24588.375,24706.251561652123,24421.79984392789,56.77212604857203,0.006201298582648726,-117.14999999999782
2024-08-05,24302.85,24350.05,23893.7,24055.6,0,-0.026786472851438536,24718.53,24574.9625,24606.15132139795,24394.673929562858,37.75703088981094,0.013013371591603084,-780.5
2024-08-06,24189.85,24382.6,23960.4,23992.55,1,-0.0026210113237665755,24545.58,24558.5625,24511.751118105956,24364.88697181746,35.93562280403492,0.012622974135951785,-864.75
2024-08-07,24289.4,24337.7,24184.9,24297.5,0,0.012710195456506312,24414.85,24551.7775,24478.789407628115,24359.895344275425,39.16524958563839,0.014946815670724709,-653.6500000000015
2024-08-08,24248.55,24340.5,24079.7,24117.0,1,-0.007428747813561065,24236.07,24541.405,24423.12949876225,24341.90309655132,40.733858690785354,0.014331060875841194,-893.9000000000015
2024-08-09,24386.85,24419.75,24311.2,24367.5,0,0.010386864037815746,24166.03,24543.9825,24414.57111433729,24343.799163473443,47.12153518123669,0.01590011134531686,-350.2000000000007
2024-08-12,24320.05,24472.8,24212.1,24347.0,0,-0.0008412844977941925,24224.31,24536.225,24404.1755582854,24344.03626247541,47.307904018266726,0.008694860586787447,291.40000000000146
2024-08-13,24342.35,24359.95,24116.5,24139.0,1,-0.008543146999630324,24253.6,24513.84,24363.379318549185,24328.848391180934,44.710982658959544,0.009879498942152416,146.45000000000073
2024-08-14,24184.4,24196.5,24099.7,24143.75,1,0.00019677699987563635,24222.85,24490.3775,24329.590192618543,24315.13739924161,44.93991937817043,0.007567094069870344,-153.75
2024-08-16,24334.85,24563.9,24204.5,24541.15,1,0.016459746311157097,24307.68,24477.3925,24362.13785529261,24331.87907337186,44.265911753221474,0.009876414965289886,424.15000000000146
2024-08-19,24636.35,24638.8,24522.95,24572.65,1,0.001283558431450782,24348.71,24479.48,24394.52433909375,24349.713956825795,44.916546068499834,0.009105805594545699,205.15000000000146
2024-08-20,24648.9,24734.3,24607.2,24698.85,1,0.005135791215029606,24419.079999999998,24488.96,24441.343671540864,24375.57588594981,47.06165971256374,0.009079250786416202,351.84999999999854
2024-08-21,24680.55,24787.95,24654.5,24770.2,1,0.002888798466325504,24545.32,24503.5175,24491.93695284227,24404.807301805376,46.616175783076194,0.006566927889358014,631.2000000000007
2024-08-22,24863.4,24867.35,24784.45,24811.5,1,0.0016673260611541618,24678.870000000003,24523.417500000003,24541.100498558844,24434.93268685683,46.2452453583399,0.0063153382814940765,667.75
2024-08-23,24845.4,24858.4,24771.65,24823.15,1,0.0004695403341192783,24735.27,24544.269999999997,24584.49272954979,24463.689524867437,52.22116903633493,0.001814648942075485,282.0
2024-08-26,24906.1,25043.8,24874.7,25010.6,1,0.007551418736139404,24822.859999999997,24553.057500000003,24650.04769423444,24504.20141191429,75.14348902111529,0.0028282808561448975,437.9499999999971
2024-08-27,25024.8,25073.1,24973.65,25017.75,1,0.0002858787873942781,24886.640000000003,24562.140000000003,24706.617279736834,24542.24204806879,77.81032986111111,0.002973217627585483,318.90000000000146
2024-08-28,25030.8,25129.6,24964.65,25052.35,1,0.0013830180571794415,24943.07,24571.892499999998,24759.80692900809,24580.027822285916,73.99624884763325,0.0030092240855622804,282.1499999999978
2024-08-29,25035.3,25192.9,24998.5,25151.95,1,0.003975674936682605,25011.16,24581.932500000003,24820.136632237613,24622.392428042513,84.6844733402594,0.003069833187360025,340.4500000000007
2024-08-30,25249.7,25268.35,25199.4,25235.9,1,0.0033377133780880808,25093.71,24593.1825,24884.10022727798,24667.837433372697,82.7599215331221,0.0027969644014451504,412.75
2024-09-02,25333.6,25333.65,25235.5,25278.7,1,0.0016959965763059248,25147.33,24621.2325,24944.80788461983,24713.086512382128,84.56629813756771,0.001501003967820588,268.1000000000022
2024-09-03,25313.4,25321.7,25235.8,25279.85,0,4.5492845755390476e-05,25199.75,24682.445,24996.35282544755,24755.068992946413,100.0,0.001576990885154527,262.09999999999854
2024-09-04,25089.95,25216.0,25083.8,25198.7,0,-0.003210066515426213,25229.02,24742.7525,25027.48315999408,24787.930549024455,93.3333333333335,0.0028851758686851414,146.35000000000218
2024-09-05,25250.5,25275.45,25127.75,25145.1,0,-0.002127093858016571,25227.65,24785.1325,25045.57805845653,24814.387545393012,84.57267158967308,0.002684890662227618,-6.850000000002183
2024-09-06,25093.7,25168.75,24801.3,24852.15,1,-0.0116503811875871,25150.9,24821.89,25015.819895617064,24817.18476425279,62.313860252004645,0.005170843498680315,-383.75
2024-09-09,24823.4,24957.5,24753.15,24936.4,1,0.003390048748297403,25082.44,24850.335,25003.601450137518,24826.015522456288,60.86737728166904,0.005597401107304387,-342.2999999999993
2024-09-10,24999.4,25130.5,24896.8,25041.1,0,0.00419868144559743,25034.690000000002,24885.04,25009.37045780867,24841.947705978047,62.02610316967059,0.006364241166564767,-238.75
2024-09-11,25034.0,25113.7,24885.15,24918.45,1,-0.004897947773859657,24978.64,24924.0125,24995.382695068874,24847.614542572264,54.428021363805804,0.006495848832427854,-280.25
2024-09-12,25059.65,25433.35,24941.45,25388.9,0,0.018879585206944993,25027.4,24986.27,25055.923818904434,24887.70976164099,66.97470671187264,0.011462985453228576,243.8000000000029
2024-09-13,25430.45,25430.5,25292.45,25356.5,1,-0.001276148238009589,25128.27,25027.0375,25102.166308303753,24922.434964482396,61.44303294958326,0.00906652459025819,504.34999999999854
2024-09-16,25406.65,25445.7,25336.2,25383.75,1,0.0010746751326089488,25217.74,25067.592500000002,25145.486876257022,24956.60644859481,61.94906953966706,0.00916778677982699,447.34999999999854
2024-09-17,25416.9,25441.65,25352.25,25418.55,0,0.0013709558280394774,25293.23,25103.5775,25187.496587602094,24990.824489439638,61.954037996996874,0.00920842470832509,377.4500000000007
2024-09-18,25402.4,25482.2,25285.55,25377.55,1,-0.0016129952337957665,25385.05,25133.945,25216.73557412485,25019.47082355522,57.65732129522775,0.008598339036844862,459.09999999999854
2024-09-19,25487.05,25611.95,25376.05,25415.8,1,0.0015072376963103373,25390.43,25164.159999999996,25247.360870413337,25048.82854032891,56.30166736724111,0.0015256324665507053,26.899999999997817
2024-09-20,25525.95,25849.25,25426.6,25790.95,1,0.014760503308965278,25477.32,25212.55,25330.98996727282,25103.800500304547,64.55462423639727,0.006467144784956054,434.4500000000007
2024-09-23,25872.55,25956.0,25847.35,25939.05,1,0.005742324342453475,25588.38,25258.972499999996,25424.537664615462,25165.670833615324,67.28641107672951,0.006380250682490568,555.2999999999993
2024-09-24,25921.45,26011.55,25886.85,25940.4,1,5.204508260714391e-05,25692.75,25305.105,25503.901100828465,25223.05817927345,70.2994143083913,0.006559148422464561,521.8500000000022
2024-09-25,25899.45,26032.8,25871.35,26004.15,1,0.0024575565527131804,25818.07,25352.695,25580.86246993178,25280.9168326606,73.38123622111551,0.005893173834394347,626.6000000000022
2024-09-26,26005.4,26250.9,25998.4,26216.05,0,0.0081486993422204,25978.120000000003,25405.9,25678.583628403816,25350.185956167225,88.8354214123007,0.005680826374131275,800.25
2024-09-27,26248.25,26277.35,26151.4,26178.95,0,-0.0014151636116043198,26055.72,25453.0525,25755.563070187844,25411.575885340022,86.3563215027651,0.003953092404976261,388.0
2024-09-30,26061.3,26134.7,25794.1,25810.85,0,-0.014060915353747983,26030.079999999998,25479.66,25764.068751697407,25441.151745685205,69.5145138800862,0.00817791882992262,-128.20000000000073
2024-10-01,25788.45,25907.6,25739.2,25796.9,0,-0.0005404703835788505,26001.38,25505.5125,25769.119712974727,25467.50346822704,73.56926296584479,0.008163803754935695,-143.5
2024-10-03,25452.85,25639.45,25230.3,25250.1,0,-0.0211963452973033,25850.57,25508.0825,25689.27052636323,25451.39950761763,46.422496004948634,0.01169128951470748,-754.0500000000029
2024-10-04,25181.9,25485.05,24966.8,25014.6,0,-0.009326695735858426,25610.28,25501.5575,25585.475060768887,25419.043988534842,42.02286514232381,0.008704736492186154,-1201.4500000000007
2024-10-07,25084.1,25143.0,24694.35,24795.75,1,-0.008748890647861551,25333.64,25498.7375,25463.978897573674,25372.874063458188,37.40683628887175,0.007588642463727571,-1383.2000000000007
2024-10-08,24832.2,25044.0,24756.8,25013.15,0,0.008767631549761568,25174.1,25502.575,25394.620605639262,25346.22783653536,41.94740187509937,0.011149252338655982,-797.6999999999971
2024-10-09,25065.8,25234.05,24947.7,24981.95,1,-0.0012473438971101203,25011.109999999997,25499.6175,25331.1328201563,25319.244293088297,42.111350402807716,0.01106355780218518,-814.9500000000007
2024-10-10,25067.05,25134.05,24979.4,24998.45,0,0.0006604768642959336,24960.780000000002,25503.6175,25279.950847824563,25295.481752859534,41.60481161869132,0.007463449276989566,-251.64999999999782
2024-10-11,24985.3,25028.65,24920.05,24964.25,1,-0.0013680848212589414,24950.71,25482.385000000002,25231.381486620783,25270.946067462533,30.726908192287965,0.0062555659327200915,-50.349999999998545
2024-10-14,25023.45,25159.75,25017.5,25127.95,0,0.006557377049180246,25017.15,25470.9575,25215.468950217582,25260.35376616901,31.2271443780957,0.004689952714297083,332.2000000000007
2024-10-15,25186.3,25212.05,25008.15,25057.35,0,-0.002809620362982379,25025.99,25454.6375,25191.142957876415,25245.31645015649,30.19667645937517,0.003678113751641766,44.19999999999709
2024-10-16,25008.55,25093.4,24908.45,24971.3,0,-0.0034341221238478603,25023.859999999997,25432.275,25157.320964356964,25225.018935330085,27.066634100850393,0.004029987526965623,-10.650000000001455
2024-10-17,25027.4,25029.5,24728.9,24749.85,1,-0.008868180671410819,24974.14,25400.89,25094.633123686664,25189.821236416745,17.582028831697244,0.005556773314923268,-248.60000000000218
2024-10-18,24664.95,24886.2,24567.65,24854.05,0,0.0042101265260194864,24952.1,25372.8025,25057.62033542718,25164.94929297847,21.550354305346843,0.006230596933558455,-110.20000000000073
2024-10-21,24956.15,24978.3,24679.6,24781.1,0,-0.0029351353199982277,24882.73,25322.31,25015.078745361458,25136.5160120171,24.67848624191612,0.004647037693738018,-346.8500000000022
2024-10-22,24798.65,24882.0,24445.8,24472.1,0,-0.01246918014131737,24765.68,25248.9625,24931.543553767387,25087.300011126943,21.55127984882327,0.006360845788138016,-585.25
2024-10-23,24378.15,24604.25,24378.1,24435.5,0,-0.0014955806816742134,24658.52,25173.7175,24855.229160880095,25039.01852882124,27.59872401275996,0.006514464367416014,-535.7999999999993
2024-10-24,24412.7,24480.65,24341.2,24399.4,0,-0.0014773587608192251,24588.43,25093.48,24785.101597667774,24991.639378538184,30.998270323696687,0.006043560277217084,-350.4499999999971
2024-10-25,24418.05,24440.25,24073.9,24180.8,1,-0.00895923670254195,24453.780000000002,24991.7175,24692.132121103503,24931.57720235017,31.00305829291655,0.004983121282144391,-673.25
2024-10-28,24251.1,24492.6,24134.9,24339.15,1,0.006548584000529489,24365.39,24899.7275,24637.82717939527,24887.69370587979,28.39050977877534,0.007404515225969536,-441.9499999999971
2024-10-29,24328.85,24484.5,24140.85,24466.85,0,0.00524669103070563,24364.340000000004,24832.5275,24611.52299794984,24856.52009803684,34.44746376811591,0.006226862042321594,-5.25
2024-10-30,24371.45,24498.2,24307.3,24340.85,0,-0.005149825171609779,24345.41,24759.725,24569.88099826525,24818.322312997072,31.376380628717058,0.0066428226809921945,-94.65000000000146
2024-10-31,24349.85,24372.45,24172.6,24205.35,1,-0.005566773551457738,24306.6,24707.4875,24513.799306224442,24772.91695647877,29.673773301907005,0.006995867746772488,-194.0500000000029
2024-11-01,24302.75,24368.25,24280.2,24304.35,0,0.004090004895611843,24331.309999999998,24671.975,24481.576336036065,24738.208293035896,27.14888186005213,0.005901408162970425,123.54999999999927
2024-11-04,24315.75,24316.75,23816.15,23995.35,1,-0.012713773460306443,24262.55,24631.955,24406.772284338207,24683.181752811015,23.97696642979662,0.007477955392375226,-343.8000000000029
2024-11-05,23916.5,24229.05,23842.75,24213.3,1,0.009083009833155131,24211.839999999997,24591.9625,24377.007317516945,24648.375697047235,32.55385748480943,0.008621720158360916,-253.54999999999927
2024-11-06,24308.75,24537.6,24204.05,24484.05,0,0.011181871120417242,24240.48,24567.067499999997,24393.475422514337,24636.203423191888,44.018094252149275,0.010118212964004334,143.20000000000073
2024-11-07,24489.6,24503.35,24179.05,24199.35,0,-0.011627978214388546,24239.28,24527.112499999996,24363.609972896746,24603.84391036286,36.3729081675131,0.011413953389184626,-6.0
2024-11-08,24207.7,24276.15,24066.65,24148.2,0,-0.0021136931363857636,24208.05,24486.309999999998,24330.469977066474,24570.09250959524,36.70601579566463,0.011193617655131903,-156.14999999999782
2024-11-11,24087.25,24336.8,24004.6,24141.3,0,-0.0002857355827764474,24237.239999999998,24436.9775,24301.36690367163,24538.330101477073,42.04157243901266,0.009212943528062616,145.95000000000073
2024-11-12,24225.8,24242.0,23839.15,23883.45,0,-0.010680866399075395,24171.269999999997,24378.282499999998,24237.07199541446,24489.820464330624,37.99656454523712,0.009250427804696218,-329.84999999999854
2024-11-13,23822.45,23873.6,23509.6,23559.05,0,-0.013582627300494754,23986.27,24307.67,24132.76091919685,24420.874504009837,33.76354889193729,0.006022650538016763,-925.0
2024-11-14,23542.15,23675.9,23484.15,23532.7,0,-0.0011184661520731165,23852.94,24246.8125,24040.44385470503,24355.08380000911,36.47311738186678,0.0061238850263951,-666.6499999999978
2024-11-18,23605.3,23606.8,23350.4,23453.8,1,-0.0033527814487925856,23714.06,24176.799999999996,23950.19095398118,24288.322037045473,30.887464110700876,0.005972955937247323,-694.4000000000015
2024-11-19,23529.55,23780.65,23464.8,23518.5,0,0.002758614808687776,23589.5,24113.67,23883.776961060998,24231.29818244951,28.955018529614136,0.006777147400554892,-622.7999999999993
2024-11-21,23488.45,23507.3,23263.15,23349.9,1,-0.007168824542381436,23482.79,24057.56,23801.64204397469,24166.00942819399,28.417728411194673,0.0062260512294075405,-533.5499999999993
2024-11-22,23411.8,23956.1,23359.0,23907.25,1,0.02386948123974819,23552.43,24031.1475,23817.889421824737,24146.842063142583,44.51538121872243,0.01220981238079691,348.2000000000007
2024-11-25,24253.55,24351.55,24135.45,24221.9,0,0.013161279528176584,23690.27,24022.2725,23880.04489539016,24152.401910317207,48.594562345521226,0.012667814438546124,689.2000000000007
2024-11-26,24343.3,24343.3,24125.4,24194.5,1,-0.0011312077087264338,23838.41,24022.9575,23928.422603791674,24155.52028733075,53.7552090207984,0.012297736547040151,740.7000000000007
2024-11-27,24204.8,24354.55,24145.65,24274.9,0,0.0033230692926078387,23989.69,24019.745,23981.726818592957,24164.363229009956,51.225090489638475,0.01225965627979833,756.4000000000015
2024-11-28,24274.15,24345.75,23873.35,23914.15,1,-0.014861029293632533,24102.54,23992.11,23971.330384963272,24145.82891574996,39.05763987558087,0.014641094411595687,564.25
2024-11-29,23927.15,24188.45,23927.15,24131.1,1,0.009072034757664271,24147.31,23981.622499999998,23995.910325738154,24144.73788495367,48.65456265893903,0.010844343290250878,223.84999999999854
2024-12-02,24140.85,24301.7,24008.65,24276.05,1,0.006006771344862161,24158.14,23985.1575,24039.008737163054,24154.464708290434,52.43046974507155,0.009359413139546899,54.14999999999782
2024-12-03,24367.5,24481.35,24280.0,24457.15,1,0.0074600274756395635,24210.670000000002,23992.7975,24103.33816221489,24176.88584100966,55.63142974307775,0.009768882534208375,262.65000000000146
2024-12-04,24488.75,24573.2,24366.3,24467.45,1,0.00042114473681520437,24249.18,24016.4025,24159.355368027984,24198.409112045985,61.42052565707133,0.009771694915372768,192.54999999999927
2024-12-05,24539.15,24857.75,24295.55,24708.4,0,0.009847777353177323,24408.03,24041.1575,24243.823772946755,24236.186214857393,73.23468170699661,0.0037390320225226367,794.25
2024-12-06,24729.45,24751.05,24620.5,24677.8,0,-0.0012384452251057443,24517.370000000003,24050.845,24310.58934633956,24268.89834709018,73.10905715208258,0.004722225575312995,546.7000000000007
2024-12-09,24633.9,24705.0,24580.05,24619.0,0,-0.002382708345152307,24585.96,24071.827500000003,24358.037139210395,24294.831802861278,73.70701932858594,0.005482088007516347,342.9500000000007
2024-12-10,24652.65,24677.8,24510.65,24610.05,1,-0.0003635403550104055,24616.54,24094.920000000002,24396.808348562645,24318.181298945627,72.72405537628808,0.0049142899839447396,152.89999999999782
2024-12-11,24620.5,24691.75,24583.85,24641.8,0,0.0012901233439184256,24651.409999999996,24119.945,24434.4993718607,24342.153054579285,78.52002295907093,0.004892664683981867,174.34999999999854
2024-12-12,24604.45,24675.25,24527.95,24548.7,1,-0.003778133090926783,24619.47,24153.2075,24452.068699266747,24357.452828314155,67.81162358037372,0.0019302031339226697,-159.70000000000073
2024-12-13,24498.35,24792.3,24180.8,24768.3,0,0.008945483874909899,24637.57,24213.670000000002,24500.719668610323,24387.885952142737,66.01782363977478,0.004975319373272114,90.5
2024-12-16,24753.4,24781.25,24601.75,24668.25,0,-0.004039437506813126,24647.420000000002,24270.447500000002,24526.493565747194,24408.653659391424,63.320680444257,0.005281226553350341,49.25
2024-12-17,24584.8,24624.1,24303.45,24336.0,0,-0.013468730047733413,24592.609999999997,24314.557500000003,24497.18686332455,24403.27190684391,51.50485197773505,0.008204580566363123,-274.0499999999993
2024-12-18,24297.95,24394.45,24149.85,24198.85,0,-0.005635683760683796,24504.02,24348.575,24451.288884351543,24388.12954337399,57.87987821754766,0.008049064123543156,-442.9500000000007
2024-12-19,23877.15,24004.9,23870.3,23951.7,0,-0.01021329525989867,24384.62,24378.665,24374.429055989767,24355.801429049992,45.11624108455388,0.008582422481224103,-597.0
2024-12-20,23960.7,24065.8,23537.35,23587.5,1,-0.015205601272561098,24148.46,24362.677499999998,24253.363047375955,24298.890212083326,33.25469977382721,0.004830587188502826,-1180.7999999999993
2024-12-23,23738.2,23869.55,23647.2,23753.45,0,0.00703550609432968,23965.5,24339.254999999997,24176.453347779654,24258.487233410488,32.759212073696574,0.008903939903674494,-914.7999999999993
2024-12-24,23769.1,23867.65,23685.15,23727.65,1,-0.0010861580107310864,23843.829999999998,24315.9125,24107.40667889048,24219.16595686156,32.011379662500616,0.008542631180511673,-608.3499999999985
2024-12-26,23775.8,23854.5,23653.6,23750.2,1,0.000950368030546711,23754.1,24289.6775,24052.451805215023,24184.42773783478,23.932205234234672,0.008923438043627994,-448.6499999999978
2024-12-27,23801.4,23938.85,23800.6,23813.4,0,0.0026610302229033156,23726.440000000002,24284.64,24015.674604412714,24156.944201698872,26.893878642074327,0.008418726137008885,-138.29999999999927
2024-12-30,23796.9,23915.35,23599.3,23644.9,0,-0.0070758480519371725,23737.920000000002,24260.33,23958.63235757999,24119.01500157303,25.403999596000418,0.0051839909390580365,57.400000000001455
2024-12-31,23560.6,23689.85,23460.45,23644.8,1,-4.229241823860974e-06,23716.19,24228.7675,23910.35045641384,24083.88796441947,25.518046009080052,0.0037108744216572645,-108.65000000000146
2025-01-01,23637.65,23822.8,23562.8,23742.9,1,0.004148903775883062,23719.24,24193.055,23884.588847734787,24058.629596684696,27.943269372331613,0.004335112056932157,15.25
2025-01-02,23783.0,24226.7,23751.55,24188.65,0,0.0187740335005413,23806.93,24179.114999999998,23931.36748654482,24068.260737671015,42.46867613529401,0.009465036598725324,438.4500000000007
2025-01-03,24196.4,24196.45,23976.0,24004.75,0,-0.007602739301283967,23845.2,24143.9325,23942.657103999463,24063.55623858427,33.78633767226556,0.01076994785358913,191.34999999999854
2025-01-06,24045.8,24089.95,23551.9,23616.05,1,-0.016192628542267662,23839.43,24090.844999999998,23892.409857230316,24030.407628318768,30.096848636174514,0.01312942222466861,-28.850000000002183
2025-01-07,23679.9,23795.2,23637.8,23707.9,0,0.003889304096154955,23852.05,24045.29,23864.02372534873,24006.51817436923,36.930375795913356,0.013256950833303126,63.10000000000218
2025-01-08,23746.65,23751.85,23496.15,23688.95,0,-0.0007993116218644181,23841.260000000002,23999.235,23837.08930606431,23982.994605897435,38.84098568739888,0.013109984429901436,-53.95000000000073
2025-01-09,23674.75,23689.5,23503.05,23526.5,0,-0.0068576277124988705,23708.829999999998,23943.47,23789.306335900572,23949.180190645773,40.336363636363664,0.0075969019915780546,-662.1500000000015
2025-01-10,23551.9,23596.6,23344.35,23431.5,0,-0.004037999702463213,23594.18,23887.61,23734.259207300485,23910.8335098572,45.960223741454335,0.007518576559596948,-573.25
2025-01-13,23195.4,23340.95,23047.25,23085.95,1,-0.014747241960608504,23488.16,23803.4925,23634.519329254257,23849.731027645554,34.18546247156944,0.0069794838455542315,-530.0999999999985
2025-01-14,23165.9,23264.95,23134.15,23176.05,1,0.0039028066854513987,23381.79,23728.8825,23563.985586292063,23799.82872930144,37.3177909596726,0.006983547900293291,-531.8500000000022
2025-01-15,23250.45,23293.65,23146.45,23213.2,1,0.0016029478707546563,23286.64,23672.7425,23510.01857301636,23756.374749353185,37.73580596537712,0.007374183143504096,-475.75
2025-01-16,23377.25,23391.65,23272.05,23311.8,0,0.004247583271586697,23243.7,23628.39,23479.523407936922,23723.443286438134,38.72656987458983,0.007957933701867889,-214.70000000000073
2025-01-17,23277.1,23292.1,23100.35,23203.2,1,-0.0046585849226571385,23198.04,23590.965000000004,23437.012114408164,23684.906746701978,39.798133776792326,0.008006134452445747,-228.29999999999927
2025-01-20,23290.4,23391.1,23170.65,23344.75,0,0.006100451661839701,23249.8,23578.827500000003,23422.817942960755,23659.70995064998,43.494850948509516,0.004174167834736199,258.7999999999993
2025-01-21,23421.65,23426.3,22976.85,23024.65,1,-0.013711862410177855,23219.52,23542.3875,23361.56133635141,23612.668472824054,35.79551072876495,0.008051437686435037,-151.39999999999782
2025-01-22,23099.15,23169.55,22981.3,23155.35,1,0.005676524941747196,23207.95,23513.7725,23329.83651537427,23578.793030392644,26.65597325140058,0.00860373982908353,-57.85000000000218
2025-01-23,23128.3,23270.8,23090.65,23205.35,0,0.0021593281898135697,23186.66,23486.53,23310.684743778227,23551.130583696893,30.777184629442516,0.00836490293352666,-106.45000000000073
2025-01-24,23183.9,23347.3,23050.0,23092.2,0,-0.004876030742910431,23164.46,23450.47,23277.071706273884,23517.135725645272,35.47886347886346,0.00838994242876402,-111.0
2025-01-27,22940.15,23007.45,22786.9,22829.15,1,-0.01139129229783209,23061.34,23409.682500000003,23208.160674539442,23466.173820041917,27.752601331679173,0.008372165000473034,-515.5999999999985
2025-01-28,22960.45,23137.95,22857.65,22957.25,1,0.005611247024089661,23047.86,23375.305,23169.559032302604,23428.47575929807,32.44565999712094,0.00742156000122428,-67.40000000000146
2025-01-29,23026.75,23183.35,22976.5,23163.1,1,0.008966666303673154,23049.409999999996,23346.315,23168.56533502528,23408.81829564636,41.459459459459374,0.008216491759619545,7.75
2025-01-30,23169.5,23322.05,23139.2,23249.5,1,0.003730070672751218,23058.24,23299.357500000002,23181.016821944468,23397.016940413298,45.705318797489234,0.008344234260559885,44.150000000001455
2025-01-31,23296.75,23546.8,23277.4,23508.4,0,0.011135723348889348,23141.48,23274.54,23231.383464722243,23405.267537419717,60.39365235576339,0.008865502832176308,416.2000000000007
2025-02-01,23528.6,23632.45,23318.3,23482.15,0,-0.0011166221435742196,23272.079999999998,23267.845,23269.962931688053,23410.962534647886,57.775350538508526,0.004758336191710145,653.0
2025-02-03,23319.35,23381.6,23222.0,23361.05,1,-0.0051571086974575575,23352.84,23250.5025,23283.97632681297,23407.265309859155,53.6019684751626,0.006791533060300424,403.7999999999993
2025-02-04,23509.9,23762.75,23423.15,23739.25,0,0.016189340804458663,23468.07,23253.017499999998,23354.018430380205,23431.85676838811,59.165076438174104,0.008732576020916052,576.1500000000015
2025-02-05,23801.75,23807.3,23680.45,23696.3,0,-0.0018092399717767327,23557.43,23261.5075,23406.677133398633,23451.445155914917,60.87896571504213,0.009262335334097507,446.7999999999993
2025-02-06,23761.95,23773.55,23556.25,23603.35,0,-0.003922553310010457,23576.420000000002,23270.1,23436.93449749115,23462.697366587883,55.83036479235241,0.008733502735902319,94.94999999999709
2025-02-07,23649.5,23694.5,23443.2,23559.95,0,-0.0018387220458111475,23591.980000000003,23293.8,23455.85995941559,23469.901265359153,63.789283874291606,0.00877972809509552,77.79999999999927
2025-02-10,23543.8,23568.6,23316.3,23381.6,0,-0.007570050021328711,23596.09,23304.0775,23444.43535027473,23463.360430888104,55.68853242149196,0.0092360854738926,20.549999999999272
2025-02-11,23383.55,23390.05,22986.65,23071.8,0,-0.013249734834228644,23462.6,23297.0075,23387.106834847847,23434.35595452602,47.03017634370346,0.004839937347527051,-667.4500000000007
2025-02-12,23050.8,23144.7,22798.35,23045.25,0,-0.0011507554677138154,23332.39,23283.68,23334.513475640488,23405.533291227795,48.91412447672131,0.004978503080973491,-651.0499999999993
2025-02-13,23055.75,23235.5,22992.2,23031.4,0,-0.0006009915275381195,23218.0,23275.09,23287.880633234257,23377.81971409981,55.28716701958017,0.005448746625777557,-571.9499999999971
2025-02-14,23096.45,23133.7,22774.85,22929.25,1,-0.004435249268390229,23091.859999999997,23254.315,23232.706689659753,23344.592327870196,49.25796364021837,0.005204439217007865,-630.7000000000007
2025-02-17,22809.9,22974.2,22725.45,22959.5,0,0.0013192755977626813,23007.440000000002,23251.057500000003,23190.67489125056,23316.066970250184,44.05061071825148,0.005766376408888461,-422.09999999999854
2025-02-18,22963.65,22992.5,22801.5,22945.3,0,-0.0006184803676038131,22982.14,23240.555,23152.924907981243,23288.602750231654,40.719384953322354,0.002089269653934229,-126.5
2025-02-19,22847.25,23049.95,22814.85,22932.9,0,-0.0005404156842576668,22959.670000000002,23226.932500000003,23119.074922137977,23262.254398362642,29.33424303361106,0.0021031451140360964,-112.34999999999854
2025-02-20,22821.1,22923.85,22812.75,22913.15,0,-0.0008612081332932675,22936.02,23217.98,23087.394164885984,23236.394813298743,29.471823363879082,0.0020947739468272766,-118.25
2025-02-21,22857.2,22921.0,22720.3,22795.9,0,-0.0051171488861200265,22909.350000000002,23216.317499999997,23042.54890874968,23203.765567869206,29.553923519409636,0.002375509154626714,-133.34999999999854
2025-02-24,22609.35,22668.05,22518.8,22553.35,0,-0.010640071240881177,22828.12,23196.122499999998,22967.287538172804,23155.58663691593,2.426989730423628,0.00440471120845569,-406.15000000000146
2025-02-25,22516.45,22625.3,22513.9,22547.55,0,-0.000257168003866326,22748.57,23165.345,22902.712532300066,23110.54688603327,2.5015505478602478,0.00446745728124806,-397.75
2025-02-27,22568.95,22613.3,22508.4,22545.05,0,-0.00011087679149179852,22671.0,23130.1225,22847.687527330825,23068.658227808584,2.7037897747586754,0.004541706283260006,-387.8500000000022
2025-02-28,22433.4,22450.35,22104.85,22124.7,0,-0.01864489100711675,22513.31,23060.9375,22736.458676972237,22998.735396119057,2.022396790907564,0.007831251013951933,-788.4500000000007
2025-03-03,22194.55,22261.55,22004.7,22119.3,0,-0.00024407110604895976,22377.989999999998,22992.795000000002,22641.511188207278,22933.592033443572,2.2868158451769034,0.008399613384761691,-676.6000000000022
2025-03-04,21974.45,22105.05,21964.6,22082.65,1,-0.0016569240437083188,22283.85,22928.875,22555.532543867695,22870.55929022553,2.881913018625255,0.008109205511775526,-470.6999999999971
2025-03-05,22073.05,22394.9,22067.8,22337.3,1,0.011531677583985545,22241.8,22858.777500000004,22521.95830634959,22831.058602060675,22.29700645666199,0.010802492462866214,-210.25
2025-03-06,22476.35,22556.45,22245.85,22544.7,1,0.009284918051868374,22241.73,22801.1975,22525.45702844965,22809.846853759886,33.46020526065381,0.011933268234909377,-0.3499999999985448
2025-03-07,22508.65,22633.8,22464.75,22552.5,0,0.0003459793210820461,22327.29,22748.655,22529.61748561124,22790.784123851747,36.319401575946806,0.006080959411953037,427.7999999999993
2025-03-10,22521.85,22676.75,22429.05,22460.3,1,-0.004088238554484036,22395.489999999998,22693.672499999997,22518.953257055666,22766.303818381246,32.65341580373892,0.00691427443443268,341.0
2025-03-11,22345.95,22522.1,22314.7,22497.9,0,0.0016740649056334878,22478.54,22649.4875,22515.714294431717,22746.422054056708,34.70218149490536,0.006490852607446047,415.25
2025-03-12,22536.35,22577.4,22329.55,22470.5,0,-0.0012178914476462799,22505.18,22619.4225,22508.758249134527,22725.98338338584,34.34982738780205,0.005003290281135293,133.20000000000073
2025-03-13,22541.5,22558.05,22377.35,22397.2,1,-0.003262054693932037,22475.68,22587.02,22491.59544157537,22701.629058690593,33.1482509716824,0.00240751537692126,-147.5
2025-03-17,22353.15,22577.0,22353.15,22508.75,1,0.004980533280945831,22466.93,22560.8875,22494.23460440993,22687.34172100981,40.58617185194895,0.003732083777457517,-43.75
2025-03-18,22662.25,22857.8,22599.2,22834.3,1,0.014463264286110888,22541.73,22556.14,22546.55235757763,22698.22751945353,58.73519261262945,0.0069561919776017925,374.0
2025-03-19,22874.95,22940.7,22807.95,22907.6,1,0.003210083076774728,22623.670000000002,22553.545000000002,22602.098148719535,22713.7365920866,60.743592038910265,0.006898591165562477,409.6999999999971
2025-03-20,23036.6,23216.7,22973.95,23190.65,1,0.012356161273987754,22767.7,22565.8125,22692.64458737807,22749.063511191296,66.5013802269707,0.007176787976415145,720.1500000000015
2025-03-21,23168.25,23402.7,23132.8,23350.4,1,0.006888552067320308,22958.34,22586.6875,22793.837727781443,22793.606954806757,86.1435480066053,0.0048302379433873,953.2000000000007
2025-03-24,23515.4,23708.75,23433.5,23658.35,1,0.013188210908592346,23188.26,22623.947500000002,22926.839615815068,22857.661995191444,88.51187348297178,0.004780657229014515,1149.5999999999985
2025-03-25,23751.5,23869.6,23601.4,23668.65,0,0.0004353642582852757,23355.13,22667.585,23040.964290305055,22917.73518073282,90.21706055380864,0.005572705225812196,834.3500000000022
2025-03-26,23700.95,23736.5,23451.7,23486.85,1,-0.0076810464475161044,23470.98,22714.260000000002,23109.562091796586,22959.89183401187,80.26804286579411,0.008751633590710734,579.25
2025-03-27,23433.95,23646.45,23412.2,23591.95,0,0.004474844434225966,23551.24,22766.480000000003,23183.775616135572,23006.710957418396,79.14451896585297,0.007757162759027563,401.2999999999993
2025-03-28,23600.4,23649.2,23450.2,23519.35,0,-0.003077320865803923,23585.03,22815.195,23235.402444422405,23044.684219831848,75.97034569824578,0.007934667391264062,168.9499999999971
2025-04-01,23341.1,23565.15,23136.4,23165.7,1,-0.015036555006834651,23486.5,22867.245,23224.678991434343,23053.648351696156,66.61406566489234,0.007542312092451353,-492.6499999999978
2025-04-02,23192.6,23350.0,23158.45,23332.35,0,0.007193825353863481,23419.239999999998,22927.8975,23241.243761982903,23074.29291823718,68.52727636048748,0.009033707966915461,-336.3000000000029
2025-04-03,23150.3,23306.5,23145.8,23250.1,0,-0.003525148559832214,23371.890000000003,22986.27,23242.60626013938,23087.315665034428,66.89786717530774,0.008658641985597732,-236.75
2025-04-04,23190.4,23214.7,22857.45,22904.45,0,-0.014866602724289302,23234.39,23014.6275,23190.582220117936,23073.770060217066,59.83366613031425,0.009339770036660904,-687.5
2025-04-07,21758.4,22254.0,21743.65,22161.6,1,-0.03243256223135693,22962.84,22995.4725,23032.277263176715,23006.201907608393,44.59343705711036,0.0147884951963619,-1357.75
2025-04-08,22446.75,22697.2,22270.85,22535.85,0,0.0168873186051548,22836.870000000003,22994.64,22955.903838072605,22971.361025563325,45.42135219305647,0.019230229270151392,-629.8500000000022
2025-04-09,22460.3,22468.7,22353.25,22399.15,1,-0.006065890569914023,22650.23,22991.5825,22870.24940144605,22928.975023669747,42.34849738905364,0.01793909160569973,-933.1999999999971
2025-04-11,22695.4,22923.9,22695.4,22828.55,1,0.0191703703042303,22565.92,23008.114999999998,22863.834108915886,22921.536133027545,44.78076623713566,0.021808585679124384,-421.5499999999993
2025-04-15,23368.35,23368.35,23207.0,23328.55,1,0.021902398531663314,22650.739999999998,23051.017499999998,22935.328861390364,22951.685308358836,49.71319060682826,0.023158771369827132,424.09999999999854
2025-04-16,23344.1,23452.2,23273.05,23437.2,1,0.004657383335012311,22905.86,23103.017499999998,23012.539805791846,22987.649359591513,46.93685333185593,0.011739566558077194,1275.6000000000022
2025-04-17,23401.85,23872.35,23298.55,23851.65,1,0.017683426347857356,23169.02,23170.1625,23141.63368182387,23051.649407029177,52.279521674140504,0.01183909320599467,1315.800000000003
2025-04-21,23949.15,24189.55,23903.65,24125.55,1,0.011483482274811108,23514.3,23234.725,23293.005423081733,23131.197599101088,57.777453057645964,0.006920429322359413,1726.3999999999978
2025-04-22,24185.4,24242.6,24072.0,24167.25,1,0.0017284580040661801,23782.04,23297.7075,23427.504588761465,23207.942221389898,57.1152942340515,0.008496307476146686,1338.7000000000007
2025-04-23,24357.6,24359.3,24119.95,24328.95,0,0.00669087297892812,23982.120000000003,23354.6225,23566.18849818278,23290.979834620277,59.79718282588707,0.006267291371605971,1000.4000000000015
2025-04-24,24277.9,24347.85,24216.15,24246.7,0,-0.003380745983694311,24144.02,23399.4375,23670.88257538543,23361.7739209447,64.00113977826135,0.008212118567545808,809.5
2025-04-25,24289.0,24365.45,23847.85,24039.35,1,-0.008551679197581596,24181.56,23418.4875,23727.56987147998,23411.964741615462,59.06154674322627,0.007929075556683532,187.6999999999971
2025-04-28,24070.25,24355.1,24054.05,24328.5,1,0.012028195437896683,24222.15,23451.48,23820.02066048306,23479.856242236536,63.12560856864656,0.008100804041338129,202.95000000000073
2025-04-29,24370.7,24457.65,24290.75,24335.95,0,0.00030622520911682827,24255.890000000003,23493.935,23899.394405024126,23543.27059466346,68.98641837763275,0.0081246222149253,168.70000000000073
2025-04-30,24342.05,24396.15,24198.75,24334.2,1,-7.191007542339811e-05,24256.94,23531.0475,23966.287573481954,23601.857958021723,85.86687357612179,0.0075715800804969854,5.25
2025-05-02,24311.9,24589.15,24238.5,24346.7,1,0.0005136803346730279,24276.94,23572.415,24024.812562177038,23657.031442612708,83.94983033052742,0.007324653834467227,100.0
2025-05-05,24419.5,24526.4,24400.65,24461.15,0,0.004700842413961626,24361.3,23637.1875,24091.941398765186,23716.595780196953,88.98362763262367,0.005149001810588158,421.8000000000029
2025-05-06,24500.75,24509.65,24331.8,24379.6,1,-0.00333385797478869,24371.52,23689.55,24136.196568185926,23765.707203886064,83.7647212486665,0.0028583523583952403,51.099999999998545
2025-05-07,24233.3,24449.6,24220.0,24414.4,0,0.0014274229273656402,24387.21,23747.765,24178.99709615732,23813.75852211673,79.64130701826208,0.0028906977544605732,78.45000000000073
2025-05-08,24431.5,24447.25,24150.2,24273.8,0,-0.005758896389016388,24375.129999999997,23816.2325,24193.582158286965,23847.835668626598,72.44580382056216,0.004107235294919772,-60.400000000001455
2025-05-09,23935.75,24164.25,23935.75,24008.0,1,-0.010950077861727414,24307.39,23908.552499999998,24165.031057012045,23859.699693172774,54.55844193708264,0.0061154746972913255,-338.7000000000007
2025-05-12,24420.1,24944.8,24378.85,24924.7,0,0.038183105631456105,24400.1,24027.995000000003,24281.903202087113,23938.588604789606,66.94730145265606,0.01966972194587099,463.5499999999993
2025-05-13,24864.05,24973.8,24547.5,24578.35,1,-0.013895854313191403,24439.85,24136.954999999998,24327.510401766016,23985.978337768152,57.720477764423,0.0211537846808064,198.75
2025-05-14,24613.8,24767.55,24535.55,24666.9,1,0.003602764221357635,24490.35,24228.8725,24379.724186109706,24036.416979414957,56.52602104856615,0.021166543108923467,252.5
2025-05-15,24694.45,25116.25,24494.45,25062.1,0,0.016021470067175025,24648.010000000002,24315.55,24484.705080554366,24112.393499458292,64.0479636138101,0.021350205274042397,788.2999999999993
2025-05-16,25064.65,25070.0,24953.05,25019.8,0,-0.0016878074862042292,24850.370000000003,24394.68,24567.027375853693,24179.608795794713,67.91005242679422,0.01979262887547183,1011.7999999999993
2025-05-19,25005.35,25062.95,24916.65,24945.45,0,-0.0029716464560067823,24854.519999999997,24449.370000000003,24625.246241106972,24236.33777388399,62.22966677899575,0.010888216525660195,20.75
2025-05-20,24996.2,25010.35,24669.7,24683.9,1,-0.010484878003804265,24875.629999999997,24477.2875,24634.269896321282,24269.490531374067,56.266095193502494,0.009839531895281141,105.55000000000291
2025-05-21,24744.25,24946.2,24685.35,24813.45,0,0.005248360267218644,24904.940000000002,24509.5975,24661.83606611801,24309.78382534636,58.250839287251424,0.009979234515123612,146.54999999999927
2025-05-22,24733.95,24737.5,24462.4,24609.7,1,-0.008211272515510792,24814.46,24523.635000000002,24653.815132869087,24331.999838283667,54.24810208366983,0.006144262911055415,-452.3999999999978
2025-05-23,24639.5,24909.05,24614.05,24853.15,1,0.009892440785543855,24781.129999999997,24553.957499999997,24684.48203550461,24370.60355396636,56.07846177701968,0.008704505740901142,-166.64999999999782
2025-05-26,24919.35,25079.2,24900.5,25001.15,0,0.005954979549875894,24792.27,24602.0475,24733.20018388852,24417.310698117002,59.44332183715951,0.00917978035958281,55.70000000000073
2025-05-27,24956.65,25062.9,24704.1,24826.2,0,-0.00699767810680707,24820.730000000003,24626.932500000003,24747.507847905672,24447.59879455278,56.000990935851455,0.008220842313845882,142.29999999999927
2025-05-28,24832.5,24864.25,24737.05,24752.45,1,-0.0029706519725128944,24808.53,24647.7575,24748.268178997107,24470.18036532665,57.1137697852419,0.008022649494851576,-61.0
2025-05-29,24825.1,24892.6,24677.3,24833.6,0,0.0032784633440325894,24853.31,24672.7275,24761.39615145909,24497.100338265416,62.98276512768901,0.006802400357107667,223.89999999999782
2025-05-30,24812.6,24863.95,24717.4,24750.7,0,-0.0033382191869080202,24832.82,24692.927499999998,24759.750589696152,24515.8854983939,46.29124392531332,0.005287438973682748,-102.45000000000073
2025-06-02,24669.7,24754.4,24526.15,24716.6,0,-0.0013777388114276645,24775.91,24705.7,24753.112037435203,24530.753239253612,53.39922795111997,0.0037270597636733585,-284.5500000000029
2025-06-03,24786.3,24845.1,24502.15,24542.5,1,-0.007043849073092523,24719.170000000002,24713.845,24720.710185522094,24531.62336967927,47.064791656835396,0.003741695313446565,-283.7000000000007
2025-06-04,24560.45,24644.25,24530.45,24620.2,1,0.0031659366405216716,24692.719999999998,24724.135000000002,24705.247080057157,24538.18460155488,37.73590142095917,0.004409604504572418,-132.25
2025-06-05,24691.2,24899.85,24613.1,24750.9,1,0.005308648995540288,24676.18,24747.99,24712.27060620221,24553.941297736,42.886243386243436,0.004967495705348595,-82.69999999999709
2025-06-06,24748.7,25029.5,24671.45,25003.05,1,0.010187508333030282,24726.65,24797.7425,24757.00589755572,24587.208609014815,51.392784601992425,0.006567545508570799,252.34999999999854
2025-06-09,25160.1,25160.1,25077.15,25103.2,1,0.004005511327618061,24803.97,24806.667500000003,24810.26652870099,24625.430193532236,60.997167436005036,0.006301385047320564,386.6000000000022
2025-06-10,25196.05,25199.3,25055.45,25104.25,1,4.182733675395234e-05,24916.32,24832.9625,24855.494755054686,24660.89832734466,58.178187749592205,0.00370447160267868,561.75
2025-06-11,25134.15,25222.4,25081.3,25141.4,0,0.0014798291126005836,25020.56,24856.6875,24899.480177353966,24696.491043837646,66.49910010550491,0.003930865210707801,521.2000000000007
2025-06-12,25164.45,25196.2,24825.9,24888.2,0,-0.010071038207896121,25048.019999999997,24847.9925,24897.744765453357,24710.69170725708,51.081089417352935,0.007366762714902615,137.29999999999927
2025-06-13,24473.0,24754.35,24473.0,24718.6,1,-0.0068144743292002374,24991.13,24832.9325,24870.184032306686,24711.277506719518,41.399567771588515,0.005922335615163544,-284.4500000000007
2025-06-16,24732.35,24967.1,24703.6,24946.5,0,0.009219777819132302,24959.79,24832.984999999997,24881.92495041335,24728.701395110664,53.54741684359516,0.007541698717411611,-156.70000000000073
2025-06-17,24977.85,24982.05,24813.7,24853.4,0,-0.0037319864510051426,24909.620000000003,24841.46,24877.536496503606,24737.93832880617,52.943234496632584,0.007571523534055446,-250.84999999999854
2025-06-18,24788.35,24947.55,24750.45,24812.05,0,-0.0016637562667483063,24843.75,24841.39,24867.461650887668,24743.428082227936,49.35677402023702,0.007338980569998642,-329.3500000000022
2025-06-19,24803.25,24863.1,24733.4,24793.25,1,-0.000757696361243787,24824.760000000002,24850.567499999997,24856.044473828028,24747.118594655494,51.32056733186429,0.006039486130875642,-94.95000000000073
2025-06-20,24787.65,25136.2,24783.65,25112.4,0,0.01287245520454161,24903.52,24863.530000000002,24895.483785546792,24774.176476532866,60.43721322715051,0.007368264502350419,393.8000000000029
2025-06-23,24939.75,25057.0,24824.85,24971.9,1,-0.005594845574297902,24908.6,24862.067499999997,24907.240126231904,24788.822663456358,61.527516778523484,0.007314703679387507,25.400000000001455
2025-06-24,25179.9,25317.7,24999.7,25044.35,1,0.0029012610173835274,24946.79,24872.975,24928.33395296546,24807.750614311444,61.418764302059415,0.007012959384398104,190.9499999999971
2025-06-25,25150.35,25266.8,25125.05,25244.75,1,0.008001804798287937,25033.329999999998,24897.59,24977.013344816925,24840.120939177265,62.81429201587996,0.007233786340031787,432.7000000000007
2025-06-26,25268.95,25565.3,25259.9,25549.0,1,0.012052010814129765,25184.48,24933.36,25065.01129176817,24892.630499238207,63.793234127485384,0.007614074081565956,755.75
2025-06-27,25576.65,25654.2,25523.55,25637.8,0,0.0034756741946846414,25289.56,24977.715,25153.13263149614,24947.828240035375,63.584387864003595,0.006600242017791167,525.3999999999978
2025-06-30,25661.65,25669.35,25473.3,25517.05,1,-0.00470984249818629,25398.59,25017.7375,25209.119918958273,24989.99281484757,59.88789882150039,0.006276952205214824,545.1499999999978
2025-07-01,25551.35,25593.4,25501.8,25541.8,0,0.0009699397069802274,25498.08,25067.7025,25260.30146988777,25030.86742115516,59.648192771084275,0.006445114512992545,497.4500000000007
2025-07-02,25588.3,25608.1,25378.75,25453.4,0,-0.003460993352073727,25539.809999999998,25109.3625,25290.008936058883,25062.16613069922,64.79426238090255,0.006681430752190192,208.65000000000146
2025-07-03,25505.1,25587.5,25384.35,25405.3,1,-0.0018897278948981633,25511.07,25142.082499999997,25307.746022819054,25087.58345435113,69.19550511544699,0.0033334563388229617,-143.70000000000073
2025-07-04,25428.85,25470.25,25331.65,25461.0,1,0.002192455904870272,25475.71,25164.98,25331.323557769967,25115.243939214008,65.91401175378905,0.0029138833224956234,-176.79999999999927
2025-07-07,25450.45,25489.8,25407.25,25461.3,1,1.1782726522913123e-05,25464.56,25182.885,25351.319933497667,25140.877721494453,69.94815252346254,0.0022555411465919536,-55.75
2025-07-08,25427.85,25548.05,25424.15,25522.5,0,0.002403647889149374,25460.7,25203.797499999997,25377.65532834418,25169.14603842079,73.01350782287588,0.0025506720053815675,-19.299999999999272
2025-07-09,25514.6,25548.7,25424.35,25476.1,0,-0.0018180037222059742,25465.239999999998,25220.5325,25392.800662445075,25191.883368908137,71.73089775005562,0.0020795839838250196,22.69999999999709
2025-07-10,25511.65,25524.05,25340.45,25355.25,0,-0.004743661706462121,25455.23,25243.885000000002,25387.023637453523,25203.984600840868,58.84473904650904,0.0029844823008938533,-50.04999999999927
2025-07-11,25255.5,25322.45,25129.0,25149.85,0,-0.008100886404196372,25393.0,25265.447500000002,25350.535385537598,25199.97463040821,56.18848895844191,0.004099118528383125,-311.15000000000146
2025-07-14,25149.5,25151.1,25001.95,25082.3,1,-0.00268590071113739,25317.2,25272.2375,25309.268403147198,25191.257991118713,51.32428377010855,0.003865034703070565,-379.0
2025-07-15,25089.5,25245.2,25088.45,25195.8,1,0.004525103359739768,25251.859999999997,25289.357500000002,25291.811725739935,25191.59443622103,48.181581782384164,0.004643134464968466,-326.7000000000007
2025-07-16,25196.6,25255.3,25121.05,25212.05,0,0.0006449487613013893,25199.05,25309.357500000002,25279.540691010712,25193.10966316762,34.07533437308,0.004867383920309825,-264.0499999999993
2025-07-17,25230.75,25238.35,25101.0,25111.45,0,-0.0039901555010400935,25150.29,25325.2675,25253.68058470137,25187.060799229275,25.398457583547625,0.004774772623105395,-243.79999999999927
2025-07-18,25108.55,25144.6,24918.65,24968.4,1,-0.005696604536974181,25114.0,25318.067499999997,25209.79126397808,25170.86370299007,24.879813195366594,0.004065209463063515,-181.4499999999971
2025-07-21,24999.0,25111.4,24882.3,25090.7,0,0.004898191313820632,25115.68,25324.0075,25191.469531058377,25164.92565091673,31.03984532616009,0.0048277410795463235,8.400000000001455
2025-07-22,25166.65,25182.0,25035.55,25060.9,1,-0.0011876910568456855,25088.7,25324.835,25171.38191089555,25157.22004714512,32.64809902740937,0.00413844523442433,-134.89999999999782
2025-07-23,25139.35,25233.5,25085.5,25219.9,0,0.006344544689137255,25090.27,25323.5925,25178.846232296233,25161.863006615855,42.535630888155325,0.005338577828509259,7.850000000002183
2025-07-24,25243.3,25246.25,25018.7,25062.1,0,-0.00625696374688256,25080.4,25299.2475,25160.885273481428,25154.47315427394,35.159970238095184,0.0058424343366750625,-49.35000000000218
2025-07-25,25010.35,25010.35,24806.35,24837.0,0,-0.00898168948332334,25054.120000000003,25259.2075,25111.0567698689,25130.956624327722,30.102626211116785,0.006710113967769337,-131.40000000000146
2025-07-28,24782.45,24889.2,24646.6,24680.9,1,-0.006284978056931179,24972.16,25217.4,25044.878805273685,25097.619096599745,24.706978421590435,0.0060706438225094006,-409.7999999999993
2025-07-29,24609.65,24847.15,24598.6,24821.1,1,0.005680505978306938,24924.2,25181.365,25010.451296770043,25077.136200555316,31.36557610241813,0.007310917849439711,-239.8000000000029
2025-07-30,24890.4,24902.3,24771.95,24855.05,0,0.0013677878901419138,24851.23,25151.447500000002,24986.543404959266,25060.685370884552,35.02933077936065,0.006155347343687638,-364.8500000000022
2025-07-31,24642.25,24956.5,24635.0,24768.35,0,-0.003488224726966971,24792.48,25119.6,24952.975188811684,25039.03089896718,37.70861524582765,0.005896386808138032,-293.75
2025-08-01,24734.9,24784.15,24535.05,24565.35,1,-0.008195943613522938,24738.149999999998,25074.8175,24893.340544379116,25003.943424969613,34.68160132752534,0.005681728181813623,-271.65000000000146
2025-08-04,24596.05,24736.25,24554.0,24722.75,0,0.006407399039704442,24746.519999999997,25037.890000000003,24867.095845243868,24983.114282379272,36.33790613718411,0.006202969005627552,41.849999999998545
2025-08-05,24720.25,24733.1,24590.3,24649.55,0,-0.00296083566755323,24712.21,24994.2425,24833.627253667888,24958.405817017847,34.27189352421428,0.005513494357958685,-171.54999999999927
2025-08-06,24641.35,24671.4,24539.2,24574.2,1,-0.003056850936426825,24656.04,24949.1475,24793.715368488214,24929.946126868377,34.7627556084971,0.005314929552137123,-280.84999999999854
2025-08-07,24464.2,24634.2,24344.15,24596.15,0,0.0008932132073475874,24621.6,24911.192499999997,24763.320696413102,24905.220487841092,38.66370253068184,0.005421692678713478,-172.1999999999971
2025-08-08,24544.25,24585.5,24337.5,24363.3,1,-0.009466928767307148,24581.190000000002,24871.864999999998,24701.77905081109,24865.078229482493,29.24560602602142,0.005835037203037761,-202.04999999999927
2025-08-11,24371.5,24600.85,24347.45,24585.05,0,0.009101804763722576,24553.65,24847.002500000002,24683.820735301688,24844.335397668972,37.76326278704962,0.00680711336857373,-137.70000000000073
2025-08-12,24563.35,24702.6,24465.65,24487.4,1,-0.003971926028216277,24521.22,24811.582499999997,24653.60216063989,24817.89573858238,30.54965480616039,0.00689079396412761,-162.14999999999782
2025-08-13,24586.2,24664.55,24535.25,24619.35,1,0.005388485506832019,24530.25,24781.947500000002,24648.33259746452,24803.18864683554,38.07985353902481,0.007370872757132476,45.14999999999782
2025-08-14,24607.25,24673.65,24596.9,24631.3,1,0.0004853905566151173,24537.28,24757.94,24645.712197854595,24790.456154477353,43.74391727493913,0.007366152316767692,35.14999999999782
2025-08-18,24938.2,25022.0,24852.85,24876.95,1,0.009973083028504526,24640.010000000002,24753.3675,24681.287244338502,24796.86310599755,55.65458163883359,0.005902272156252205,513.6500000000015
2025-08-19,24891.35,25012.65,24873.95,24980.65,1,0.004168517442853847,24719.13,24747.864999999998,24727.34305290181,24810.47694999773,54.7008043369377,0.005253746201919455,395.6000000000022
2025-08-20,24965.8,25088.7,24929.7,25050.55,1,0.002798165780313777,24831.76,24747.347499999996,24777.067198609227,24828.260138886784,55.64050778995961,0.0035301409112202965,563.1499999999978
2025-08-21,25142.0,25153.65,25054.9,25083.75,0,0.001325320202550495,24924.640000000003,24740.54,24824.24916805396,24847.18531378406,59.389699315272445,0.0037531538239154293,464.40000000000146
2025-08-22,25064.15,25084.85,24859.15,24870.1,1,-0.0085174664872677,24972.4,24730.94,24831.303142199507,24848.882697948204,59.01547199952666,0.00670762894948574,238.79999999999927
2025-08-25,24949.15,25021.55,24894.35,24967.75,0,0.003926401582623473,24990.56,24737.4775,24852.294966476507,24857.687683285374,57.51349362119725,0.005295923399351191,90.79999999999927
2025-08-26,24899.5,24919.65,24689.6,24712.05,0,-0.01024121116239951,24936.84,24739.035,24830.718817787812,24846.899706745717,51.723757515582776,0.006698821522898846,-268.6000000000022
2025-08-28,24695.8,24702.65,24481.6,24500.9,0,-0.008544414566982406,24826.909999999996,24723.025,24779.977461205075,24821.270098838628,48.11925899317496,0.006526047371363578,-549.6499999999978
2025-08-29,24466.7,24572.45,24404.7,24426.85,1,-0.0030223379549323415,24695.53,24701.614999999998,24725.650159481218,24792.05379522095,45.76919232307071,0.005822501089325022,-656.9000000000015
2025-09-01,24432.7,24635.6,24432.7,24625.05,0,0.008114022069976246,24646.52,24694.45,24710.17321186872,24779.6831437231,56.65640973476082,0.007892986902386788,-245.04999999999927
2025-09-02,24653.0,24756.1,24522.35,24579.6,1,-0.001845681531611132,24568.89,24695.1625,24690.08502542738,24764.862170113982,49.84775260496688,0.007210614919056929,-388.15000000000146
2025-09-03,24616.5,24737.05,24533.2,24715.05,1,0.005510667382707668,24569.489999999998,24694.7775,24693.92579074624,24761.17237973517,56.22794298689567,0.006740621002667642,3.0
2025-09-04,24980.75,24980.75,24708.2,24734.3,1,0.0007788776474253467,24616.170000000002,24699.015,24700.13720755451,24759.18183308812,53.35140966208928,0.004774075641325565,233.39999999999782
2025-09-05,24818.85,24832.35,24621.6,24741.0,1,0.0002708789009593371,24679.0,24707.355,24706.423791007663,24757.83503063715,53.20816517517694,0.004104142287893594,314.15000000000146
2025-09-08,24802.6,24885.5,24751.55,24773.15,1,0.0012994624307829383,24708.620000000003,24716.204999999998,24716.68936162187,24758.969472812176,46.53121240475877,0.0026883308831200897,148.10000000000218
2025-09-09,24864.1,24891.8,24814.0,24868.6,1,0.00385296177514749,24766.420000000002,24741.47,24740.06022906466,24767.090252603866,46.234752511845066,0.0022440608015965795,289.0
2025-09-10,24991.0,25035.7,24915.05,24973.1,1,0.004202086164882601,24818.03,24760.872499999998,24775.91250151625,24782.350233892466,47.45656957078584,0.0018180839454160224,258.0499999999993
2025-09-11,24945.5,25037.3,24940.15,25005.5,1,0.0012973959980939753,24872.27,24786.7775,24811.233655129134,24798.879846196727,47.42894693609333,0.001738290060043916,271.2000000000007
2025-09-12,25074.45,25139.45,25038.05,25114.0,0,0.004339045410009845,24946.870000000003,24811.51,24857.813092801574,24822.222079811785,58.608640406607385,0.001561751387488756,373.0
2025-09-15,25118.9,25138.45,25048.75,25069.2,1,-0.0017838655729871533,25006.079999999998,24833.405,24890.334155447486,24840.51674056647,53.71952337305227,0.0026380518196312368,296.0499999999993
2025-09-16,25073.6,25261.4,25070.45,25239.1,1,0.0067772405980246475,25080.18,24851.512499999997,24943.990439224795,24870.041426450432,70.62091631127974,0.003289535649359907,370.5
2025-09-17,25276.6,25346.5,25275.35,25330.25,1,0.0036114599965926253,25151.61,24868.9925,25003.414987036365,24904.130950417068,85.81113174143941,0.003244363203672043,357.15000000000146
2025-09-18,25441.05,25448.95,25329.75,25423.6,0,0.003685316962919849,25235.23,24887.645,25068.058835184616,24942.610139275064,92.33382883839457,0.003132835967731597,418.09999999999854
2025-09-19,25410.2,25431.4,25286.3,25327.05,0,-0.003797652574773047,25277.84,24899.81,25107.903629771597,24971.08716599543,82.63294905169212,0.004351293680155326,213.04999999999927
2025-09-22,25238.1,25331.7,25151.05,25202.35,0,-0.004923589600841827,25304.47,24916.422499999997,25122.433840575966,24988.217746292063,76.96237606615581,0.005135383464893772,133.14999999999782
2025-09-23,25209.0,25261.9,25084.65,25169.5,0,-0.0013034498766979485,25290.55,24926.51,25129.674788179665,25001.64606138154,71.59420289855083,0.004046565874007396,-69.59999999999854
2025-09-24,25108.75,25149.85,25027.45,25056.9,0,-0.004473668527384289,25235.879999999997,24943.7525,25118.478666921255,25005.738945723646,64.07995810055881,0.0035557618724995155,-273.34999999999854
2025-09-25,25034.5,25092.7,24878.3,24890.85,0,-0.0066269171365972435,25129.329999999998,24963.249999999996,25083.45887201029,24997.22865344782,55.741599294992106,0.0019388882334587729,-532.75
2025-09-26,24818.55,24868.6,24629.45,24654.7,0,-0.009487422084822228,24994.86,24974.642499999998,25017.49596862409,24971.856160599833,46.07508532423205,0.003003010291032047,-672.3499999999985
2025-09-29,24728.55,24791.3,24606.2,24634.9,0,-0.0008030923109995092,24881.370000000003,24975.135000000002,24958.635050374232,24946.896444999846,41.84748482522857,0.0036495320974332984,-567.4499999999971
2025-09-30,24691.95,24731.8,24587.7,24611.1,1,-0.000966109056663611,24769.690000000002,24976.71,24905.168119547427,24922.022634259116,36.61836463108087,0.0037266031019438685,-558.4000000000015
2025-10-01,24620.55,24867.95,24605.95,24836.3,1,0.009150342731531813,24725.57,24982.7725,24894.57302423244,24915.67280949918,44.525689141969686,0.007141088076422929,-220.60000000000218
2025-10-03,24759.55,24904.8,24747.55,24894.25,1,0.002333278306350106,24726.25,24990.769999999997,24894.52332819668,24914.085934721465,42.64976419038699,0.006722204920328362,3.400000000001455
2025-10-06,24916.55,25095.95,24881.65,25077.65,1,0.007367163099912588,24810.84,25007.6025,24922.696662320268,24926.201791408763,50.25865499403106,0.004654843764372591,422.9500000000007
2025-10-07,25085.3,25220.9,25076.3,25108.3,0,0.001222203834888802,24905.52,25024.36,24951.251021963304,24939.690547600705,45.62307589345472,0.004267922106868463,473.3999999999978
2025-10-08,25079.75,25192.5,25008.5,25046.15,1,-0.0024752770996043783,24992.53,25033.2375,24965.85086473818,24947.576432963615,40.305077805077836,0.004720512293158343,435.0500000000029
2025-10-09,25074.3,25199.25,25024.3,25181.8,1,0.005416002060196767,25061.63,25043.6725,24999.073808624613,24964.92632681816,41.98009950248756,0.003815577622568133,345.5
2025-10-10,25167.65,25330.75,25156.85,25285.35,0,0.004112096831838885,25139.85,25057.665,25043.11629960544,24988.661413720518,48.62330802244963,0.0038471637640394656,391.09999999999854
2025-10-13,25177.3,25267.3,25152.3,25227.35,0,-0.002293818357270161,25169.79,25063.3325,25071.45994581999,25006.342049741223,50.86337891974029,0.003604505242713714,149.6999999999971
2025-10-14,25277.55,25310.35,25060.55,25145.5,1,-0.0032444945664129587,25177.23,25067.1475,25082.850723386142,25016.65004605669,49.19828968466061,0.004113970576439056,37.20000000000073
2025-10-15,25181.95,25365.15,25159.35,25323.55,1,0.007080789803344478,25232.71,25071.370000000003,25119.881381326737,25039.383375978414,58.53416546647458,0.0046812610740556,277.3999999999978
2025-10-16,25394.9,25625.4,25376.85,25585.3,1,0.010336228530360092,25313.409999999996,25084.1225,25191.484245738007,25079.821644424457,70.94303205766167,0.005884975386638565,403.5
2025-10-17,25546.85,25781.5,25508.6,25709.85,1,0.00486802968892297,25398.309999999998,25098.434999999998,25271.232823316772,25126.490411504128,84.11743783748832,0.005923905761319905,424.5
2025-10-20,25824.6,25926.2,25788.5,25843.15,1,0.0051847832640019575,25521.47,25124.239999999998,25359.22008126804,25179.576306948267,86.39636111696844,0.005017675063408123,615.8000000000029
2025-10-21,25901.2,25934.35,25825.8,25868.6,1,0.0009847870712353934,25666.09,25157.5525,25437.586222611415,25230.615099026174,87.84231116461046,0.0034129034345849133,723.0999999999985
2025-10-23,26057.2,26104.2,25862.45,25891.4,0,0.000881377422821572,25779.659999999996,25193.6475,25507.403726825043,25279.562128727935,86.15584949626502,0.003876374075637024,567.8500000000022
2025-10-24,25935.1,25944.15,25718.2,25795.15,1,-0.003717450582046533,25821.63,25230.56,25551.672384236575,25317.753822896237,80.08214238012572,0.0036294886874993805,209.85000000000218
2025-10-27,25843.2,26005.95,25827.0,25966.05,0,0.006625276457008278,25872.870000000003,25284.32,25615.42278666172,25365.77576194096,79.91447235504086,0.004077588188463811,256.2000000000007
2025-10-28,25939.95,26041.7,25810.05,25936.2,1,-0.001149578006666374,25891.480000000003,25348.395,25664.7731271753,25408.029409204595,77.89232531500595,0.003812958670698179,93.04999999999927
2025-10-29,25982.0,26097.85,25960.3,26053.9,0,0.004538058774994136,25928.54,25419.344999999998,25724.63879991756,25455.871675189443,82.72659370636195,0.00418635373718383,185.3000000000029
2025-10-30,25984.4,26032.05,25845.25,25877.85,0,-0.006757145763206407,25925.83,25482.682500000003,25748.2097537764,25487.129328879113,72.02620170247775,0.005595663015380364,-13.55000000000291
2025-10-31,25863.8,25953.75,25711.2,25722.1,1,-0.006018660746545779,25911.22,25526.9725,25744.19286858003,25504.534563776957,63.3787716342472,0.006044983622141089,-73.05000000000291
2025-11-03,25696.85,25803.1,25645.5,25763.35,0,0.0016036793263380922,25870.68,25570.4275,25747.140119567717,25523.70607757126,66.58929124110182,0.00485421363777501,-202.70000000000073
2025-11-04,25744.75,25787.4,25578.4,25597.65,0,-0.00643161700632866,25802.97,25596.427499999998,25724.141639634225,25529.183405158576,63.30361608850448,0.005297931934229407,-338.5499999999993
2025-11-06,25593.35,25679.15,25491.55,25509.7,0,-0.0034358622764198987,25694.13,25616.4975,25691.150618152034,25527.74018996164,55.78375019418988,0.0035033170809024485,-544.2000000000007
2025-11-07,25433.8,25551.25,25318.45,25492.3,1,-0.0006820934781671673,25617.02,25638.805,25660.558215359415,25525.114990705224,46.59315700783941,0.003451252910442606,-385.5499999999993
2025-11-10,25503.5,25653.45,25503.5,25574.35,1,0.0032186189555276634,25587.469999999998,25658.432500000003,25647.295412996427,25528.762028430763,44.87673926194799,0.003873211173642141,-147.75
2025-11-11,25617.0,25715.8,25449.25,25694.95,1,0.004715662372650753,25573.79,25678.9125,25654.626887920054,25541.072248547003,44.342215774604846,0.0046061135502085924,-68.39999999999782
2025-11-12,25834.3,25934.55,25781.15,25875.8,1,0.007038348002233796,25629.42,25711.335,25688.65352054774,25565.86689680278,50.24571701590338,0.004208352872627235,278.1499999999978
2025-11-13,25906.1,26010.7,25808.4,25879.15,1,0.00012946459626372864,25703.309999999998,25748.017499999998,25717.960671232704,25589.07305259517,49.576315152353615,0.0032027352451422138,369.4500000000007
2025-11-14,25767.9,25940.2,25740.8,25910.05,1,0.001194011395273753,25786.86,25777.3425,25747.51287565844,25612.849122773307,54.16213866550743,0.0027597616181100322,417.75
2025-11-17,25948.2,26024.2,25906.35,26013.45,0,0.003990729465979559,25874.68,25798.75,25788.426279403295,25642.523261827137,51.80530164533826,0.0027784600877759284,439.1000000000022
2025-11-18,26021.8,26029.85,25876.5,25910.05,1,-0.0039748668477268545,25917.7,25808.760000000002,25807.13762103356,25662.340057247347,49.05687596927178,0.0041433419008154206,215.09999999999854
2025-11-19,25918.1,26074.65,25856.2,26052.65,1,0.005503655917298511,25953.07,25819.235,25844.908756259167,25691.251904858655,49.95571302037201,0.003677391264809248,176.85000000000218
2025-11-20,26132.1,26246.65,26063.2,26192.15,0,0.005354541668505908,26015.670000000002,25835.4125,25898.330486065446,25728.35546746172,61.43158507310693,0.0039681489970230304,313.0
2025-11-21,26109.55,26179.2,26052.2,26068.15,0,-0.004734242893385976,26047.29,25844.25,25924.4565651323,25753.525432834926,62.883949514129405,0.005137129974885382,158.10000000000218
2025-11-24,26122.8,26142.8,25912.15,25959.5,0,-0.004167921390662577,26036.5,25852.4675,25929.847862804254,25768.782808180487,56.953947601659195,0.005332222756693138,-53.95000000000073
2025-11-25,25998.5,26032.6,25857.5,25884.8,1,-0.0028775592750245327,26031.45,25848.405,25922.91742237283,25777.37667424119,60.88225262439821,0.005168570275847378,-25.25
2025-11-26,25842.95,26215.15,25842.95,26205.3,1,0.01238178390406719,26061.98,25861.86,25966.36089585393,25809.07469837147,72.41123783748935,0.007465729024866389,152.64999999999782
2025-11-27,26261.25,26310.45,26141.9,26215.55,0,0.00039114224985015156,26066.66,25869.9425,26004.697681107173,25839.183979973583,73.40993688299066,0.007094526878188338,23.399999999997817
2025-11-28,26237.45,26280.75,26172.4,26202.95,0,-0.0004806307706685109,26093.62,25886.197500000002,26035.198037859915,25866.12961108665,71.30414153053614,0.006592394747136306,134.79999999999927
2025-12-01,26325.8,26325.8,26124.2,26175.75,0,-0.0010380510591364578,26136.87,25908.88,26056.821416650695,25889.06445470986,67.3963383747014,0.006103619781422233,216.25
2025-12-02,26087.95,26154.6,25997.85,26032.2,0,-0.005484083550614582,26166.35,25922.3225,26053.033506396743,25899.667087694314,55.815856016659254,0.00667432285264649,147.40000000000146
2025-12-03,26004.9,26066.45,25891.0,25986.0,1,-0.001774725148085854,26122.49,25941.739999999998,26042.720659258783,25906.062118235473,53.85058921042193,0.00227047365377192,-219.29999999999927
2025-12-04,25981.85,26098.25,25938.95,26033.75,1,0.0018375278996383138,26086.129999999997,25967.942499999997,26041.340557834355,25915.520479847663,54.404329559211,0.0026588188263017946,-181.79999999999927
2025-12-05,25999.8,26202.6,25985.35,26186.45,0,0.00586546310078262,26082.83,26002.65,26063.6650873983,25935.58933319228,55.95074298293888,0.004242994281492841,-16.5
2025-12-08,26159.8,26178.7,25892.25,25960.55,0,-0.008626598870790092,26039.79,26021.96,26047.801227798565,25937.438271474333,51.60205570712518,0.0057452764904205545,-215.20000000000073
2025-12-09,25867.1,25923.65,25728.0,25839.65,0,-0.004657066202372384,26001.28,26029.195,26015.777961983404,25930.19469580957,43.14848172928462,0.005617292712487962,-192.54999999999927
2025-12-10,25864.05,25947.65,25734.55,25758.0,1,-0.00315987252149319,25955.68,26023.305,25976.119813985955,25917.43953315701,35.49497176840063,0.005669920706197593,-228.0
2025-12-11,25771.4,25922.8,25693.25,25898.55,1,0.005456557186116928,25928.64,26024.275,25964.185996449654,25916.040308478714,44.39561165818512,0.006423063012460575,-135.20000000000073
2025-12-12,25971.2,26057.6,25938.45,26046.95,0,0.0057300505240640565,25900.739999999998,26031.120000000003,25976.918920072785,25925.737322665478,52.815790321022654,0.006386933947805341,-139.5
2025-12-15,25930.05,26047.15,25904.75,26027.3,0,-0.000754406945918884,25914.09,26031.8125,25984.669855446202,25933.260483949518,54.75697689945252,0.004834298450424729,66.75
2025-12-16,25951.5,25980.75,25834.35,25860.1,0,-0.006424024005563411,25918.18,26029.315000000002,25965.505262300634,25927.841188842147,37.162513945704724,0.005345221696387046,20.44999999999709
2025-12-17,25902.4,25929.15,25770.35,25818.55,0,-0.0016067223251263751,25930.29,26017.61,25942.896760408228,25919.74554522421,35.572030818432935,0.0051447271440900125,60.54999999999927
2025-12-18,25764.7,25902.35,25726.3,25815.55,1,-0.00011619552608488348,25913.69,25998.78,25923.304951114653,25912.027356689083,35.821987995901026,0.004337462528609365,-83.0
2025-12-19,25911.5,25993.35,25880.45,25966.4,1,0.005843377344275202,25897.579999999998,25993.6925,25929.934958635473,25916.0549598973,42.974124911903964,0.004379129285426806,-80.54999999999927
2025-12-22,26055.85,26180.7,26047.8,26172.4,1,0.007933329225460639,25926.6,26004.3375,25967.237272691553,25935.04348138639,54.51587966243639,0.005801014215136599,145.10000000000218
2025-12-23,26205.2,26233.55,26119.05,26177.15,0,0.00018148889670044355,25990.010000000002,26018.955,25999.531538431314,25952.97729757999,56.325909256378885,0.004176432807216384,317.0500000000029
2025-12-24,26170.65,26236.4,26123.0,26142.1,0,-0.0013389540114184806,26054.72,26015.795,26021.465147903422,25966.98638664814,53.61612655608577,0.00411268699731488,323.5499999999993
2025-12-26,26121.25,26144.2,26008.6,26042.3,0,-0.003817596903079701,26100.07,26007.1325,26024.670509764434,25972.56517282235,45.01297353399063,0.004949463713426992,226.75
2025-12-29,26063.35,26106.8,25920.3,25942.1,0,-0.0038475864266981352,26095.21,25994.09,26011.967354416058,25970.30849335403,49.30089803342046,0.0048472476302152245,-24.30000000000291
2025-12-30,25940.9,25976.75,25878.0,25938.85,1,-0.0001252789866664772,26048.5,25982.245,26000.71853065974,25967.978234587063,54.12679923454515,0.0019497639120839955,-233.5500000000029
